scope,run_id,model,model_label,method,tier,task,context,repetition,question_count,status,report_state,result_updated_at,attempt_count,sources,failure_categories,score_name,score_available,f1,calls,cost_chf,cost_usd,input_tokens,output_tokens,total_tokens,latency_seconds,tool_time_seconds,peak_combined_memory_mib,peak_docker_memory_mib,peak_host_process_tree_rss_mib,process_wall_time_seconds,arm_final
codeact_x1000,x1000-openrouter-full-deepseek-v4-flash-tier1-task1-codeact-x1000-r01,deepseek-v4-flash,DeepSeek V4 Flash,codeact,1,tier1/task1,1000,1,10,succeeded,final,2026-09-20T23:16:59.051386+00:00,1,jed4c-deepseek-codeact-x1000-s01,{},macro_f1,True,1.0,31,0.07515798316479999,0.09394747895599999,3047650,24688,3072338,206.06125849857926,0.02157542109489441,756.6640625,0.0,756.6640625,213.7618158273399,True
codeact_x1000,x1000-openrouter-full-deepseek-v4-flash-tier1-task1-codeact-x1000-r02,deepseek-v4-flash,DeepSeek V4 Flash,codeact,1,tier1/task1,1000,1,10,succeeded,final,2026-09-20T23:16:20.620402+00:00,1,jed4c-deepseek-codeact-x1000-s02,{},macro_f1,True,1.0,29,0.0327210354144,0.040901294268,2833027,3756,2836783,86.70714692678303,0.028781396336853504,746.33984375,0.0,746.33984375,94.19090860057622,True
codeact_x1000,x1000-openrouter-full-deepseek-v4-flash-tier1-task1-codeact-x1000-r03,deepseek-v4-flash,DeepSeek V4 Flash,codeact,1,tier1/task1,1000,1,10,succeeded,final,2026-09-20T23:16:24.434392+00:00,1,jed4c-deepseek-codeact-x1000-s03,{},macro_f1,True,1.0,36,0.13613275608640005,0.17016594510800004,3503764,5650,3509414,175.497868321836,0.02646748349070549,752.33984375,0.0,752.33984375,182.48623711429536,True
codeact_x1000,x1000-openrouter-full-deepseek-v4-flash-tier1-task1-codeact-x1000-r04,deepseek-v4-flash,DeepSeek V4 Flash,codeact,1,tier1/task1,1000,1,10,succeeded,final,2026-09-20T23:16:47.372431+00:00,1,jed4c-deepseek-codeact-x1000-s04,{},macro_f1,True,1.0,23,0.0240300496896,0.030037562112,2241135,3455,2244590,87.18757354468107,0.033053236082196236,770.90625,0.0,770.90625,94.95019364729524,True
codeact_x1000,x1000-openrouter-full-deepseek-v4-flash-tier1-task1-codeact-x1000-r05,deepseek-v4-flash,DeepSeek V4 Flash,codeact,1,tier1/task1,1000,1,10,succeeded,final,2026-09-20T23:16:52.422788+00:00,1,jed4c-deepseek-codeact-x1000-s05,{},macro_f1,True,1.0,23,0.0214726115648,0.026840764455999998,2245642,4003,2249645,81.76136132702231,0.02848646230995655,755.328125,0.0,755.328125,126.66998443752527,True
codeact_x1000,x1000-openrouter-full-deepseek-v4-flash-tier2-task2-codeact-x1000-r01,deepseek-v4-flash,DeepSeek V4 Flash,codeact,2,tier2/task2,1000,1,6,succeeded,final,2026-09-20T23:21:10.111622+00:00,1,jed4c-deepseek-codeact-x1000-s11,{},macro_f1,True,0.8333333333333334,30,0.045406180377600004,0.056757725472000004,2942743,40770,2983513,375.6727044656873,2.1472417544573545,759.10546875,0.0,759.10546875,384.73103708960116,True
codeact_x1000,x1000-openrouter-full-deepseek-v4-flash-tier2-task2-codeact-x1000-r02,deepseek-v4-flash,DeepSeek V4 Flash,codeact,2,tier2/task2,1000,1,6,succeeded,final,2026-09-20T23:19:00.027749+00:00,1,jed4c-deepseek-codeact-x1000-s12,{},macro_f1,True,0.8333333333333334,21,0.063499326896,0.07937415862,2252633,38198,2290831,325.8313519861549,1.62788650020957,758.28125,0.0,758.28125,335.79392696172,True
codeact_x1000,x1000-openrouter-full-deepseek-v4-flash-tier2-task2-codeact-x1000-r03,deepseek-v4-flash,DeepSeek V4 Flash,codeact,2,tier2/task2,1000,1,6,succeeded,final,2026-09-20T23:40:46.016110+00:00,1,jed4c-deepseek-codeact-x1000-s13,{},macro_f1,True,0.7619047619047619,29,0.0682560189344,0.085320023668,3125136,125036,3250172,1461.0007247440517,1.7973751965910196,757.578125,0.0,757.578125,1470.4158737584949,True
codeact_x1000,x1000-openrouter-full-deepseek-v4-flash-tier2-task2-codeact-x1000-r04,deepseek-v4-flash,DeepSeek V4 Flash,codeact,2,tier2/task2,1000,1,6,failed,final,2026-09-20T23:30:31.036417+00:00,1,jed4c-deepseek-codeact-x1000-s14,"{""unknown"": 1}",macro_f1,False,,,,,,,,,,,,,,True
codeact_x1000,x1000-openrouter-full-deepseek-v4-flash-tier2-task2-codeact-x1000-r05,deepseek-v4-flash,DeepSeek V4 Flash,codeact,2,tier2/task2,1000,1,6,succeeded,final,2026-09-20T23:19:32.078121+00:00,1,jed4c-deepseek-codeact-x1000-s15,{},macro_f1,True,1.0,16,0.0402507838912,0.050313479864,1502032,6824,1508856,357.3568949587643,1.828592287376523,751.296875,0.0,751.296875,365.48559013660997,True
codeact_x1000,x1000-openrouter-full-deepseek-v4-flash-tier2-task3-codeact-x1000-r01,deepseek-v4-flash,DeepSeek V4 Flash,codeact,2,tier2/task3,1000,1,5,succeeded,final,2026-09-20T23:17:12.237589+00:00,1,jed4c-deepseek-codeact-x1000-s16,{},macro_f1,True,0.9454545454545455,18,0.0324228276,0.040528534500000005,1770011,8860,1778871,110.27726373076439,1.452471187338233,771.9140625,0.0,771.9140625,118.98658085986972,True
codeact_x1000,x1000-openrouter-full-deepseek-v4-flash-tier2-task3-codeact-x1000-r02,deepseek-v4-flash,DeepSeek V4 Flash,codeact,2,tier2/task3,1000,1,5,succeeded,final,2026-09-20T23:22:04.275851+00:00,1,jed4c-deepseek-codeact-x1000-s17,{},macro_f1,True,1.0,23,0.0351564077856,0.043945509732,2266165,17756,2283921,401.37349756248295,2.929196121171117,758.015625,0.0,758.015625,410.24847271852195,True
codeact_x1000,x1000-openrouter-full-deepseek-v4-flash-tier2-task3-codeact-x1000-r03,deepseek-v4-flash,DeepSeek V4 Flash,codeact,2,tier2/task3,1000,1,5,succeeded,final,2026-09-20T23:14:44.168774+00:00,1,jed4c-deepseek-codeact-x1000-s18,{},macro_f1,True,1.0,12,0.0527356579808,0.065919572476,1175810,5265,1181075,71.58544658729807,1.4377444260753691,762.640625,0.0,762.640625,80.05142736807466,True
codeact_x1000,x1000-openrouter-full-deepseek-v4-flash-tier2-task3-codeact-x1000-r04,deepseek-v4-flash,DeepSeek V4 Flash,codeact,2,tier2/task3,1000,1,5,failed,final,2026-09-20T23:30:04.383988+00:00,1,jed4c-deepseek-codeact-x1000-s19,"{""unknown"": 1}",macro_f1,False,,,,,,,,,,,,,,True
codeact_x1000,x1000-openrouter-full-deepseek-v4-flash-tier2-task3-codeact-x1000-r05,deepseek-v4-flash,DeepSeek V4 Flash,codeact,2,tier2/task3,1000,1,5,succeeded,final,2026-09-20T23:16:32.375660+00:00,1,jed4c-deepseek-codeact-x1000-s20,{},macro_f1,True,1.0,18,0.047056914768,0.05882114346,1768205,14426,1782631,178.8539777258411,1.7429390312172472,761.6796875,0.0,761.6796875,188.24753040634096,True
codeact_x1000,x1000-openrouter-full-deepseek-v4-flash-tier2-task4-codeact-x1000-r01,deepseek-v4-flash,DeepSeek V4 Flash,codeact,2,tier2/task4,1000,1,5,succeeded,final,2026-09-20T23:18:24.935252+00:00,1,jed4c-deepseek-codeact-x1000-s16,{},macro_f1,True,1.0,17,0.005120314758400001,0.006400393448000001,1690431,4898,1695329,65.25218356773257,2.0072413254529238,741.859375,0.0,741.859375,71.07095207087696,True
codeact_x1000,x1000-openrouter-full-deepseek-v4-flash-tier2-task4-codeact-x1000-r02,deepseek-v4-flash,DeepSeek V4 Flash,codeact,2,tier2/task4,1000,1,5,succeeded,final,2026-09-20T23:25:24.353882+00:00,1,jed4c-deepseek-codeact-x1000-s17,{},macro_f1,True,1.0,15,0.043712151686400004,0.054640189608,1596429,34845,1631274,187.30053960718215,1.7802505567669868,732.3125,0.0,732.3125,196.41788135282695,True
codeact_x1000,x1000-openrouter-full-deepseek-v4-flash-tier2-task4-codeact-x1000-r03,deepseek-v4-flash,DeepSeek V4 Flash,codeact,2,tier2/task4,1000,1,5,succeeded,final,2026-09-20T23:16:59.093471+00:00,1,jed4c-deepseek-codeact-x1000-s18,{},macro_f1,True,0.8,20,0.048071808768000004,0.06008976096,1986539,6795,1993334,128.54386158986017,1.1273432285524905,734.46875,0.0,734.46875,133.59918751614168,True
codeact_x1000,x1000-openrouter-full-deepseek-v4-flash-tier2-task4-codeact-x1000-r04,deepseek-v4-flash,DeepSeek V4 Flash,codeact,2,tier2/task4,1000,1,5,failed,final,2026-09-20T23:48:37.597544+00:00,1,jed4c-deepseek-codeact-x1000-s19,"{""unknown"": 1}",macro_f1,False,,,,,,,,,,,,,,True
codeact_x1000,x1000-openrouter-full-deepseek-v4-flash-tier2-task4-codeact-x1000-r05,deepseek-v4-flash,DeepSeek V4 Flash,codeact,2,tier2/task4,1000,1,5,succeeded,final,2026-09-20T23:17:50.195079+00:00,1,jed4c-deepseek-codeact-x1000-s20,{},macro_f1,True,1.0,14,0.012586487123200003,0.015733108904000002,1387277,8622,1395899,71.48911710036919,2.3752287258394063,744.92578125,0.0,744.92578125,76.41250402713194,True
codeact_x1000,x1000-openrouter-full-deepseek-v4-flash-tier2-task5-codeact-x1000-r01,deepseek-v4-flash,DeepSeek V4 Flash,codeact,2,tier2/task5,1000,1,4,failed,final,2026-09-20T23:41:46.381783+00:00,1,jed4c-deepseek-codeact-x1000-s01,"{""unknown"": 1}",macro_f1,False,,,,,,,,,,,,,,True
codeact_x1000,x1000-openrouter-full-deepseek-v4-flash-tier2-task5-codeact-x1000-r02,deepseek-v4-flash,DeepSeek V4 Flash,codeact,2,tier2/task5,1000,1,4,succeeded,final,2026-09-20T23:33:45.208254+00:00,1,jed4c-deepseek-codeact-x1000-s02,{},macro_f1,True,0.5,27,0.0752848826304,0.09410610328799998,2761238,57010,2818248,1037.1827974244952,0.9133706213906407,742.26953125,0.0,742.26953125,1042.5039762957022,True
codeact_x1000,x1000-openrouter-full-deepseek-v4-flash-tier2-task5-codeact-x1000-r03,deepseek-v4-flash,DeepSeek V4 Flash,codeact,2,tier2/task5,1000,1,4,succeeded,final,2026-09-20T23:40:17.967064+00:00,1,jed4c-deepseek-codeact-x1000-s03,{},macro_f1,True,0.7604166666666666,17,0.016692822800000003,0.0208660285,1697115,7057,1704172,131.89601442590356,1.5388521701097488,746.5625,0.0,746.5625,137.1912924963981,True
codeact_x1000,x1000-openrouter-full-deepseek-v4-flash-tier2-task5-codeact-x1000-r04,deepseek-v4-flash,DeepSeek V4 Flash,codeact,2,tier2/task5,1000,1,4,failed,final,2026-09-21T00:13:47.131925+00:00,1,jed4c-deepseek-codeact-x1000-s04,"{""unknown"": 1}",macro_f1,False,,,,,,,,,,,,,,True
codeact_x1000,x1000-openrouter-full-deepseek-v4-flash-tier2-task5-codeact-x1000-r05,deepseek-v4-flash,DeepSeek V4 Flash,codeact,2,tier2/task5,1000,1,4,failed,final,2026-09-21T00:15:52.292546+00:00,1,jed4c-deepseek-codeact-x1000-s05,"{""unknown"": 1}",macro_f1,False,,,,,,,,,,,,,,True
codeact_x1000,x1000-openrouter-full-deepseek-v4-flash-tier3-task10-codeact-x1000-r01,deepseek-v4-flash,DeepSeek V4 Flash,codeact,3,tier3/task10,1000,1,5,failed,final,2026-09-21T00:06:43.755341+00:00,1,jed4c-deepseek-codeact-x1000-s11,"{""unknown"": 1}",macro_f1,False,,,,,,,,,,,,,,True
codeact_x1000,x1000-openrouter-full-deepseek-v4-flash-tier3-task10-codeact-x1000-r02,deepseek-v4-flash,DeepSeek V4 Flash,codeact,3,tier3/task10,1000,1,5,failed,final,2026-09-20T23:34:20.441767+00:00,1,jed4c-deepseek-codeact-x1000-s12,"{""unknown"": 1}",macro_f1,False,,,,,,,,,,,,,,True
codeact_x1000,x1000-openrouter-full-deepseek-v4-flash-tier3-task10-codeact-x1000-r03,deepseek-v4-flash,DeepSeek V4 Flash,codeact,3,tier3/task10,1000,1,5,succeeded,final,2026-09-21T00:14:24.471421+00:00,1,jed4c-deepseek-codeact-x1000-s13,{},macro_f1,True,0.5,43,0.11610041176000002,0.1451255147,5035132,181291,5216423,2011.2865854464471,3.987400135025382,754.31640625,0.0,754.31640625,2016.618032913655,True
codeact_x1000,x1000-openrouter-full-deepseek-v4-flash-tier3-task10-codeact-x1000-r04,deepseek-v4-flash,DeepSeek V4 Flash,codeact,3,tier3/task10,1000,1,5,failed,final,2026-09-20T23:56:22.474993+00:00,1,jed4c-deepseek-codeact-x1000-s14,"{""unknown"": 1}",macro_f1,False,,,,,,,,,,,,,,True
codeact_x1000,x1000-openrouter-full-deepseek-v4-flash-tier3-task10-codeact-x1000-r05,deepseek-v4-flash,DeepSeek V4 Flash,codeact,3,tier3/task10,1000,1,5,failed,final,2026-09-20T23:57:29.915540+00:00,1,jed4c-deepseek-codeact-x1000-s15,"{""unknown"": 1}",macro_f1,False,,,,,,,,,,,,,,True
codeact_x1000,x1000-openrouter-full-deepseek-v4-flash-tier3-task10b-codeact-x1000-r01,deepseek-v4-flash,DeepSeek V4 Flash,codeact,3,tier3/task10b,1000,1,5,succeeded,final,2026-09-20T23:26:29.919123+00:00,1,jed4c-deepseek-codeact-x1000-s01,{},macro_f1,True,0.4800000000000001,44,0.18060323880960003,0.225754048512,4380466,69241,4449707,563.6083470452577,3.1627176385372877,763.69921875,0.0,763.69921875,568.9935656469315,True
codeact_x1000,x1000-openrouter-full-deepseek-v4-flash-tier3-task10b-codeact-x1000-r02,deepseek-v4-flash,DeepSeek V4 Flash,codeact,3,tier3/task10b,1000,1,5,failed,final,2026-09-21T00:42:41.577299+00:00,2,jed4c-deepseek-codeact-x1000-s02,"{""interrupted"": 1, ""unknown"": 1}",macro_f1,False,,,,,,,,,,,,,,True
codeact_x1000,x1000-openrouter-full-deepseek-v4-flash-tier3-task10b-codeact-x1000-r03,deepseek-v4-flash,DeepSeek V4 Flash,codeact,3,tier3/task10b,1000,1,5,failed,final,2026-09-20T23:37:58.790040+00:00,1,jed4c-deepseek-codeact-x1000-s03,"{""unknown"": 1}",macro_f1,False,,,,,,,,,,,,,,True
codeact_x1000,x1000-openrouter-full-deepseek-v4-flash-tier3-task10b-codeact-x1000-r04,deepseek-v4-flash,DeepSeek V4 Flash,codeact,3,tier3/task10b,1000,1,5,succeeded,final,2026-09-20T23:56:53.513186+00:00,1,jed4c-deepseek-codeact-x1000-s04,{},macro_f1,True,0.6407148407148406,41,0.11741965405120001,0.146774567564,5059669,254115,5313784,2342.2048961296678,7.062596818432212,817.5,0.0,817.5,2348.532709063962,True
codeact_x1000,x1000-openrouter-full-deepseek-v4-flash-tier3-task10b-codeact-x1000-r05,deepseek-v4-flash,DeepSeek V4 Flash,codeact,3,tier3/task10b,1000,1,5,succeeded,final,2026-09-20T23:59:43.568041+00:00,1,jed4c-deepseek-codeact-x1000-s05,{},macro_f1,True,0.5428571428571429,43,0.20350115722880002,0.254376446536,4713586,233603,4947189,2560.2066506724805,3.385105237364769,783.96484375,0.0,783.96484375,2569.606521166861,True
codeact_x1000,x1000-openrouter-full-deepseek-v4-flash-tier3-task13-codeact-x1000-r01,deepseek-v4-flash,DeepSeek V4 Flash,codeact,3,tier3/task13,1000,1,1,succeeded,final,2026-09-20T23:13:15.056509+00:00,1,jed4c-deepseek-codeact-x1000-s16,{},macro_f1,True,1.0,2,0.009564278160000002,0.0119553477,198765,872,199637,32.634176534600556,0.3759693931788206,555.85546875,0.0,555.85546875,39.3968944363296,True
codeact_x1000,x1000-openrouter-full-deepseek-v4-flash-tier3-task13-codeact-x1000-r02,deepseek-v4-flash,DeepSeek V4 Flash,codeact,3,tier3/task13,1000,1,1,succeeded,final,2026-09-21T00:25:31.589232+00:00,1,jed4c-deepseek-codeact-x1000-s17,{},macro_f1,True,1.0,2,0.0039097713600000005,0.0048872142,198537,946,199483,37.85719868913293,0.3725477661937475,545.9140625,0.0,545.9140625,43.056826962158084,True
codeact_x1000,x1000-openrouter-full-deepseek-v4-flash-tier3-task13-codeact-x1000-r03,deepseek-v4-flash,DeepSeek V4 Flash,codeact,3,tier3/task13,1000,1,1,succeeded,final,2026-09-21T00:09:46.534894+00:00,1,jed4c-deepseek-codeact-x1000-s18,{},macro_f1,True,1.0,2,0.007957952400000001,0.0099474405,198581,921,199502,34.69449249189347,0.3570058550685644,544.26171875,0.0,544.26171875,39.54876212030649,True
codeact_x1000,x1000-openrouter-full-deepseek-v4-flash-tier3-task13-codeact-x1000-r04,deepseek-v4-flash,DeepSeek V4 Flash,codeact,3,tier3/task13,1000,1,1,succeeded,final,2026-09-21T00:39:09.042836+00:00,1,jed4c-deepseek-codeact-x1000-s19,{},macro_f1,True,0.1248470012239902,3,0.00758387736,0.009479846699999999,308814,5803,314617,102.34252128796652,0.3331202850677073,558.02734375,0.0,558.02734375,108.37680333619937,True
codeact_x1000,x1000-openrouter-full-deepseek-v4-flash-tier3-task13-codeact-x1000-r05,deepseek-v4-flash,DeepSeek V4 Flash,codeact,3,tier3/task13,1000,1,1,succeeded,final,2026-09-21T00:31:20.755605+00:00,1,jed4c-deepseek-codeact-x1000-s20,{},macro_f1,True,1.0,3,0.0038956809600000004,0.0048696012,239113,883,239996,34.80200565373525,0.3679381930269301,549.50390625,0.0,549.50390625,40.41310968529433,True
codeact_x1000,x1000-openrouter-full-deepseek-v4-flash-tier3-task14-codeact-x1000-r01,deepseek-v4-flash,DeepSeek V4 Flash,codeact,3,tier3/task14,1000,1,1,succeeded,final,2026-09-21T01:19:12.869135+00:00,1,jed4c-deepseek-codeact-x1000-s11,{},macro_f1,True,0.0,2,0.002501784,0.00312723,202524,765,203289,37.59746361337602,0,547.140625,0.0,547.140625,43.5634823217988,True
codeact_x1000,x1000-openrouter-full-deepseek-v4-flash-tier3-task14-codeact-x1000-r02,deepseek-v4-flash,DeepSeek V4 Flash,codeact,3,tier3/task14,1000,1,1,failed,final,2026-09-21T00:58:01.650501+00:00,1,jed4c-deepseek-codeact-x1000-s12,"{""unknown"": 1}",macro_f1,False,,,,,,,,,,,,,,True
codeact_x1000,x1000-openrouter-full-deepseek-v4-flash-tier3-task14-codeact-x1000-r03,deepseek-v4-flash,DeepSeek V4 Flash,codeact,3,tier3/task14,1000,1,1,failed,final,2026-09-21T01:37:58.242192+00:00,1,jed4c-deepseek-codeact-x1000-s13,"{""unknown"": 1}",macro_f1,False,,,,,,,,,,,,,,True
codeact_x1000,x1000-openrouter-full-deepseek-v4-flash-tier3-task14-codeact-x1000-r04,deepseek-v4-flash,DeepSeek V4 Flash,codeact,3,tier3/task14,1000,1,1,failed,final,2026-09-21T00:59:06.685499+00:00,1,jed4c-deepseek-codeact-x1000-s14,"{""unknown"": 1}",macro_f1,False,,,,,,,,,,,,,,True
codeact_x1000,x1000-openrouter-full-deepseek-v4-flash-tier3-task14-codeact-x1000-r05,deepseek-v4-flash,DeepSeek V4 Flash,codeact,3,tier3/task14,1000,1,1,succeeded,final,2026-09-21T01:02:46.926129+00:00,1,jed4c-deepseek-codeact-x1000-s15,{},macro_f1,True,0.0,2,0.004030000000000001,0.0050375,202565,6300,208865,838.8553704060614,0,551.66015625,0.0,551.66015625,843.7513368371874,True
codeact_x1000,x1000-openrouter-full-deepseek-v4-flash-tier3-task15-codeact-x1000-r01,deepseek-v4-flash,DeepSeek V4 Flash,codeact,3,tier3/task15,1000,1,1,succeeded,final,2026-09-21T00:23:23.102249+00:00,1,jed4c-deepseek-codeact-x1000-s16,{},macro_f1,True,0.0,2,0.003801072,0.00475134,197214,7965,205179,247.0910762362182,0,542.91015625,0.0,542.91015625,252.93356363102794,True
codeact_x1000,x1000-openrouter-full-deepseek-v4-flash-tier3-task15-codeact-x1000-r02,deepseek-v4-flash,DeepSeek V4 Flash,codeact,3,tier3/task15,1000,1,1,succeeded,final,2026-09-21T00:42:27.877865+00:00,1,jed4c-deepseek-codeact-x1000-s17,{},macro_f1,True,0.0,2,0.005435840000000001,0.0067948,197213,2749,199962,1010.1530423965305,0,543.91796875,0.0,543.91796875,1015.4806412011385,True
codeact_x1000,x1000-openrouter-full-deepseek-v4-flash-tier3-task15-codeact-x1000-r03,deepseek-v4-flash,DeepSeek V4 Flash,codeact,3,tier3/task15,1000,1,1,succeeded,final,2026-09-21T00:11:32.544731+00:00,1,jed4c-deepseek-codeact-x1000-s18,{},macro_f1,True,0.739884393063584,2,0.012083632,0.01510454,197933,3152,201085,98.9273952129297,0.45604069298133254,546.96875,0.0,546.96875,104.69545800890774,True
codeact_x1000,x1000-openrouter-full-deepseek-v4-flash-tier3-task15-codeact-x1000-r04,deepseek-v4-flash,DeepSeek V4 Flash,codeact,3,tier3/task15,1000,1,1,succeeded,final,2026-09-21T00:44:29.698961+00:00,1,jed4c-deepseek-codeact-x1000-s19,{},macro_f1,True,0.0,2,0.004995792000000001,0.00624474,197130,10047,207177,313.8532607848756,0,548.73828125,0.0,548.73828125,318.6383825452067,True
codeact_x1000,x1000-openrouter-full-deepseek-v4-flash-tier3-task15-codeact-x1000-r05,deepseek-v4-flash,DeepSeek V4 Flash,codeact,3,tier3/task15,1000,1,1,failed,final,2026-09-21T00:46:34.567562+00:00,1,jed4c-deepseek-codeact-x1000-s20,"{""unknown"": 1}",macro_f1,False,,,,,,,,,,,,,,True
codeact_x1000,x1000-openrouter-full-deepseek-v4-flash-tier3-task17-codeact-x1000-r01,deepseek-v4-flash,DeepSeek V4 Flash,codeact,3,tier3/task17,1000,1,1,succeeded,final,2026-09-21T01:50:09.011947+00:00,1,jed4c-deepseek-codeact-x1000-s06,{},macro_f1,True,0.0,4,0.0075638879999999995,0.009454859999999999,402617,9038,411655,312.3299321420491,0.001594802364706993,543.7109375,0.0,543.7109375,317.66287063993514,True
codeact_x1000,x1000-openrouter-full-deepseek-v4-flash-tier3-task17-codeact-x1000-r02,deepseek-v4-flash,DeepSeek V4 Flash,codeact,3,tier3/task17,1000,1,1,failed,final,2026-09-21T01:52:38.378810+00:00,1,jed4c-deepseek-codeact-x1000-s07,"{""unknown"": 1}",macro_f1,False,,,,,,,,,,,,,,True
codeact_x1000,x1000-openrouter-full-deepseek-v4-flash-tier3-task17-codeact-x1000-r03,deepseek-v4-flash,DeepSeek V4 Flash,codeact,3,tier3/task17,1000,1,1,succeeded,final,2026-09-21T01:36:44.580899+00:00,1,jed4c-deepseek-codeact-x1000-s08,{},macro_f1,True,0.0,2,0.0035884479999999997,0.0044855599999999995,201080,3150,204230,166.14606052380987,0,546.4375,0.0,546.4375,171.95014201803133,True
codeact_x1000,x1000-openrouter-full-deepseek-v4-flash-tier3-task17-codeact-x1000-r04,deepseek-v4-flash,DeepSeek V4 Flash,codeact,3,tier3/task17,1000,1,1,failed,final,2026-09-21T01:18:53.849006+00:00,1,jed4c-deepseek-codeact-x1000-s09,"{""unknown"": 1}",macro_f1,False,,,,,,,,,,,,,,True
codeact_x1000,x1000-openrouter-full-deepseek-v4-flash-tier3-task17-codeact-x1000-r05,deepseek-v4-flash,DeepSeek V4 Flash,codeact,3,tier3/task17,1000,1,1,succeeded,final,2026-09-21T01:29:49.843786+00:00,1,jed4c-deepseek-codeact-x1000-s10,{},macro_f1,True,0.0,2,0.003476448,0.00434556,201082,2326,203408,411.69695806503296,0,554.65234375,0.0,554.65234375,417.0328025147319,True
codeact_x1000,x1000-openrouter-full-deepseek-v4-flash-tier3-task18-codeact-x1000-r01,deepseek-v4-flash,DeepSeek V4 Flash,codeact,3,tier3/task18,1000,1,1,succeeded,final,2026-09-21T01:35:59.825703+00:00,1,jed4c-deepseek-codeact-x1000-s11,{},macro_f1,True,0.5940959409594095,9,0.0075858515200000025,0.009482314400000002,937309,59386,996695,1000.211795758456,2.808879792690277,557.3515625,0.0,557.3515625,1005.4669790584594,True
codeact_x1000,x1000-openrouter-full-deepseek-v4-flash-tier3-task18-codeact-x1000-r02,deepseek-v4-flash,DeepSeek V4 Flash,codeact,3,tier3/task18,1000,1,1,succeeded,final,2026-09-21T01:08:39.054399+00:00,1,jed4c-deepseek-codeact-x1000-s12,{},macro_f1,True,0.6825127334465196,9,0.01419828736,0.0177478592,1307794,66834,1374628,628.1436602044851,1.342113571241498,576.76953125,0.0,576.76953125,634.602373238653,True
codeact_x1000,x1000-openrouter-full-deepseek-v4-flash-tier3-task18-codeact-x1000-r03,deepseek-v4-flash,DeepSeek V4 Flash,codeact,3,tier3/task18,1000,1,1,succeeded,final,2026-09-21T02:05:56.226328+00:00,1,jed4c-deepseek-codeact-x1000-s13,{},macro_f1,True,0.47389558232931733,10,0.01753414656,0.0219176832,1241292,139180,1380472,1670.364715360105,4.0505729131400585,572.19921875,0.0,572.19921875,1676.3389695268124,True
codeact_x1000,x1000-openrouter-full-deepseek-v4-flash-tier3-task18-codeact-x1000-r04,deepseek-v4-flash,DeepSeek V4 Flash,codeact,3,tier3/task18,1000,1,1,succeeded,final,2026-09-21T01:01:50.950697+00:00,1,jed4c-deepseek-codeact-x1000-s14,{},macro_f1,True,0.5940959409594095,9,0.0023081683200000002,0.0028852104,933741,9358,943099,157.0298600960523,3.9482542164623737,558.9140625,0.0,558.9140625,162.6137521918863,True
codeact_x1000,x1000-openrouter-full-deepseek-v4-flash-tier3-task18-codeact-x1000-r05,deepseek-v4-flash,DeepSeek V4 Flash,codeact,3,tier3/task18,1000,1,1,succeeded,final,2026-09-21T01:10:01.956885+00:00,1,jed4c-deepseek-codeact-x1000-s15,{},macro_f1,True,0.0,10,0.0055903500800000006,0.006987937600000001,1041146,39172,1080318,427.92515521124005,0.20461022946983576,549.94921875,0.0,549.94921875,433.29677394311875,True
codeact_x1000,x1000-openrouter-full-deepseek-v4-flash-tier3-task20-codeact-x1000-r01,deepseek-v4-flash,DeepSeek V4 Flash,codeact,3,tier3/task20,1000,1,1,succeeded,final,2026-09-21T00:13:05.261175+00:00,1,jed4c-deepseek-codeact-x1000-s01,{},macro_f1,True,1.0,9,0.0065664697600000006,0.0082080872,873787,21088,894875,952.2664310131222,0.39131616987288,554.671875,0.0,554.671875,957.4004431925714,True
codeact_x1000,x1000-openrouter-full-deepseek-v4-flash-tier3-task20-codeact-x1000-r02,deepseek-v4-flash,DeepSeek V4 Flash,codeact,3,tier3/task20,1000,1,1,failed,final,2026-09-21T00:24:32.709826+00:00,1,jed4c-deepseek-codeact-x1000-s02,"{""unknown"": 1}",macro_f1,False,,,,,,,,,,,,,,True
codeact_x1000,x1000-openrouter-full-deepseek-v4-flash-tier3-task20-codeact-x1000-r03,deepseek-v4-flash,DeepSeek V4 Flash,codeact,3,tier3/task20,1000,1,1,failed,final,2026-09-21T00:21:54.504261+00:00,1,jed4c-deepseek-codeact-x1000-s03,"{""unknown"": 1}",macro_f1,False,,,,,,,,,,,,,,True
codeact_x1000,x1000-openrouter-full-deepseek-v4-flash-tier3-task20-codeact-x1000-r04,deepseek-v4-flash,DeepSeek V4 Flash,codeact,3,tier3/task20,1000,1,1,succeeded,final,2026-09-21T00:39:09.616393+00:00,1,jed4c-deepseek-codeact-x1000-s04,{},macro_f1,True,1.0,9,0.0027728140800000003,0.0034660176000000003,898089,12671,910760,593.2960638515651,1.1635817401111126,574.70703125,0.0,574.70703125,599.8463536985219,True
codeact_x1000,x1000-openrouter-full-deepseek-v4-flash-tier3-task20-codeact-x1000-r05,deepseek-v4-flash,DeepSeek V4 Flash,codeact,3,tier3/task20,1000,1,1,succeeded,final,2026-09-21T00:57:19.629554+00:00,1,jed4c-deepseek-codeact-x1000-s05,{},macro_f1,True,1.0,6,0.00629500032,0.0078687504,735297,40143,775440,765.5352236311883,1.4819616954773664,595.74609375,0.0,595.74609375,771.7203261796385,True
codeact_x1000,x1000-openrouter-full-deepseek-v4-flash-tier3-task21-codeact-x1000-r01,deepseek-v4-flash,DeepSeek V4 Flash,codeact,3,tier3/task21,1000,1,1,failed,final,2026-09-21T00:38:39.450253+00:00,1,jed4c-deepseek-codeact-x1000-s16,"{""unknown"": 1}",macro_f1,False,,,,,,,,,,,,,,True
codeact_x1000,x1000-openrouter-full-deepseek-v4-flash-tier3-task21-codeact-x1000-r02,deepseek-v4-flash,DeepSeek V4 Flash,codeact,3,tier3/task21,1000,1,1,failed,final,2026-09-21T00:57:44.837691+00:00,1,jed4c-deepseek-codeact-x1000-s17,"{""unknown"": 1}",macro_f1,False,,,,,,,,,,,,,,True
codeact_x1000,x1000-openrouter-full-deepseek-v4-flash-tier3-task21-codeact-x1000-r03,deepseek-v4-flash,DeepSeek V4 Flash,codeact,3,tier3/task21,1000,1,1,succeeded,final,2026-09-21T00:22:46.612547+00:00,1,jed4c-deepseek-codeact-x1000-s18,{},macro_f1,True,0.0,10,0.025553647999999998,0.031942059999999994,919896,8025,927921,667.8249116307124,0.00339333713054657,548.765625,0.0,548.765625,672.8404876589775,True
codeact_x1000,x1000-openrouter-full-deepseek-v4-flash-tier3-task21-codeact-x1000-r04,deepseek-v4-flash,DeepSeek V4 Flash,codeact,3,tier3/task21,1000,1,1,failed,final,2026-09-21T00:59:44.611821+00:00,1,jed4c-deepseek-codeact-x1000-s19,"{""unknown"": 1}",macro_f1,False,,,,,,,,,,,,,,True
codeact_x1000,x1000-openrouter-full-deepseek-v4-flash-tier3-task21-codeact-x1000-r05,deepseek-v4-flash,DeepSeek V4 Flash,codeact,3,tier3/task21,1000,1,1,failed,final,2026-09-21T01:01:53.104083+00:00,1,jed4c-deepseek-codeact-x1000-s20,"{""unknown"": 1}",macro_f1,False,,,,,,,,,,,,,,True
codeact_x1000,x1000-openrouter-full-deepseek-v4-flash-tier3-task22-codeact-x1000-r01,deepseek-v4-flash,DeepSeek V4 Flash,codeact,3,tier3/task22,1000,1,1,succeeded,final,2026-09-21T01:54:58.295783+00:00,1,jed4c-deepseek-codeact-x1000-s06,{},macro_f1,True,1.0,6,0.021709254400000003,0.027136568,1054499,34926,1089425,281.5824799835682,0.8551801424473524,574.87890625,0.0,574.87890625,287.7394972369075,True
codeact_x1000,x1000-openrouter-full-deepseek-v4-flash-tier3-task22-codeact-x1000-r02,deepseek-v4-flash,DeepSeek V4 Flash,codeact,3,tier3/task22,1000,1,1,succeeded,final,2026-09-21T02:01:25.822237+00:00,1,jed4c-deepseek-codeact-x1000-s07,{},macro_f1,True,0.0,10,0.0209603008,0.026200376,962543,66963,1029506,517.0175505355,0,545.76171875,0.0,545.76171875,523.4715371634811,True
codeact_x1000,x1000-openrouter-full-deepseek-v4-flash-tier3-task22-codeact-x1000-r03,deepseek-v4-flash,DeepSeek V4 Flash,codeact,3,tier3/task22,1000,1,1,succeeded,final,2026-09-21T01:41:46.341610+00:00,1,jed4c-deepseek-codeact-x1000-s08,{},macro_f1,True,1.0,4,0.014720806400000001,0.018401008,468282,35107,503389,292.25852209492587,0.2011164368595928,550.2265625,0.0,550.2265625,300.2010515141301,True
codeact_x1000,x1000-openrouter-full-deepseek-v4-flash-tier3-task22-codeact-x1000-r04,deepseek-v4-flash,DeepSeek V4 Flash,codeact,3,tier3/task22,1000,1,1,succeeded,final,2026-09-21T01:30:41.530893+00:00,1,jed4c-deepseek-codeact-x1000-s09,{},macro_f1,True,1.0,8,0.024708478399999997,0.030885597999999997,1044872,35598,1080470,700.0274018645287,0.018848903477191925,575.97265625,0.0,575.97265625,706.0328454524279,True
codeact_x1000,x1000-openrouter-full-deepseek-v4-flash-tier3-task22-codeact-x1000-r05,deepseek-v4-flash,DeepSeek V4 Flash,codeact,3,tier3/task22,1000,1,1,succeeded,final,2026-09-21T01:39:19.067656+00:00,1,jed4c-deepseek-codeact-x1000-s10,{},macro_f1,True,0.8285714285714285,10,0.017038208000000003,0.021297760000000002,971432,19661,991093,561.4092105664313,0,546.05078125,0.0,546.05078125,567.7413871400058,True
codeact_x1000,x1000-openrouter-full-deepseek-v4-flash-tier3-task23-codeact-x1000-r01,deepseek-v4-flash,DeepSeek V4 Flash,codeact,3,tier3/task23,1000,1,1,succeeded,final,2026-09-21T01:41:29.707035+00:00,1,jed4c-deepseek-codeact-x1000-s11,{},macro_f1,True,0.0,2,0.004416928,0.00552116,194870,9612,204482,322.21163217164576,0,550.41015625,0.0,550.41015625,327.9337386004627,True
codeact_x1000,x1000-openrouter-full-deepseek-v4-flash-tier3-task23-codeact-x1000-r02,deepseek-v4-flash,DeepSeek V4 Flash,codeact,3,tier3/task23,1000,1,1,succeeded,final,2026-09-21T01:21:28.741824+00:00,1,jed4c-deepseek-codeact-x1000-s12,{},macro_f1,True,0.0,3,0.0037479920000000003,0.00468499,292824,4523,297347,762.4297725129873,0.0023164544254541397,570.125,0.0,570.125,768.0798572879285,True
codeact_x1000,x1000-openrouter-full-deepseek-v4-flash-tier3-task23-codeact-x1000-r03,deepseek-v4-flash,DeepSeek V4 Flash,codeact,3,tier3/task23,1000,1,1,failed,final,2026-09-21T02:21:42.743235+00:00,1,jed4c-deepseek-codeact-x1000-s13,"{""unknown"": 1}",macro_f1,False,,,,,,,,,,,,,,True
codeact_x1000,x1000-openrouter-full-deepseek-v4-flash-tier3-task23-codeact-x1000-r04,deepseek-v4-flash,DeepSeek V4 Flash,codeact,3,tier3/task23,1000,1,1,succeeded,final,2026-09-21T01:08:14.153834+00:00,1,jed4c-deepseek-codeact-x1000-s14,{},macro_f1,True,0.0,2,0.0032885360000000003,0.00411067,194938,1299,196237,376.67931572161615,0,544.51953125,0.0,544.51953125,381.8737942185253,True
codeact_x1000,x1000-openrouter-full-deepseek-v4-flash-tier3-task23-codeact-x1000-r05,deepseek-v4-flash,DeepSeek V4 Flash,codeact,3,tier3/task23,1000,1,1,failed,final,2026-09-21T01:30:21.671619+00:00,1,jed4c-deepseek-codeact-x1000-s15,"{""unknown"": 1}",macro_f1,False,,,,,,,,,,,,,,True
codeact_x1000,x1000-openrouter-full-deepseek-v4-flash-tier3-task24-codeact-x1000-r01,deepseek-v4-flash,DeepSeek V4 Flash,codeact,3,tier3/task24,1000,1,1,succeeded,final,2026-09-21T00:19:48.877229+00:00,1,jed4c-deepseek-codeact-x1000-s01,{},macro_f1,True,1.0,9,0.06105716400000001,0.07632145500000001,858731,4003,862734,395.3406197074801,0.5026693791151047,546.140625,0.0,546.140625,401.05543493293226,True
codeact_x1000,x1000-openrouter-full-deepseek-v4-flash-tier3-task24-codeact-x1000-r02,deepseek-v4-flash,DeepSeek V4 Flash,codeact,3,tier3/task24,1000,1,1,succeeded,final,2026-09-21T00:25:46.427958+00:00,1,jed4c-deepseek-codeact-x1000-s02,{},macro_f1,True,1.0,6,0.0081406272,0.010175784,588313,3842,592155,66.25056369416416,0.622913058847189,549.625,0.0,549.625,72.01516890339553,True
codeact_x1000,x1000-openrouter-full-deepseek-v4-flash-tier3-task24-codeact-x1000-r03,deepseek-v4-flash,DeepSeek V4 Flash,codeact,3,tier3/task24,1000,1,1,succeeded,final,2026-09-21T00:23:14.803445+00:00,1,jed4c-deepseek-codeact-x1000-s03,{},macro_f1,True,1.0,7,0.009939360000000001,0.0124242,675541,3806,679347,72.60410468187183,0.8496736781671643,544.4140625,0.0,544.4140625,78.26512517035007,True
codeact_x1000,x1000-openrouter-full-deepseek-v4-flash-tier3-task24-codeact-x1000-r04,deepseek-v4-flash,DeepSeek V4 Flash,codeact,3,tier3/task24,1000,1,1,succeeded,final,2026-09-21T00:44:28.841881+00:00,1,jed4c-deepseek-codeact-x1000-s04,{},macro_f1,True,0.0,9,0.0248709632,0.031088703999999995,1097452,32415,1129867,310.4760324973613,0,568.97265625,0.0,568.97265625,316.79543858394027,True
codeact_x1000,x1000-openrouter-full-deepseek-v4-flash-tier3-task24-codeact-x1000-r05,deepseek-v4-flash,DeepSeek V4 Flash,codeact,3,tier3/task24,1000,1,1,succeeded,final,2026-09-21T01:12:51.662951+00:00,1,jed4c-deepseek-codeact-x1000-s05,{},macro_f1,True,1.0,4,0.0285836032,0.035729503999999995,730016,90111,820127,923.0008831676096,20.284480409696698,583.59375,0.0,583.59375,929.5326251555234,True
codeact_x1000,x1000-openrouter-full-deepseek-v4-flash-tier3-task6-codeact-x1000-r01,deepseek-v4-flash,DeepSeek V4 Flash,codeact,3,tier3/task6,1000,1,4,failed,final,2026-09-21T00:56:04.701483+00:00,1,jed4c-deepseek-codeact-x1000-s06,"{""unknown"": 1}",macro_f1,False,,,,,,,,,,,,,,True
codeact_x1000,x1000-openrouter-full-deepseek-v4-flash-tier3-task6-codeact-x1000-r02,deepseek-v4-flash,DeepSeek V4 Flash,codeact,3,tier3/task6,1000,1,4,failed,final,2026-09-21T00:45:05.690469+00:00,1,jed4c-deepseek-codeact-x1000-s07,"{""unknown"": 1}",macro_f1,False,,,,,,,,,,,,,,True
codeact_x1000,x1000-openrouter-full-deepseek-v4-flash-tier3-task6-codeact-x1000-r03,deepseek-v4-flash,DeepSeek V4 Flash,codeact,3,tier3/task6,1000,1,4,failed,final,2026-09-21T00:55:35.708960+00:00,1,jed4c-deepseek-codeact-x1000-s08,"{""unknown"": 1}",macro_f1,False,,,,,,,,,,,,,,True
codeact_x1000,x1000-openrouter-full-deepseek-v4-flash-tier3-task6-codeact-x1000-r04,deepseek-v4-flash,DeepSeek V4 Flash,codeact,3,tier3/task6,1000,1,4,failed,final,2026-09-21T00:26:08.504190+00:00,1,jed4c-deepseek-codeact-x1000-s09,"{""unknown"": 1}",macro_f1,False,,,,,,,,,,,,,,True
codeact_x1000,x1000-openrouter-full-deepseek-v4-flash-tier3-task6-codeact-x1000-r05,deepseek-v4-flash,DeepSeek V4 Flash,codeact,3,tier3/task6,1000,1,4,failed,final,2026-09-21T00:43:16.188719+00:00,1,jed4c-deepseek-codeact-x1000-s10,"{""unknown"": 1}",macro_f1,False,,,,,,,,,,,,,,True
codeact_x1000,x1000-openrouter-full-deepseek-v4-flash-tier3-task7-codeact-x1000-r01,deepseek-v4-flash,DeepSeek V4 Flash,codeact,3,tier3/task7,1000,1,5,failed,final,2026-09-21T00:26:38.395729+00:00,1,jed4c-deepseek-codeact-x1000-s06,"{""unknown"": 1}",macro_f1,False,,,,,,,,,,,,,,True
codeact_x1000,x1000-openrouter-full-deepseek-v4-flash-tier3-task7-codeact-x1000-r02,deepseek-v4-flash,DeepSeek V4 Flash,codeact,3,tier3/task7,1000,1,5,failed,final,2026-09-21T00:14:52.396092+00:00,1,jed4c-deepseek-codeact-x1000-s07,"{""unknown"": 1}",macro_f1,False,,,,,,,,,,,,,,True
codeact_x1000,x1000-openrouter-full-deepseek-v4-flash-tier3-task7-codeact-x1000-r03,deepseek-v4-flash,DeepSeek V4 Flash,codeact,3,tier3/task7,1000,1,5,succeeded,final,2026-09-21T00:29:41.142277+00:00,1,jed4c-deepseek-codeact-x1000-s08,{},macro_f1,True,0.5063063063063062,42,0.07774289272000001,0.0971786159,4239049,139689,4378738,1690.578856332926,2.2684093974530697,796.52734375,0.0,796.52734375,1696.1415524040349,True
codeact_x1000,x1000-openrouter-full-deepseek-v4-flash-tier3-task7-codeact-x1000-r04,deepseek-v4-flash,DeepSeek V4 Flash,codeact,3,tier3/task7,1000,1,5,failed,final,2026-09-21T00:06:58.838811+00:00,1,jed4c-deepseek-codeact-x1000-s09,"{""unknown"": 1}",macro_f1,False,,,,,,,,,,,,,,True
codeact_x1000,x1000-openrouter-full-deepseek-v4-flash-tier3-task7-codeact-x1000-r05,deepseek-v4-flash,DeepSeek V4 Flash,codeact,3,tier3/task7,1000,1,5,failed,final,2026-09-21T00:19:06.089249+00:00,1,jed4c-deepseek-codeact-x1000-s10,"{""unknown"": 1}",macro_f1,False,,,,,,,,,,,,,,True
codeact_x1000,x1000-openrouter-full-deepseek-v4-flash-tier3-task8-codeact-x1000-r01,deepseek-v4-flash,DeepSeek V4 Flash,codeact,3,tier3/task8,1000,1,2,failed,final,2026-09-21T01:26:16.985480+00:00,1,jed4c-deepseek-codeact-x1000-s06,"{""unknown"": 1}",macro_f1,False,,,,,,,,,,,,,,True
codeact_x1000,x1000-openrouter-full-deepseek-v4-flash-tier3-task8-codeact-x1000-r02,deepseek-v4-flash,DeepSeek V4 Flash,codeact,3,tier3/task8,1000,1,2,failed,final,2026-09-21T01:15:16.142060+00:00,1,jed4c-deepseek-codeact-x1000-s07,"{""unknown"": 1}",macro_f1,False,,,,,,,,,,,,,,True
codeact_x1000,x1000-openrouter-full-deepseek-v4-flash-tier3-task8-codeact-x1000-r03,deepseek-v4-flash,DeepSeek V4 Flash,codeact,3,tier3/task8,1000,1,2,succeeded,final,2026-09-21T01:12:33.872229+00:00,1,jed4c-deepseek-codeact-x1000-s08,{},macro_f1,True,0.0,12,0.029685937600000004,0.037107422,1209645,84881,1294526,1010.5750549980439,0.026730747893452644,735.09765625,0.0,735.09765625,1016.2823106220458,True
codeact_x1000,x1000-openrouter-full-deepseek-v4-flash-tier3-task8-codeact-x1000-r04,deepseek-v4-flash,DeepSeek V4 Flash,codeact,3,tier3/task8,1000,1,2,succeeded,final,2026-09-21T00:47:48.869799+00:00,1,jed4c-deepseek-codeact-x1000-s09,{},macro_f1,True,0.0,12,0.030295891200000005,0.037869864,1212160,82200,1294360,1292.7827567588538,0.06963854096829891,770.3671875,0.0,770.3671875,1298.5414467211813,True
codeact_x1000,x1000-openrouter-full-deepseek-v4-flash-tier3-task8-codeact-x1000-r05,deepseek-v4-flash,DeepSeek V4 Flash,codeact,3,tier3/task8,1000,1,2,succeeded,final,2026-09-21T00:52:35.758226+00:00,1,jed4c-deepseek-codeact-x1000-s10,{},macro_f1,True,0.0,12,0.0293537216,0.036692152,1207689,74177,1281866,550.7383485492319,0.05239645391702652,746.22265625,0.0,746.22265625,557.2349858451635,True
codeact_x1000,x1000-openrouter-full-deepseek-v4-flash-tier3-task9-codeact-x1000-r01,deepseek-v4-flash,DeepSeek V4 Flash,codeact,3,tier3/task9,1000,1,4,failed,final,2026-09-21T00:01:58.045261+00:00,1,jed4c-deepseek-codeact-x1000-s16,"{""unknown"": 1}",macro_f1,False,,,,,,,,,,,,,,True
codeact_x1000,x1000-openrouter-full-deepseek-v4-flash-tier3-task9-codeact-x1000-r02,deepseek-v4-flash,DeepSeek V4 Flash,codeact,3,tier3/task9,1000,1,4,failed,final,2026-09-21T00:12:15.309849+00:00,1,jed4c-deepseek-codeact-x1000-s17,"{""unknown"": 1}",macro_f1,False,,,,,,,,,,,,,,True
codeact_x1000,x1000-openrouter-full-deepseek-v4-flash-tier3-task9-codeact-x1000-r03,deepseek-v4-flash,DeepSeek V4 Flash,codeact,3,tier3/task9,1000,1,4,succeeded,final,2026-09-21T00:07:01.502019+00:00,1,jed4c-deepseek-codeact-x1000-s18,{},macro_f1,True,0.5789473684210527,32,0.0775382064,0.096922758,3183170,41693,3224863,1250.6657609310932,1.0853891847655177,764.95703125,0.0,764.95703125,1256.1542890658602,True
codeact_x1000,x1000-openrouter-full-deepseek-v4-flash-tier3-task9-codeact-x1000-r04,deepseek-v4-flash,DeepSeek V4 Flash,codeact,3,tier3/task9,1000,1,4,failed,final,2026-09-21T00:21:59.799775+00:00,1,jed4c-deepseek-codeact-x1000-s19,"{""unknown"": 1}",macro_f1,False,,,,,,,,,,,,,,True
codeact_x1000,x1000-openrouter-full-deepseek-v4-flash-tier3-task9-codeact-x1000-r05,deepseek-v4-flash,DeepSeek V4 Flash,codeact,3,tier3/task9,1000,1,4,failed,final,2026-09-21T00:23:38.444837+00:00,1,jed4c-deepseek-codeact-x1000-s20,"{""unknown"": 1}",macro_f1,False,,,,,,,,,,,,,,True
codeact_x1000,x1000-openrouter-full-deepseek-v4-flash-tier4-task11-codeact-x1000-r01,deepseek-v4-flash,DeepSeek V4 Flash,codeact,4,tier4/task11,1000,1,2,succeeded,final,2026-09-21T00:19:08.472876+00:00,1,jed4c-deepseek-codeact-x1000-s16,{},macro_f1,True,0.8333333333333333,18,0.03651911056,0.045648888199999994,1751829,36714,1788543,1023.2429618909955,0.4565930087119341,750.25390625,0.0,750.25390625,1028.762042781338,True
codeact_x1000,x1000-openrouter-full-deepseek-v4-flash-tier4-task11-codeact-x1000-r02,deepseek-v4-flash,DeepSeek V4 Flash,codeact,4,tier4/task11,1000,1,2,succeeded,final,2026-09-21T00:24:46.854334+00:00,1,jed4c-deepseek-codeact-x1000-s17,{},macro_f1,True,1.0,16,0.01599277552,0.019990969399999996,1571355,10785,1582140,743.9813918936998,2.6201727762818336,750.39453125,0.0,750.39453125,749.4639692325145,True
codeact_x1000,x1000-openrouter-full-deepseek-v4-flash-tier4-task11-codeact-x1000-r03,deepseek-v4-flash,DeepSeek V4 Flash,codeact,4,tier4/task11,1000,1,2,succeeded,final,2026-09-21T00:09:05.602007+00:00,1,jed4c-deepseek-codeact-x1000-s18,{},macro_f1,True,1.0,10,0.01612132384,0.0201516548,995508,4064,999572,117.81352443713695,1.3438005545176566,745.2421875,0.0,745.2421875,122.70460453303531,True
codeact_x1000,x1000-openrouter-full-deepseek-v4-flash-tier4-task11-codeact-x1000-r04,deepseek-v4-flash,DeepSeek V4 Flash,codeact,4,tier4/task11,1000,1,2,failed,final,2026-09-21T00:37:17.351431+00:00,1,jed4c-deepseek-codeact-x1000-s19,"{""unknown"": 1}",macro_f1,False,,,,,,,,,,,,,,True
codeact_x1000,x1000-openrouter-full-deepseek-v4-flash-tier4-task11-codeact-x1000-r05,deepseek-v4-flash,DeepSeek V4 Flash,codeact,4,tier4/task11,1000,1,2,succeeded,final,2026-09-21T00:30:38.939474+00:00,1,jed4c-deepseek-codeact-x1000-s20,{},macro_f1,True,1.0,14,0.00954046792,0.0119255849,1364702,6243,1370945,414.15740674873814,1.0018846825696528,753.73046875,0.0,753.73046875,419.1517404858023,True
codeact_x1000,x1000-openrouter-full-deepseek-v4-flash-tier4-task12-codeact-x1000-r01,deepseek-v4-flash,DeepSeek V4 Flash,codeact,4,tier4/task12,1000,1,2,succeeded,final,2026-09-21T01:18:25.707929+00:00,1,jed4c-deepseek-codeact-x1000-s11,{},macro_f1,True,1.0,11,0.0055044000000000004,0.0068805,1056036,9105,1065141,357.7627554126084,0.5388567131012678,745.4296875,0.0,745.4296875,362.9244318716228,True
codeact_x1000,x1000-openrouter-full-deepseek-v4-flash-tier4-task12-codeact-x1000-r02,deepseek-v4-flash,DeepSeek V4 Flash,codeact,4,tier4/task12,1000,1,2,succeeded,final,2026-09-21T00:33:06.736684+00:00,1,jed4c-deepseek-codeact-x1000-s12,{},macro_f1,True,1.0,16,0.01349957568,0.0168744696,1591511,15636,1607147,201.71349576488137,4.74741754680872,753.24609375,0.0,753.24609375,207.73388942331076,True
codeact_x1000,x1000-openrouter-full-deepseek-v4-flash-tier4-task12-codeact-x1000-r03,deepseek-v4-flash,DeepSeek V4 Flash,codeact,4,tier4/task12,1000,1,2,succeeded,final,2026-09-21T01:22:42.613449+00:00,1,jed4c-deepseek-codeact-x1000-s13,{},macro_f1,True,1.0,15,0.00411336128,0.0051417016,1555802,11021,1566823,424.35049727745354,0.6047547478228807,745.1015625,0.0,745.1015625,429.9681310020387,True
codeact_x1000,x1000-openrouter-full-deepseek-v4-flash-tier4-task12-codeact-x1000-r04,deepseek-v4-flash,DeepSeek V4 Flash,codeact,4,tier4/task12,1000,1,2,succeeded,final,2026-09-21T00:43:51.277719+00:00,1,jed4c-deepseek-codeact-x1000-s14,{},macro_f1,True,0.6111111111111112,14,0.00243044864,0.0030380608,1367681,7229,1374910,104.41772046871483,0.43614247255027294,753.7890625,0.0,753.7890625,110.20009461976588,True
codeact_x1000,x1000-openrouter-full-deepseek-v4-flash-tier4-task12-codeact-x1000-r05,deepseek-v4-flash,DeepSeek V4 Flash,codeact,4,tier4/task12,1000,1,2,succeeded,final,2026-09-21T00:48:41.859520+00:00,1,jed4c-deepseek-codeact-x1000-s15,{},macro_f1,True,1.0,11,0.00557638144,0.0069704768,1118389,32129,1150518,306.03989534266293,1.1449241591617465,748.01953125,0.0,748.01953125,311.0042424844578,True
codeact_x1000,x1000-openrouter-full-deepseek-v4-flash-tier4-task12b-codeact-x1000-r01,deepseek-v4-flash,DeepSeek V4 Flash,codeact,4,tier4/task12b,1000,1,1,succeeded,final,2026-09-21T00:53:55.893269+00:00,1,jed4c-deepseek-codeact-x1000-s16,{},macro_f1,True,1.0,6,0.021704327616800002,0.027130409521,603103,10946,614049,909.5406226348132,1.320374522358179,568.6171875,0.0,568.6171875,914.7868311144412,True
codeact_x1000,x1000-openrouter-full-deepseek-v4-flash-tier4-task12b-codeact-x1000-r02,deepseek-v4-flash,DeepSeek V4 Flash,codeact,4,tier4/task12b,1000,1,1,succeeded,final,2026-09-21T01:09:10.917093+00:00,1,jed4c-deepseek-codeact-x1000-s17,{},macro_f1,True,1.0,4,0.0127584516504,0.015948064563,393408,3867,397275,676.8367090895772,1.0399827547371387,569.28125,0.0,569.28125,682.8425253089517,True
codeact_x1000,x1000-openrouter-full-deepseek-v4-flash-tier4-task12b-codeact-x1000-r03,deepseek-v4-flash,DeepSeek V4 Flash,codeact,4,tier4/task12b,1000,1,1,succeeded,final,2026-09-21T00:43:23.572219+00:00,1,jed4c-deepseek-codeact-x1000-s18,{},macro_f1,True,0.4,9,0.04612391365040001,0.05765489206300001,905102,12623,917725,1230.8658183100633,1.6702673872932792,565.28515625,0.0,565.28515625,1235.7493343879469,True
codeact_x1000,x1000-openrouter-full-deepseek-v4-flash-tier4-task12b-codeact-x1000-r04,deepseek-v4-flash,DeepSeek V4 Flash,codeact,4,tier4/task12b,1000,1,1,succeeded,final,2026-09-21T01:02:44.013477+00:00,1,jed4c-deepseek-codeact-x1000-s19,{},macro_f1,True,1.0,2,0.0063589353424,0.007948669178,195573,1437,197010,170.66089296899736,0.4625959047116339,544.73828125,0.0,544.73828125,176.4660087269731,True
codeact_x1000,x1000-openrouter-full-deepseek-v4-flash-tier4-task12b-codeact-x1000-r05,deepseek-v4-flash,DeepSeek V4 Flash,codeact,4,tier4/task12b,1000,1,1,succeeded,final,2026-09-21T01:17:25.485612+00:00,1,jed4c-deepseek-codeact-x1000-s20,{},macro_f1,True,1.0,4,0.012807832320000002,0.0160097904,391867,8788,400655,925.3509489493445,0.8828735798597336,539.29296875,0.0,539.29296875,930.9291226877831,True
codeact_x1000,x1000-openrouter-full-deepseek-v4-flash-tier4-task13-codeact-x1000-r01,deepseek-v4-flash,DeepSeek V4 Flash,codeact,4,tier4/task13,1000,1,4,succeeded,final,2026-09-21T01:12:21.040164+00:00,1,jed4c-deepseek-codeact-x1000-s11,{},macro_f1,True,0.5,29,0.04230031824,0.0528753978,2398245,36457,2434702,1051.7455343194306,1.5606133341789246,763.5078125,0.0,763.5078125,1057.2264737356454,True
codeact_x1000,x1000-openrouter-full-deepseek-v4-flash-tier4-task13-codeact-x1000-r02,deepseek-v4-flash,DeepSeek V4 Flash,codeact,4,tier4/task13,1000,1,4,succeeded,final,2026-09-21T00:29:37.056824+00:00,1,jed4c-deepseek-codeact-x1000-s12,{},macro_f1,True,0.75,35,0.10628910032000001,0.1328613754,3544792,37975,3582767,1574.899372747168,4.78997215628624,767.91796875,0.0,767.91796875,1580.6913858167827,True
codeact_x1000,x1000-openrouter-full-deepseek-v4-flash-tier4-task13-codeact-x1000-r03,deepseek-v4-flash,DeepSeek V4 Flash,codeact,4,tier4/task13,1000,1,4,succeeded,final,2026-09-21T01:15:31.039365+00:00,1,jed4c-deepseek-codeact-x1000-s13,{},macro_f1,True,0.5,38,0.06333802176,0.0791725272,3724518,72319,3796837,1264.9137315694243,2.6076478343456984,813.421875,0.0,813.421875,1270.5630639269948,True
codeact_x1000,x1000-openrouter-full-deepseek-v4-flash-tier4-task13-codeact-x1000-r04,deepseek-v4-flash,DeepSeek V4 Flash,codeact,4,tier4/task13,1000,1,4,failed,final,2026-09-21T00:41:59.545132+00:00,1,jed4c-deepseek-codeact-x1000-s14,"{""unknown"": 1}",macro_f1,False,,,,,,,,,,,,,,True
codeact_x1000,x1000-openrouter-full-deepseek-v4-flash-tier4-task13-codeact-x1000-r05,deepseek-v4-flash,DeepSeek V4 Flash,codeact,4,tier4/task13,1000,1,4,failed,final,2026-09-21T00:43:29.413734+00:00,1,jed4c-deepseek-codeact-x1000-s15,"{""unknown"": 1}",macro_f1,False,,,,,,,,,,,,,,True
codeact_x1000,x1000-openrouter-full-deepseek-v4-flash-tier4-task14-codeact-x1000-r01,deepseek-v4-flash,DeepSeek V4 Flash,codeact,4,tier4/task14,1000,1,2,succeeded,final,2026-09-21T01:44:49.621597+00:00,1,jed4c-deepseek-codeact-x1000-s06,{},macro_f1,True,0.5,18,0.03458045479999999,0.04322556849999999,1691085,29088,1720173,1105.2814335469157,7.366058247163892,934.875,0.0,934.875,1110.839900959283,True
codeact_x1000,x1000-openrouter-full-deepseek-v4-flash-tier4-task14-codeact-x1000-r02,deepseek-v4-flash,DeepSeek V4 Flash,codeact,4,tier4/task14,1000,1,2,succeeded,final,2026-09-21T01:33:20.758755+00:00,1,jed4c-deepseek-codeact-x1000-s07,{},macro_f1,True,0.5,19,0.05285962136,0.0660745267,1890241,122628,2012869,1074.2067368738353,1.4612832628190517,772.41796875,0.0,772.41796875,1080.5444705709815,True
codeact_x1000,x1000-openrouter-full-deepseek-v4-flash-tier4-task14-codeact-x1000-r03,deepseek-v4-flash,DeepSeek V4 Flash,codeact,4,tier4/task14,1000,1,2,failed,final,2026-09-21T01:33:50.800282+00:00,1,jed4c-deepseek-codeact-x1000-s08,"{""unknown"": 1}",macro_f1,False,,,,,,,,,,,,,,True
codeact_x1000,x1000-openrouter-full-deepseek-v4-flash-tier4-task14-codeact-x1000-r04,deepseek-v4-flash,DeepSeek V4 Flash,codeact,4,tier4/task14,1000,1,2,succeeded,final,2026-09-21T01:01:49.389488+00:00,1,jed4c-deepseek-codeact-x1000-s09,{},macro_f1,True,1.0,12,0.05956970608,0.0744621326,1442998,99022,1542020,833.3201137054712,23.661828665062785,815.61328125,0.0,815.61328125,838.9714559409767,True
codeact_x1000,x1000-openrouter-full-deepseek-v4-flash-tier4-task14-codeact-x1000-r05,deepseek-v4-flash,DeepSeek V4 Flash,codeact,4,tier4/task14,1000,1,2,failed,final,2026-09-21T01:22:51.136968+00:00,1,jed4c-deepseek-codeact-x1000-s10,"{""unknown"": 1}",macro_f1,False,,,,,,,,,,,,,,True
codeact_x1000,x1000-openrouter-full-deepseek-v4-flash-tier4-task15-codeact-x1000-r01,deepseek-v4-flash,DeepSeek V4 Flash,codeact,4,tier4/task15,1000,1,4,failed,final,2026-09-20T23:57:06.310465+00:00,1,jed4c-deepseek-codeact-x1000-s01,"{""unknown"": 1}",macro_reaction_f1,False,,,,,,,,,,,,,,True
codeact_x1000,x1000-openrouter-full-deepseek-v4-flash-tier4-task15-codeact-x1000-r02,deepseek-v4-flash,DeepSeek V4 Flash,codeact,4,tier4/task15,1000,1,4,failed,final,2026-09-21T00:08:57.936865+00:00,1,jed4c-deepseek-codeact-x1000-s02,"{""unknown"": 1}",macro_reaction_f1,False,,,,,,,,,,,,,,True
codeact_x1000,x1000-openrouter-full-deepseek-v4-flash-tier4-task15-codeact-x1000-r03,deepseek-v4-flash,DeepSeek V4 Flash,codeact,4,tier4/task15,1000,1,4,failed,final,2026-09-21T00:05:35.450285+00:00,1,jed4c-deepseek-codeact-x1000-s03,"{""unknown"": 1}",macro_reaction_f1,False,,,,,,,,,,,,,,True
codeact_x1000,x1000-openrouter-full-deepseek-v4-flash-tier4-task15-codeact-x1000-r04,deepseek-v4-flash,DeepSeek V4 Flash,codeact,4,tier4/task15,1000,1,4,failed,final,2026-09-21T00:29:07.905064+00:00,1,jed4c-deepseek-codeact-x1000-s04,"{""unknown"": 1}",macro_reaction_f1,False,,,,,,,,,,,,,,True
codeact_x1000,x1000-openrouter-full-deepseek-v4-flash-tier4-task15-codeact-x1000-r05,deepseek-v4-flash,DeepSeek V4 Flash,codeact,4,tier4/task15,1000,1,4,failed,final,2026-09-21T00:44:25.062808+00:00,1,jed4c-deepseek-codeact-x1000-s05,"{""unknown"": 1}",macro_reaction_f1,False,,,,,,,,,,,,,,True
codeact_x1000,x1000-openrouter-full-deepseek-v4-flash-tier4-task16-codeact-x1000-r01,deepseek-v4-flash,DeepSeek V4 Flash,codeact,4,tier4/task16,1000,1,10,failed,final,2026-09-21T00:07:54.530072+00:00,1,jed4c-deepseek-codeact-x1000-s06,"{""unknown"": 1}",macro_f1,False,,,,,,,,,,,,,,True
codeact_x1000,x1000-openrouter-full-deepseek-v4-flash-tier4-task16-codeact-x1000-r02,deepseek-v4-flash,DeepSeek V4 Flash,codeact,4,tier4/task16,1000,1,10,failed,final,2026-09-20T23:42:05.924326+00:00,1,jed4c-deepseek-codeact-x1000-s07,"{""unknown"": 1}",macro_f1,False,,,,,,,,,,,,,,True
codeact_x1000,x1000-openrouter-full-deepseek-v4-flash-tier4-task16-codeact-x1000-r03,deepseek-v4-flash,DeepSeek V4 Flash,codeact,4,tier4/task16,1000,1,10,failed,final,2026-09-21T00:01:22.927754+00:00,1,jed4c-deepseek-codeact-x1000-s08,"{""unknown"": 1}",macro_f1,False,,,,,,,,,,,,,,True
codeact_x1000,x1000-openrouter-full-deepseek-v4-flash-tier4-task16-codeact-x1000-r04,deepseek-v4-flash,DeepSeek V4 Flash,codeact,4,tier4/task16,1000,1,10,failed,final,2026-09-20T23:51:08.925845+00:00,1,jed4c-deepseek-codeact-x1000-s09,"{""unknown"": 1}",macro_f1,False,,,,,,,,,,,,,,True
codeact_x1000,x1000-openrouter-full-deepseek-v4-flash-tier4-task16-codeact-x1000-r05,deepseek-v4-flash,DeepSeek V4 Flash,codeact,4,tier4/task16,1000,1,10,failed,final,2026-09-20T23:39:43.501035+00:00,1,jed4c-deepseek-codeact-x1000-s10,"{""unknown"": 1}",macro_f1,False,,,,,,,,,,,,,,True
codeact_x1000,x1000-openrouter-full-deepseek-v4-flash-tier4-task17-codeact-x1000-r01,deepseek-v4-flash,DeepSeek V4 Flash,codeact,4,tier4/task17,1000,1,5,failed,final,2026-09-20T23:41:13.100032+00:00,1,jed4c-deepseek-codeact-x1000-s16,"{""unknown"": 1}",macro_f1,False,,,,,,,,,,,,,,True
codeact_x1000,x1000-openrouter-full-deepseek-v4-flash-tier4-task17-codeact-x1000-r02,deepseek-v4-flash,DeepSeek V4 Flash,codeact,4,tier4/task17,1000,1,5,failed,final,2026-09-20T23:43:02.554828+00:00,1,jed4c-deepseek-codeact-x1000-s17,"{""unknown"": 1}",macro_f1,False,,,,,,,,,,,,,,True
codeact_x1000,x1000-openrouter-full-deepseek-v4-flash-tier4-task17-codeact-x1000-r03,deepseek-v4-flash,DeepSeek V4 Flash,codeact,4,tier4/task17,1000,1,5,failed,final,2026-09-20T23:46:02.683325+00:00,1,jed4c-deepseek-codeact-x1000-s18,"{""unknown"": 1}",macro_f1,False,,,,,,,,,,,,,,True
codeact_x1000,x1000-openrouter-full-deepseek-v4-flash-tier4-task17-codeact-x1000-r04,deepseek-v4-flash,DeepSeek V4 Flash,codeact,4,tier4/task17,1000,1,5,failed,final,2026-09-21T00:06:01.422321+00:00,1,jed4c-deepseek-codeact-x1000-s19,"{""unknown"": 1}",macro_f1,False,,,,,,,,,,,,,,True
codeact_x1000,x1000-openrouter-full-deepseek-v4-flash-tier4-task17-codeact-x1000-r05,deepseek-v4-flash,DeepSeek V4 Flash,codeact,4,tier4/task17,1000,1,5,failed,final,2026-09-21T00:08:19.388543+00:00,1,jed4c-deepseek-codeact-x1000-s20,"{""unknown"": 1}",macro_f1,False,,,,,,,,,,,,,,True
codeact_x1000,x1000-openrouter-full-deepseek-v4-flash-tier4-task17b-codeact-x1000-r01,deepseek-v4-flash,DeepSeek V4 Flash,codeact,4,tier4/task17b,1000,1,5,failed,final,2026-09-21T00:54:41.779305+00:00,1,jed4c-deepseek-codeact-x1000-s11,"{""unknown"": 1}",macro_f1,False,,,,,,,,,,,,,,True
codeact_x1000,x1000-openrouter-full-deepseek-v4-flash-tier4-task17b-codeact-x1000-r02,deepseek-v4-flash,DeepSeek V4 Flash,codeact,4,tier4/task17b,1000,1,5,failed,final,2026-09-21T00:03:14.289136+00:00,1,jed4c-deepseek-codeact-x1000-s12,"{""unknown"": 1}",macro_f1,False,,,,,,,,,,,,,,True
codeact_x1000,x1000-openrouter-full-deepseek-v4-flash-tier4-task17b-codeact-x1000-r03,deepseek-v4-flash,DeepSeek V4 Flash,codeact,4,tier4/task17b,1000,1,5,succeeded,final,2026-09-21T00:54:18.550968+00:00,1,jed4c-deepseek-codeact-x1000-s13,{},macro_f1,True,0.4666666666666666,48,0.10252211687360001,0.128152646092,4806963,112017,4918980,2386.0871757678688,8.8396105915308,754.703125,0.0,754.703125,2391.4451693538576,True
codeact_x1000,x1000-openrouter-full-deepseek-v4-flash-tier4-task17b-codeact-x1000-r04,deepseek-v4-flash,DeepSeek V4 Flash,codeact,4,tier4/task17b,1000,1,5,failed,final,2026-09-21T00:26:34.529778+00:00,1,jed4c-deepseek-codeact-x1000-s14,"{""unknown"": 1}",macro_f1,False,,,,,,,,,,,,,,True
codeact_x1000,x1000-openrouter-full-deepseek-v4-flash-tier4-task17b-codeact-x1000-r05,deepseek-v4-flash,DeepSeek V4 Flash,codeact,4,tier4/task17b,1000,1,5,failed,final,2026-09-21T00:27:41.038682+00:00,1,jed4c-deepseek-codeact-x1000-s15,"{""unknown"": 1}",macro_f1,False,,,,,,,,,,,,,,True
codeact_x1000,full-gemini-3.7-flash-tier1-task1-codeact-x1000-r01,gemini-3.7-flash,Gemini 3.7 Flash,codeact,1,tier1/task1,1000,1,10,succeeded,external-succeeded-result-pack,2026-09-22T13:42:48.963629+00:00,2,gemini-codeact-x1000-succeeded-pack.tgz,{},macro_f1,True,1.0,53,0.8285874,1.03573425,2212956,6041,2218997,275.57643302500946,1.2450327398837544,766.26171875,0.0,766.26171875,278.42900686204666,True
codeact_x1000,full-gemini-3.7-flash-tier1-task1-codeact-x1000-r02,gemini-3.7-flash,Gemini 3.7 Flash,codeact,1,tier1/task1,1000,2,10,succeeded,external-succeeded-result-pack,2026-09-22T13:42:48.963629+00:00,1,gemini-codeact-x1000-succeeded-pack.tgz,{},macro_f1,True,1.0,51,0.5153175,0.644146875,1987289,4946,1992235,234.27517530100886,1.1547526521026157,762.78125,0.0,762.78125,236.86498464801116,True
codeact_x1000,full-gemini-3.7-flash-tier1-task1-codeact-x1000-r03,gemini-3.7-flash,Gemini 3.7 Flash,codeact,1,tier1/task1,1000,3,10,succeeded,external-succeeded-result-pack,2026-09-22T13:42:48.963629+00:00,1,gemini-codeact-x1000-succeeded-pack.tgz,{},macro_f1,True,1.0,60,0.5410659,0.676332375,1548422,4797,1553219,344.30489750695415,0.7472613480640575,764.70703125,0.0,764.70703125,347.2664192360244,True
codeact_x1000,full-gemini-3.7-flash-tier1-task1-codeact-x1000-r04,gemini-3.7-flash,Gemini 3.7 Flash,codeact,1,tier1/task1,1000,4,10,succeeded,external-succeeded-result-pack,2026-09-22T13:42:48.963629+00:00,1,gemini-codeact-x1000-succeeded-pack.tgz,{},macro_f1,True,1.0,67,0.49633614000000004,0.620420175,1766521,4408,1770929,372.4377218419686,0.8381436049821787,764.8125,0.0,764.8125,375.178029897972,True
codeact_x1000,full-gemini-3.7-flash-tier1-task1-codeact-x1000-r05,gemini-3.7-flash,Gemini 3.7 Flash,codeact,1,tier1/task1,1000,5,10,succeeded,external-succeeded-result-pack,2026-09-22T13:42:48.963629+00:00,1,gemini-codeact-x1000-succeeded-pack.tgz,{},macro_f1,True,1.0,36,0.82343298,1.029291225,2210168,4881,2215049,183.93956630805042,1.2161946499836631,766.71484375,0.0,766.71484375,186.61658510996494,True
codeact_x1000,full-gemini-3.7-flash-tier2-task2-codeact-x1000-r01,gemini-3.7-flash,Gemini 3.7 Flash,codeact,2,tier2/task2,1000,1,6,succeeded,external-succeeded-result-pack,2026-09-22T13:42:48.963629+00:00,1,gemini-codeact-x1000-succeeded-pack.tgz,{},macro_f1,True,0.7458333333333332,39,0.6407763000000001,0.800970375,1105761,12338,1118099,298.544113853015,0.9553838120191358,769.5234375,0.0,769.5234375,302.82997306104517,True
codeact_x1000,full-gemini-3.7-flash-tier2-task2-codeact-x1000-r02,gemini-3.7-flash,Gemini 3.7 Flash,codeact,2,tier2/task2,1000,2,6,succeeded,external-succeeded-result-pack,2026-09-22T13:42:48.963629+00:00,1,gemini-codeact-x1000-succeeded-pack.tgz,{},macro_f1,True,0.6942355889724311,41,0.5156991,0.644623875,886554,14487,901041,305.7108502049814,0.7615796499885619,769.9765625,0.0,769.9765625,310.02283560700016,True
codeact_x1000,full-gemini-3.7-flash-tier2-task2-codeact-x1000-r03,gemini-3.7-flash,Gemini 3.7 Flash,codeact,2,tier2/task2,1000,3,6,succeeded,external-succeeded-result-pack,2026-09-22T13:42:48.963629+00:00,1,gemini-codeact-x1000-succeeded-pack.tgz,{},macro_f1,True,0.5718629076838032,39,0.53052834,0.663160425,1215271,10427,1225698,247.30261273198994,0.7514226069906726,766.70703125,0.0,766.70703125,251.37425011896994,True
codeact_x1000,full-gemini-3.7-flash-tier2-task2-codeact-x1000-r04,gemini-3.7-flash,Gemini 3.7 Flash,codeact,2,tier2/task2,1000,4,6,succeeded,external-succeeded-result-pack,2026-09-22T13:42:48.963629+00:00,1,gemini-codeact-x1000-succeeded-pack.tgz,{},macro_f1,True,0.4678924876293297,50,0.45387180000000005,0.56733975,665018,18287,683305,389.68485513399355,0.21176246594404802,771.125,0.0,771.125,394.36298386001727,True
codeact_x1000,full-gemini-3.7-flash-tier2-task2-codeact-x1000-r05,gemini-3.7-flash,Gemini 3.7 Flash,codeact,2,tier2/task2,1000,5,6,succeeded,external-succeeded-result-pack,2026-09-22T13:42:48.963629+00:00,1,gemini-codeact-x1000-succeeded-pack.tgz,{},macro_f1,True,0.4909042268592831,47,0.4423932,0.5529915,771762,12273,784035,313.53854102798505,0.42474572703940794,769.17578125,0.0,769.17578125,317.73872665001545,True
codeact_x1000,full-gemini-3.7-flash-tier2-task3-codeact-x1000-r01,gemini-3.7-flash,Gemini 3.7 Flash,codeact,2,tier2/task3,1000,1,5,succeeded,external-succeeded-result-pack,2026-09-22T13:42:48.963629+00:00,1,gemini-codeact-x1000-succeeded-pack.tgz,{},macro_f1,True,0.4226415094339623,38,0.18845699999999999,0.23557124999999998,663329,6781,670110,222.65535618399736,0.3727304079802707,770.203125,0.0,770.203125,226.79539008100983,True
codeact_x1000,full-gemini-3.7-flash-tier2-task3-codeact-x1000-r02,gemini-3.7-flash,Gemini 3.7 Flash,codeact,2,tier2/task3,1000,2,5,succeeded,external-succeeded-result-pack,2026-09-22T13:42:48.963629+00:00,1,gemini-codeact-x1000-succeeded-pack.tgz,{},macro_f1,True,0.772211350293542,32,0.6857224799999999,0.8571530999999999,997509,67394,1064903,364.0874321409501,0.5617849630652927,773.1796875,0.0,773.1796875,367.97178611397976,True
codeact_x1000,full-gemini-3.7-flash-tier2-task3-codeact-x1000-r03,gemini-3.7-flash,Gemini 3.7 Flash,codeact,2,tier2/task3,1000,3,5,succeeded,external-succeeded-result-pack,2026-09-22T13:42:48.963629+00:00,1,gemini-codeact-x1000-succeeded-pack.tgz,{},macro_f1,True,0.6853856910476299,29,0.559551,0.69943875,1109074,22133,1131207,217.05405071302084,0.5559074269840494,773.88671875,0.0,773.88671875,221.13233557500644,True
codeact_x1000,full-gemini-3.7-flash-tier2-task3-codeact-x1000-r04,gemini-3.7-flash,Gemini 3.7 Flash,codeact,2,tier2/task3,1000,4,5,succeeded,external-succeeded-result-pack,2026-09-22T13:42:48.963629+00:00,1,gemini-codeact-x1000-succeeded-pack.tgz,{},macro_f1,True,0.7219858156028369,35,0.36806088000000003,0.4600761,999811,19199,1019010,262.179485895962,0.5583179440582171,773.8359375,0.0,773.8359375,266.1885273579974,True
codeact_x1000,full-gemini-3.7-flash-tier2-task3-codeact-x1000-r05,gemini-3.7-flash,Gemini 3.7 Flash,codeact,2,tier2/task3,1000,5,5,succeeded,external-succeeded-result-pack,2026-09-22T13:42:48.963629+00:00,1,gemini-codeact-x1000-succeeded-pack.tgz,{},macro_f1,True,0.6108695652173913,37,0.3447177,0.430897125,1220341,5610,1225951,270.31440172501607,0.547588764980901,774.171875,0.0,774.171875,277.9948631769512,True
codeact_x1000,full-gemini-3.7-flash-tier2-task4-codeact-x1000-r01,gemini-3.7-flash,Gemini 3.7 Flash,codeact,2,tier2/task4,1000,1,5,succeeded,external-succeeded-result-pack,2026-09-22T13:42:48.963629+00:00,1,gemini-codeact-x1000-succeeded-pack.tgz,{},macro_f1,True,1.0,28,0.52554546,0.656931825,1232517,6795,1239312,163.68772557599004,1.243932910147123,761.1875,0.0,761.1875,168.0058013430098,True
codeact_x1000,full-gemini-3.7-flash-tier2-task4-codeact-x1000-r02,gemini-3.7-flash,Gemini 3.7 Flash,codeact,2,tier2/task4,1000,2,5,succeeded,external-succeeded-result-pack,2026-09-22T13:42:48.963629+00:00,1,gemini-codeact-x1000-succeeded-pack.tgz,{},macro_f1,True,0.8,32,0.19336164,0.24170204999999997,895560,2519,898079,171.9270447519957,0.7317847750382498,764.37109375,0.0,764.37109375,176.0978759789723,True
codeact_x1000,full-gemini-3.7-flash-tier2-task4-codeact-x1000-r03,gemini-3.7-flash,Gemini 3.7 Flash,codeact,2,tier2/task4,1000,3,5,succeeded,external-succeeded-result-pack,2026-09-22T13:42:48.963629+00:00,1,gemini-codeact-x1000-succeeded-pack.tgz,{},macro_f1,True,1.0,18,0.2158917,0.26986462499999997,1115900,3547,1119447,102.43337438098388,1.0545215659076348,765.1171875,0.0,765.1171875,106.48495975899277,True
codeact_x1000,full-gemini-3.7-flash-tier2-task4-codeact-x1000-r04,gemini-3.7-flash,Gemini 3.7 Flash,codeact,2,tier2/task4,1000,4,5,succeeded,external-succeeded-result-pack,2026-09-22T13:42:48.963629+00:00,1,gemini-codeact-x1000-succeeded-pack.tgz,{},macro_f1,True,1.0,23,0.21442457999999998,0.26803072499999997,1002024,5887,1007911,166.93319277500268,0.7310661119990982,764.046875,0.0,764.046875,172.04906692105578,True
codeact_x1000,full-gemini-3.7-flash-tier2-task4-codeact-x1000-r05,gemini-3.7-flash,Gemini 3.7 Flash,codeact,2,tier2/task4,1000,5,5,succeeded,external-succeeded-result-pack,2026-09-22T13:42:48.963629+00:00,1,gemini-codeact-x1000-succeeded-pack.tgz,{},macro_f1,True,1.0,19,0.3166677,0.395834625,1002218,3098,1005316,94.6944986510207,0.9265394829562865,762.34375,0.0,762.34375,101.78727867105044,True
codeact_x1000,full-gemini-3.7-flash-tier2-task5-codeact-x1000-r01,gemini-3.7-flash,Gemini 3.7 Flash,codeact,2,tier2/task5,1000,1,4,succeeded,external-succeeded-result-pack,2026-09-22T13:42:48.963629+00:00,1,gemini-codeact-x1000-succeeded-pack.tgz,{},macro_f1,True,0.5,27,0.37145334,0.464316675,893454,4084,897538,231.9770153100253,0.4161360519938171,761.74609375,0.0,761.74609375,236.24857484997483,True
codeact_x1000,full-gemini-3.7-flash-tier2-task5-codeact-x1000-r02,gemini-3.7-flash,Gemini 3.7 Flash,codeact,2,tier2/task5,1000,2,4,succeeded,external-succeeded-result-pack,2026-09-22T13:42:48.963629+00:00,1,gemini-codeact-x1000-succeeded-pack.tgz,{},macro_f1,True,1.0,15,0.491406,0.6142575,894735,4016,898751,81.50801017403137,0.9855590620427392,765.54296875,0.0,765.54296875,85.9907998960116,True
codeact_x1000,full-gemini-3.7-flash-tier2-task5-codeact-x1000-r03,gemini-3.7-flash,Gemini 3.7 Flash,codeact,2,tier2/task5,1000,3,4,succeeded,external-succeeded-result-pack,2026-09-22T13:42:48.963629+00:00,1,gemini-codeact-x1000-succeeded-pack.tgz,{},macro_f1,True,1.0,13,0.07270536000000001,0.09088170000000001,782037,3403,785440,80.6691335689975,1.1048001010203734,767.53515625,0.0,767.53515625,84.87172653502785,True
codeact_x1000,full-gemini-3.7-flash-tier2-task5-codeact-x1000-r04,gemini-3.7-flash,Gemini 3.7 Flash,codeact,2,tier2/task5,1000,4,4,succeeded,external-succeeded-result-pack,2026-09-22T13:42:48.963629+00:00,1,gemini-codeact-x1000-succeeded-pack.tgz,{},macro_f1,True,0.7794117647058824,22,0.25773138,0.32216422499999997,894123,3624,897747,176.21641551697394,0.5842749060248025,764.51953125,0.0,764.51953125,180.24585180700524,True
codeact_x1000,full-gemini-3.7-flash-tier2-task5-codeact-x1000-r05,gemini-3.7-flash,Gemini 3.7 Flash,codeact,2,tier2/task5,1000,5,4,succeeded,external-succeeded-result-pack,2026-09-22T13:42:48.963629+00:00,1,gemini-codeact-x1000-succeeded-pack.tgz,{},macro_f1,True,1.0,19,0.14240388,0.17800485,894796,4088,898884,129.9904638120206,0.9449186109704897,767.25390625,0.0,767.25390625,133.93302166997455,True
codeact_x1000,full-gemini-3.7-flash-tier3-task10-codeact-x1000-r01,gemini-3.7-flash,Gemini 3.7 Flash,codeact,3,tier3/task10,1000,1,5,succeeded,external-succeeded-result-pack,2026-09-22T13:42:48.963629+00:00,1,gemini-codeact-x1000-succeeded-pack.tgz,{},macro_f1,True,0.8126436781609193,39,0.68799396,0.85999245,1903177,12947,1916124,232.73094896104885,0.05727781407767907,770.91015625,0.0,770.91015625,237.0317829429987,True
codeact_x1000,full-gemini-3.7-flash-tier3-task10-codeact-x1000-r02,gemini-3.7-flash,Gemini 3.7 Flash,codeact,3,tier3/task10,1000,2,5,succeeded,external-succeeded-result-pack,2026-09-22T13:42:48.963629+00:00,1,gemini-codeact-x1000-succeeded-pack.tgz,{},macro_f1,True,0.8156862745098039,39,0.9532796400000001,1.19159955,2437578,46578,2484156,394.1642481519957,1.6875082609476522,778.08984375,0.0,778.08984375,398.6041316440096,True
codeact_x1000,full-gemini-3.7-flash-tier3-task10-codeact-x1000-r03,gemini-3.7-flash,Gemini 3.7 Flash,codeact,3,tier3/task10,1000,3,5,succeeded,external-succeeded-result-pack,2026-09-22T13:42:48.963629+00:00,1,gemini-codeact-x1000-succeeded-pack.tgz,{},macro_f1,True,0.8363636363636363,39,0.37350030000000006,0.46687537500000004,2005270,10530,2015800,227.3092231620103,1.2435539939324372,774.18359375,0.0,774.18359375,231.78842819901183,True
codeact_x1000,full-gemini-3.7-flash-tier3-task10-codeact-x1000-r04,gemini-3.7-flash,Gemini 3.7 Flash,codeact,3,tier3/task10,1000,4,5,succeeded,external-succeeded-result-pack,2026-09-22T13:42:48.963629+00:00,1,gemini-codeact-x1000-succeeded-pack.tgz,{},macro_f1,True,0.8392540792540792,45,0.7269943200000001,0.9087429,2577650,14089,2591739,372.4756760870223,0.4233764439704828,778.41015625,0.0,778.41015625,377.0677673139726,True
codeact_x1000,full-gemini-3.7-flash-tier3-task10-codeact-x1000-r05,gemini-3.7-flash,Gemini 3.7 Flash,codeact,3,tier3/task10,1000,5,5,succeeded,external-succeeded-result-pack,2026-09-22T13:42:48.963629+00:00,1,gemini-codeact-x1000-succeeded-pack.tgz,{},macro_f1,True,0.818407960199005,35,0.4153069800000001,0.5191337250000001,3153339,15912,3169251,280.62009447597666,1.0199488959624432,773.9765625,0.0,773.9765625,285.15326934104087,True
codeact_x1000,full-gemini-3.7-flash-tier3-task10b-codeact-x1000-r01,gemini-3.7-flash,Gemini 3.7 Flash,codeact,3,tier3/task10b,1000,1,5,succeeded,external-succeeded-result-pack,2026-09-22T13:42:48.963629+00:00,1,gemini-codeact-x1000-succeeded-pack.tgz,{},macro_f1,True,0.6954545454545454,45,0.41447747999999995,0.5180968499999999,1000355,14730,1015085,327.21408887801226,0.36082355404505506,770.71484375,0.0,770.71484375,331.45361681398936,True
codeact_x1000,full-gemini-3.7-flash-tier3-task10b-codeact-x1000-r02,gemini-3.7-flash,Gemini 3.7 Flash,codeact,3,tier3/task10b,1000,2,5,succeeded,external-succeeded-result-pack,2026-09-22T13:42:48.963629+00:00,1,gemini-codeact-x1000-succeeded-pack.tgz,{},macro_f1,True,0.4444444444444445,47,0.25846578000000003,0.323082225,904024,5557,909581,354.8907746679615,0.026512212003581226,769.72265625,0.0,769.72265625,359.2064764610259,True
codeact_x1000,full-gemini-3.7-flash-tier3-task10b-codeact-x1000-r03,gemini-3.7-flash,Gemini 3.7 Flash,codeact,3,tier3/task10b,1000,3,5,succeeded,external-succeeded-result-pack,2026-09-22T13:42:48.963629+00:00,1,gemini-codeact-x1000-succeeded-pack.tgz,{},macro_f1,True,0.7230769230769231,44,0.7327431,0.915928875,2718293,14726,2733019,318.14021171303466,0.5346323089906946,782.015625,0.0,782.015625,322.3968729079934,True
codeact_x1000,full-gemini-3.7-flash-tier3-task10b-codeact-x1000-r04,gemini-3.7-flash,Gemini 3.7 Flash,codeact,3,tier3/task10b,1000,4,5,succeeded,external-succeeded-result-pack,2026-09-22T13:42:48.963629+00:00,1,gemini-codeact-x1000-succeeded-pack.tgz,{},macro_f1,True,0.704029304029304,45,1.13611542,1.4201442750000002,4785033,15365,4800398,266.03030479705194,0.5985488499281928,783.6875,0.0,783.6875,271.39284064702224,True
codeact_x1000,full-gemini-3.7-flash-tier3-task10b-codeact-x1000-r05,gemini-3.7-flash,Gemini 3.7 Flash,codeact,3,tier3/task10b,1000,5,5,succeeded,external-succeeded-result-pack,2026-09-22T13:42:48.963629+00:00,1,gemini-codeact-x1000-succeeded-pack.tgz,{},macro_f1,True,0.6564102564102564,41,1.05182388,1.3147798499999999,3499808,43874,3543682,492.15275628102245,0.03687887196429074,768.32421875,0.0,768.32421875,496.31702175398823,True
codeact_x1000,full-gemini-3.7-flash-tier3-task13-codeact-x1000-r01,gemini-3.7-flash,Gemini 3.7 Flash,codeact,3,tier3/task13,1000,1,1,succeeded,external-succeeded-result-pack,2026-09-22T13:42:48.963629+00:00,1,gemini-codeact-x1000-succeeded-pack.tgz,{},macro_f1,True,1.0,3,0.0799704,0.099963,223949,1028,224977,29.335411331965588,0.22303794097388163,566.515625,0.0,566.515625,34.14265117095783,True
codeact_x1000,full-gemini-3.7-flash-tier3-task13-codeact-x1000-r02,gemini-3.7-flash,Gemini 3.7 Flash,codeact,3,tier3/task13,1000,2,1,succeeded,external-succeeded-result-pack,2026-09-22T13:42:48.963629+00:00,1,gemini-codeact-x1000-succeeded-pack.tgz,{},macro_f1,True,0.0,10,0.0684324,0.0855405,111569,497,112066,123.95546673599165,0,567.46484375,0.0,567.46484375,127.88368579203961,True
codeact_x1000,full-gemini-3.7-flash-tier3-task13-codeact-x1000-r03,gemini-3.7-flash,Gemini 3.7 Flash,codeact,3,tier3/task13,1000,3,1,succeeded,external-succeeded-result-pack,2026-09-22T13:42:48.963629+00:00,1,gemini-codeact-x1000-succeeded-pack.tgz,{},macro_f1,True,0.3617021276595745,10,0.09974064,0.1246758,335013,4567,339580,106.15363905997947,0,566.16796875,0.0,566.16796875,110.13015241001267,True
codeact_x1000,full-gemini-3.7-flash-tier3-task13-codeact-x1000-r04,gemini-3.7-flash,Gemini 3.7 Flash,codeact,3,tier3/task13,1000,4,1,succeeded,external-succeeded-result-pack,2026-09-22T13:42:48.963629+00:00,1,gemini-codeact-x1000-succeeded-pack.tgz,{},macro_f1,True,1.0,4,0.08028360000000001,0.1003545,224036,1115,225151,33.082356883969624,0.21885476796887815,567.76953125,0.0,567.76953125,37.27699449501233,True
codeact_x1000,full-gemini-3.7-flash-tier3-task13-codeact-x1000-r05,gemini-3.7-flash,Gemini 3.7 Flash,codeact,3,tier3/task13,1000,5,1,succeeded,external-succeeded-result-pack,2026-09-22T13:42:48.963629+00:00,1,gemini-codeact-x1000-succeeded-pack.tgz,{},macro_f1,True,1.0,8,0.03197328,0.0399666,335901,1655,337556,80.31196322495816,0.21931272000074387,569.1171875,0.0,569.1171875,84.47149026399711,True
codeact_x1000,full-gemini-3.7-flash-tier3-task14-codeact-x1000-r01,gemini-3.7-flash,Gemini 3.7 Flash,codeact,3,tier3/task14,1000,1,1,succeeded,external-succeeded-result-pack,2026-09-22T13:42:48.963629+00:00,1,gemini-codeact-x1000-succeeded-pack.tgz,{},macro_f1,True,0.0,10,0.0725226,0.09065325,114786,1217,116003,170.5312861140119,0,569.9140625,0.0,569.9140625,175.18314279802144,True
codeact_x1000,full-gemini-3.7-flash-tier3-task14-codeact-x1000-r02,gemini-3.7-flash,Gemini 3.7 Flash,codeact,3,tier3/task14,1000,2,1,succeeded,external-succeeded-result-pack,2026-09-22T13:42:48.963629+00:00,1,gemini-codeact-x1000-succeeded-pack.tgz,{},macro_f1,True,0.5779467680608366,9,0.0491103,0.061387875,114748,13252,128000,245.05533011100488,0,570.390625,0.0,570.390625,249.3731151460088,True
codeact_x1000,full-gemini-3.7-flash-tier3-task14-codeact-x1000-r03,gemini-3.7-flash,Gemini 3.7 Flash,codeact,3,tier3/task14,1000,3,1,succeeded,external-succeeded-result-pack,2026-09-22T13:42:48.963629+00:00,1,gemini-codeact-x1000-succeeded-pack.tgz,{},macro_f1,True,0.0,10,0.0,0.0,0,0,0,145.9426830179873,0,568.99609375,0.0,568.99609375,150.17902389203664,True
codeact_x1000,full-gemini-3.7-flash-tier3-task14-codeact-x1000-r04,gemini-3.7-flash,Gemini 3.7 Flash,codeact,3,tier3/task14,1000,4,1,succeeded,external-succeeded-result-pack,2026-09-22T13:42:48.963629+00:00,1,gemini-codeact-x1000-succeeded-pack.tgz,{},macro_f1,True,0.4962406015037594,10,0.08344176000000002,0.10430220000000001,230446,1623,232069,170.42828141601058,0,569.515625,0.0,569.515625,174.83425661094952,True
codeact_x1000,full-gemini-3.7-flash-tier3-task14-codeact-x1000-r05,gemini-3.7-flash,Gemini 3.7 Flash,codeact,3,tier3/task14,1000,5,1,succeeded,external-succeeded-result-pack,2026-09-22T13:42:48.963629+00:00,1,gemini-codeact-x1000-succeeded-pack.tgz,{},macro_f1,True,0.0,10,0.0,0.0,0,0,0,185.74585707503138,0,570.8203125,0.0,570.8203125,190.8142578219995,True
codeact_x1000,full-gemini-3.7-flash-tier3-task15-codeact-x1000-r01,gemini-3.7-flash,Gemini 3.7 Flash,codeact,3,tier3/task15,1000,1,1,succeeded,external-succeeded-result-pack,2026-09-22T13:42:48.963629+00:00,1,gemini-codeact-x1000-succeeded-pack.tgz,{},macro_f1,True,1.0,3,0.08787972,0.10984965,250957,1172,252129,43.59960514202248,0.31325722503243014,571.3671875,0.0,571.3671875,47.92308730701916,True
codeact_x1000,full-gemini-3.7-flash-tier3-task15-codeact-x1000-r02,gemini-3.7-flash,Gemini 3.7 Flash,codeact,3,tier3/task15,1000,2,1,succeeded,external-succeeded-result-pack,2026-09-22T13:42:48.963629+00:00,1,gemini-codeact-x1000-succeeded-pack.tgz,{},macro_f1,True,1.0,3,0.09471936,0.1183992,229337,5604,234941,51.4869855910074,0.3000641060061753,569.98046875,0.0,569.98046875,56.754182245989796,True
codeact_x1000,full-gemini-3.7-flash-tier3-task15-codeact-x1000-r03,gemini-3.7-flash,Gemini 3.7 Flash,codeact,3,tier3/task15,1000,3,1,succeeded,external-succeeded-result-pack,2026-09-22T13:42:48.963629+00:00,1,gemini-codeact-x1000-succeeded-pack.tgz,{},macro_f1,True,1.0,4,0.0233025,0.029128124999999998,225254,1774,227028,42.090886500955094,0.273625546018593,569.72265625,0.0,569.72265625,46.95926729799248,True
codeact_x1000,full-gemini-3.7-flash-tier3-task15-codeact-x1000-r04,gemini-3.7-flash,Gemini 3.7 Flash,codeact,3,tier3/task15,1000,4,1,succeeded,external-succeeded-result-pack,2026-09-22T13:42:48.963629+00:00,1,gemini-codeact-x1000-succeeded-pack.tgz,{},macro_f1,True,0.2830188679245283,9,0.027135,0.03391875,112175,5771,117946,155.35314889100846,0,567.73828125,0.0,567.73828125,159.45068003598135,True
codeact_x1000,full-gemini-3.7-flash-tier3-task15-codeact-x1000-r05,gemini-3.7-flash,Gemini 3.7 Flash,codeact,3,tier3/task15,1000,5,1,succeeded,external-succeeded-result-pack,2026-09-22T13:42:48.963629+00:00,1,gemini-codeact-x1000-succeeded-pack.tgz,{},macro_f1,True,0.3302752293577982,9,0.0231624,0.028953,112199,4442,116641,132.11278924101498,0,567.0,0.0,567.0,136.06498733098852,True
codeact_x1000,full-gemini-3.7-flash-tier3-task17-codeact-x1000-r01,gemini-3.7-flash,Gemini 3.7 Flash,codeact,3,tier3/task17,1000,1,1,succeeded,external-succeeded-result-pack,2026-09-22T13:42:48.963629+00:00,1,gemini-codeact-x1000-succeeded-pack.tgz,{},macro_f1,True,0.7428571428571429,9,0.0685815,0.085726875,114158,19927,134085,220.44643406698015,0.0005987000185996294,566.3828125,0.0,566.3828125,225.0089563090005,True
codeact_x1000,full-gemini-3.7-flash-tier3-task17-codeact-x1000-r02,gemini-3.7-flash,Gemini 3.7 Flash,codeact,3,tier3/task17,1000,2,1,succeeded,external-succeeded-result-pack,2026-09-22T13:42:48.963629+00:00,1,gemini-codeact-x1000-succeeded-pack.tgz,{},macro_f1,True,0.6880000000000001,9,0.03309432,0.0413679,344052,1877,345929,106.44986590597546,0.1883143140003085,570.13671875,0.0,570.13671875,110.6612610410084,True
codeact_x1000,full-gemini-3.7-flash-tier3-task17-codeact-x1000-r03,gemini-3.7-flash,Gemini 3.7 Flash,codeact,3,tier3/task17,1000,3,1,succeeded,external-succeeded-result-pack,2026-09-22T13:42:48.963629+00:00,1,gemini-codeact-x1000-succeeded-pack.tgz,{},macro_f1,True,0.7,10,0.128163,0.16020375,114120,19897,134017,243.78669535997324,0,567.28515625,0.0,567.28515625,248.07578706200002,True
codeact_x1000,full-gemini-3.7-flash-tier3-task17-codeact-x1000-r04,gemini-3.7-flash,Gemini 3.7 Flash,codeact,3,tier3/task17,1000,4,1,succeeded,external-succeeded-result-pack,2026-09-22T13:42:48.963629+00:00,1,gemini-codeact-x1000-succeeded-pack.tgz,{},macro_f1,True,0.7586206896551724,9,0.05714856000000001,0.0714357,114520,16042,130562,236.1626898769755,0,567.44140625,0.0,567.44140625,240.69822194299195,True
codeact_x1000,full-gemini-3.7-flash-tier3-task17-codeact-x1000-r05,gemini-3.7-flash,Gemini 3.7 Flash,codeact,3,tier3/task17,1000,5,1,succeeded,external-succeeded-result-pack,2026-09-22T13:42:48.963629+00:00,1,gemini-codeact-x1000-succeeded-pack.tgz,{},macro_f1,True,0.8192771084337349,9,0.026752500000000002,0.033440625,155238,6077,161315,259.01757142401766,0,568.328125,0.0,568.328125,263.4329200569773,True
codeact_x1000,full-gemini-3.7-flash-tier3-task18-codeact-x1000-r01,gemini-3.7-flash,Gemini 3.7 Flash,codeact,3,tier3/task18,1000,1,1,succeeded,external-succeeded-result-pack,2026-09-22T13:42:48.963629+00:00,1,gemini-codeact-x1000-succeeded-pack.tgz,{},macro_f1,True,0.0,10,0.07378320000000001,0.092229,155516,1962,157478,309.4462862320361,0,572.90234375,0.0,572.90234375,313.7120461020386,True
codeact_x1000,full-gemini-3.7-flash-tier3-task18-codeact-x1000-r02,gemini-3.7-flash,Gemini 3.7 Flash,codeact,3,tier3/task18,1000,2,1,succeeded,external-succeeded-result-pack,2026-09-22T13:42:48.963629+00:00,1,gemini-codeact-x1000-succeeded-pack.tgz,{},macro_f1,True,0.2966292134831461,10,0.0959517,0.119939625,229205,6041,235246,201.10177945403848,0,572.2265625,0.0,572.2265625,205.78395268699387,True
codeact_x1000,full-gemini-3.7-flash-tier3-task18-codeact-x1000-r03,gemini-3.7-flash,Gemini 3.7 Flash,codeact,3,tier3/task18,1000,3,1,succeeded,external-succeeded-result-pack,2026-09-22T13:42:48.963629+00:00,1,gemini-codeact-x1000-succeeded-pack.tgz,{},macro_f1,True,0.5794392523364486,9,0.01191246,0.014890575,162353,1231,163584,259.31344085902674,0.7775882150162943,578.28515625,0.0,578.28515625,263.5368419789593,True
codeact_x1000,full-gemini-3.7-flash-tier3-task18-codeact-x1000-r04,gemini-3.7-flash,Gemini 3.7 Flash,codeact,3,tier3/task18,1000,4,1,succeeded,external-succeeded-result-pack,2026-09-22T13:42:48.963629+00:00,1,gemini-codeact-x1000-succeeded-pack.tgz,{},macro_f1,True,0.2772727272727273,9,0.10850274,0.135628425,342160,7528,349688,235.10753155697603,0,573.63671875,0.0,573.63671875,239.28256865398725,True
codeact_x1000,full-gemini-3.7-flash-tier3-task18-codeact-x1000-r05,gemini-3.7-flash,Gemini 3.7 Flash,codeact,3,tier3/task18,1000,5,1,succeeded,external-succeeded-result-pack,2026-09-22T13:42:48.963629+00:00,1,gemini-codeact-x1000-succeeded-pack.tgz,{},macro_f1,True,0.27865168539325846,10,0.08480556,0.10600695,229379,2291,231670,183.62224332697224,0,574.83984375,0.0,574.83984375,187.73213169700466,True
codeact_x1000,full-gemini-3.7-flash-tier3-task20-codeact-x1000-r01,gemini-3.7-flash,Gemini 3.7 Flash,codeact,3,tier3/task20,1000,1,1,succeeded,external-succeeded-result-pack,2026-09-22T13:42:48.963629+00:00,1,gemini-codeact-x1000-succeeded-pack.tgz,{},macro_f1,True,0.7213114754098361,9,0.11181300000000001,0.13976625,107525,15766,123291,215.14033410401316,0,567.328125,0.0,567.328125,219.51978997699916,True
codeact_x1000,full-gemini-3.7-flash-tier3-task20-codeact-x1000-r02,gemini-3.7-flash,Gemini 3.7 Flash,codeact,3,tier3/task20,1000,2,1,succeeded,external-succeeded-result-pack,2026-09-22T13:42:48.963629+00:00,1,gemini-codeact-x1000-succeeded-pack.tgz,{},macro_f1,True,1.0,8,0.07540128000000001,0.0942516,215957,1103,217060,114.70872031495674,0.17354784900089726,568.44921875,0.0,568.44921875,118.5888580000028,True
codeact_x1000,full-gemini-3.7-flash-tier3-task20-codeact-x1000-r03,gemini-3.7-flash,Gemini 3.7 Flash,codeact,3,tier3/task20,1000,3,1,succeeded,external-succeeded-result-pack,2026-09-22T13:42:48.963629+00:00,1,gemini-codeact-x1000-succeeded-pack.tgz,{},macro_f1,True,0.0,10,0.0,0.0,0,0,0,129.9571392419748,0,566.25,0.0,566.25,134.38721124699805,True
codeact_x1000,full-gemini-3.7-flash-tier3-task20-codeact-x1000-r04,gemini-3.7-flash,Gemini 3.7 Flash,codeact,3,tier3/task20,1000,4,1,succeeded,external-succeeded-result-pack,2026-09-22T13:42:48.963629+00:00,1,gemini-codeact-x1000-succeeded-pack.tgz,{},macro_f1,True,0.0,10,0.0,0.0,0,0,0,122.88339134200942,0,567.28125,0.0,567.28125,126.81719306804007,True
codeact_x1000,full-gemini-3.7-flash-tier3-task20-codeact-x1000-r05,gemini-3.7-flash,Gemini 3.7 Flash,codeact,3,tier3/task20,1000,5,1,succeeded,external-succeeded-result-pack,2026-09-22T13:42:48.963629+00:00,1,gemini-codeact-x1000-succeeded-pack.tgz,{},macro_f1,True,0.0,10,0.0,0.0,0,0,0,141.30265654000686,0,566.4921875,0.0,566.4921875,145.78841063799337,True
codeact_x1000,full-gemini-3.7-flash-tier3-task21-codeact-x1000-r01,gemini-3.7-flash,Gemini 3.7 Flash,codeact,3,tier3/task21,1000,1,1,succeeded,external-succeeded-result-pack,2026-09-22T13:42:48.963629+00:00,1,gemini-codeact-x1000-succeeded-pack.tgz,{},macro_f1,True,1.0,7,0.08042880000000001,0.100536,220593,1852,222445,101.0736280559795,0.07751716097118333,572.59375,0.0,572.59375,105.55927802796941,True
codeact_x1000,full-gemini-3.7-flash-tier3-task21-codeact-x1000-r02,gemini-3.7-flash,Gemini 3.7 Flash,codeact,3,tier3/task21,1000,2,1,succeeded,external-succeeded-result-pack,2026-09-22T13:42:48.963629+00:00,1,gemini-codeact-x1000-succeeded-pack.tgz,{},macro_f1,True,1.0,5,0.08082900000000001,0.10103625000000001,220615,1981,222596,56.779648894036654,0.07627881603548303,572.18359375,0.0,572.18359375,66.58591767004691,True
codeact_x1000,full-gemini-3.7-flash-tier3-task21-codeact-x1000-r03,gemini-3.7-flash,Gemini 3.7 Flash,codeact,3,tier3/task21,1000,3,1,succeeded,external-succeeded-result-pack,2026-09-22T13:42:48.963629+00:00,1,gemini-codeact-x1000-succeeded-pack.tgz,{},macro_f1,True,1.0,5,0.08070540000000001,0.10088175,220534,1956,222490,72.715361788054,0.07753145002061501,571.85546875,0.0,571.85546875,77.12600570794893,True
codeact_x1000,full-gemini-3.7-flash-tier3-task21-codeact-x1000-r04,gemini-3.7-flash,Gemini 3.7 Flash,codeact,3,tier3/task21,1000,4,1,succeeded,external-succeeded-result-pack,2026-09-22T13:42:48.963629+00:00,1,gemini-codeact-x1000-succeeded-pack.tgz,{},macro_f1,True,1.0,3,0.02301834,0.028772925,220383,1900,222283,34.79163361899555,0.07610430696513504,571.7734375,0.0,571.7734375,38.98756779602263,True
codeact_x1000,full-gemini-3.7-flash-tier3-task21-codeact-x1000-r05,gemini-3.7-flash,Gemini 3.7 Flash,codeact,3,tier3/task21,1000,5,1,succeeded,external-succeeded-result-pack,2026-09-22T13:42:48.963629+00:00,1,gemini-codeact-x1000-succeeded-pack.tgz,{},macro_f1,True,1.0,3,0.022855020000000004,0.028568775,220353,1871,222224,34.56407451501582,0.07727370399516076,571.59375,0.0,571.59375,38.57470083399676,True
codeact_x1000,full-gemini-3.7-flash-tier3-task22-codeact-x1000-r01,gemini-3.7-flash,Gemini 3.7 Flash,codeact,3,tier3/task22,1000,1,1,succeeded,external-succeeded-result-pack,2026-09-22T13:42:48.963629+00:00,1,gemini-codeact-x1000-succeeded-pack.tgz,{},macro_f1,True,1.0,3,0.07914894,0.098936175,217689,2006,219695,37.8435312040383,0.32631274801678956,567.87890625,0.0,567.87890625,42.151323591999244,True
codeact_x1000,full-gemini-3.7-flash-tier3-task22-codeact-x1000-r02,gemini-3.7-flash,Gemini 3.7 Flash,codeact,3,tier3/task22,1000,2,1,succeeded,external-succeeded-result-pack,2026-09-22T13:42:48.963629+00:00,1,gemini-codeact-x1000-succeeded-pack.tgz,{},macro_f1,True,1.0,6,0.07705494000000002,0.096318675,217489,1348,218837,80.49485564196948,0.11017687199637294,568.796875,0.0,568.796875,84.50759182701586,True
codeact_x1000,full-gemini-3.7-flash-tier3-task22-codeact-x1000-r03,gemini-3.7-flash,Gemini 3.7 Flash,codeact,3,tier3/task22,1000,3,1,succeeded,external-succeeded-result-pack,2026-09-22T13:42:48.963629+00:00,1,gemini-codeact-x1000-succeeded-pack.tgz,{},macro_f1,True,1.0,6,0.0184845,0.023105625,218437,788,219225,64.77893423096975,0.8048620919580571,570.8046875,0.0,570.8046875,68.87935375003144,True
codeact_x1000,full-gemini-3.7-flash-tier3-task22-codeact-x1000-r04,gemini-3.7-flash,Gemini 3.7 Flash,codeact,3,tier3/task22,1000,4,1,succeeded,external-succeeded-result-pack,2026-09-22T13:42:48.963629+00:00,1,gemini-codeact-x1000-succeeded-pack.tgz,{},macro_f1,True,1.0,5,0.08564214,0.107052675,235516,605,236121,88.83873555698665,0.15040999895427376,571.51171875,0.0,571.51171875,93.56861382402712,True
codeact_x1000,full-gemini-3.7-flash-tier3-task22-codeact-x1000-r05,gemini-3.7-flash,Gemini 3.7 Flash,codeact,3,tier3/task22,1000,5,1,succeeded,external-succeeded-result-pack,2026-09-22T13:42:48.963629+00:00,1,gemini-codeact-x1000-succeeded-pack.tgz,{},macro_f1,True,1.0,6,0.08609394,0.10761742499999999,328230,1372,329602,57.96493790001841,0.379868621006608,569.75390625,0.0,569.75390625,62.18898558802903,True
codeact_x1000,full-gemini-3.7-flash-tier3-task23-codeact-x1000-r01,gemini-3.7-flash,Gemini 3.7 Flash,codeact,3,tier3/task23,1000,1,1,succeeded,external-succeeded-result-pack,2026-09-22T13:42:48.963629+00:00,1,gemini-codeact-x1000-succeeded-pack.tgz,{},macro_f1,True,1.0,4,0.08771454000000001,0.109643175,333011,956,333967,27.748401935969014,0.28094090294325724,577.76171875,0.0,577.76171875,34.15581781795481,True
codeact_x1000,full-gemini-3.7-flash-tier3-task23-codeact-x1000-r02,gemini-3.7-flash,Gemini 3.7 Flash,codeact,3,tier3/task23,1000,2,1,succeeded,external-succeeded-result-pack,2026-09-22T13:42:48.963629+00:00,1,gemini-codeact-x1000-succeeded-pack.tgz,{},macro_f1,True,1.0,9,0.00932094,0.011651175,110924,83,111007,90.18720057001337,0.2432689680135809,568.07421875,0.0,568.07421875,94.16852632100927,True
codeact_x1000,full-gemini-3.7-flash-tier3-task23-codeact-x1000-r03,gemini-3.7-flash,Gemini 3.7 Flash,codeact,3,tier3/task23,1000,3,1,succeeded,external-succeeded-result-pack,2026-09-22T13:42:48.963629+00:00,1,gemini-codeact-x1000-succeeded-pack.tgz,{},macro_f1,True,1.0,8,0.08793534000000001,0.10991917500000001,333449,942,334391,61.054453831980936,0.2483919530059211,568.47265625,0.0,568.47265625,65.11657954397378,True
codeact_x1000,full-gemini-3.7-flash-tier3-task23-codeact-x1000-r04,gemini-3.7-flash,Gemini 3.7 Flash,codeact,3,tier3/task23,1000,4,1,succeeded,external-succeeded-result-pack,2026-09-22T13:42:48.963629+00:00,1,gemini-codeact-x1000-succeeded-pack.tgz,{},macro_f1,True,1.0,4,0.08851091999999999,0.11063864999999999,333459,1118,334577,34.92707111098571,0.2505654350388795,568.09375,0.0,568.09375,38.987664543965366,True
codeact_x1000,full-gemini-3.7-flash-tier3-task23-codeact-x1000-r05,gemini-3.7-flash,Gemini 3.7 Flash,codeact,3,tier3/task23,1000,5,1,succeeded,external-succeeded-result-pack,2026-09-22T13:42:48.963629+00:00,1,gemini-codeact-x1000-succeeded-pack.tgz,{},macro_f1,True,1.0,7,0.05893572,0.07366964999999999,668079,1687,669766,47.01731219497742,0.3743712679715827,569.35546875,0.0,569.35546875,51.007275759999175,True
codeact_x1000,full-gemini-3.7-flash-tier3-task24-codeact-x1000-r01,gemini-3.7-flash,Gemini 3.7 Flash,codeact,3,tier3/task24,1000,1,1,succeeded,external-succeeded-result-pack,2026-09-22T13:42:48.963629+00:00,1,gemini-codeact-x1000-succeeded-pack.tgz,{},macro_f1,True,1.0,9,0.07705884000000002,0.09632355000000001,215590,992,216582,107.8552946440177,0.13641185004962608,567.73046875,0.0,567.73046875,112.33486599102616,True
codeact_x1000,full-gemini-3.7-flash-tier3-task24-codeact-x1000-r02,gemini-3.7-flash,Gemini 3.7 Flash,codeact,3,tier3/task24,1000,2,1,succeeded,external-succeeded-result-pack,2026-09-22T13:42:48.963629+00:00,1,gemini-codeact-x1000-succeeded-pack.tgz,{},macro_f1,True,1.0,6,0.08604084000000001,0.10755105,325773,1096,326869,64.73420186701696,0.1385286839795299,569.28125,0.0,569.28125,68.71167306700954,True
codeact_x1000,full-gemini-3.7-flash-tier3-task24-codeact-x1000-r03,gemini-3.7-flash,Gemini 3.7 Flash,codeact,3,tier3/task24,1000,3,1,succeeded,external-succeeded-result-pack,2026-09-22T13:42:48.963629+00:00,1,gemini-codeact-x1000-succeeded-pack.tgz,{},macro_f1,True,1.0,9,0.031583700000000006,0.039479625000000004,323713,1012,324725,120.44954743498238,0.13891629502177238,567.78125,0.0,567.78125,124.53478841698961,True
codeact_x1000,full-gemini-3.7-flash-tier3-task24-codeact-x1000-r04,gemini-3.7-flash,Gemini 3.7 Flash,codeact,3,tier3/task24,1000,4,1,succeeded,external-succeeded-result-pack,2026-09-22T13:42:48.963629+00:00,1,gemini-codeact-x1000-succeeded-pack.tgz,{},macro_f1,True,0.8571428571428572,10,0.07633584,0.0954198,215540,761,216301,123.1345176009927,0,566.4296875,0.0,566.4296875,127.31294342601905,True
codeact_x1000,full-gemini-3.7-flash-tier3-task24-codeact-x1000-r05,gemini-3.7-flash,Gemini 3.7 Flash,codeact,3,tier3/task24,1000,5,1,succeeded,external-succeeded-result-pack,2026-09-22T13:42:48.963629+00:00,1,gemini-codeact-x1000-succeeded-pack.tgz,{},macro_f1,True,0.0,10,0.0,0.0,0,0,0,119.19979195599444,0,565.90625,0.0,565.90625,123.45459006394958,True
codeact_x1000,full-gemini-3.7-flash-tier3-task6-codeact-x1000-r01,gemini-3.7-flash,Gemini 3.7 Flash,codeact,3,tier3/task6,1000,1,4,succeeded,external-succeeded-result-pack,2026-09-22T13:42:48.963629+00:00,1,gemini-codeact-x1000-succeeded-pack.tgz,{},macro_f1,True,0.43417721518987346,35,0.4929651,0.616206375,1549743,18444,1568187,280.37751011695946,2.408547412022017,774.234375,0.0,774.234375,284.7188628030126,True
codeact_x1000,full-gemini-3.7-flash-tier3-task6-codeact-x1000-r02,gemini-3.7-flash,Gemini 3.7 Flash,codeact,3,tier3/task6,1000,2,4,succeeded,external-succeeded-result-pack,2026-09-22T13:42:48.963629+00:00,1,gemini-codeact-x1000-succeeded-pack.tgz,{},macro_f1,True,0.44722222222222224,37,0.19436388000000002,0.24295485,712907,8986,721893,428.36236515501514,0.8229160810005851,774.2265625,0.0,774.2265625,433.89122590003535,True
codeact_x1000,full-gemini-3.7-flash-tier3-task6-codeact-x1000-r03,gemini-3.7-flash,Gemini 3.7 Flash,codeact,3,tier3/task6,1000,3,4,succeeded,external-succeeded-result-pack,2026-09-22T13:42:48.963629+00:00,1,gemini-codeact-x1000-succeeded-pack.tgz,{},macro_f1,True,0.42371475953565507,37,0.21122226,0.264027825,557815,16252,574067,311.89266388397664,0.5044586728909053,772.30859375,0.0,772.30859375,316.84583705698606,True
codeact_x1000,full-gemini-3.7-flash-tier3-task6-codeact-x1000-r04,gemini-3.7-flash,Gemini 3.7 Flash,codeact,3,tier3/task6,1000,4,4,succeeded,external-succeeded-result-pack,2026-09-22T13:42:48.963629+00:00,1,gemini-codeact-x1000-succeeded-pack.tgz,{},macro_f1,True,0.4591772151898734,37,0.15012066000000002,0.187650825,837023,10047,847070,370.0593862599926,0.8006264839787036,765.27734375,0.0,765.27734375,374.09525575098814,True
codeact_x1000,full-gemini-3.7-flash-tier3-task6-codeact-x1000-r05,gemini-3.7-flash,Gemini 3.7 Flash,codeact,3,tier3/task6,1000,5,4,succeeded,external-succeeded-result-pack,2026-09-22T13:42:48.963629+00:00,1,gemini-codeact-x1000-succeeded-pack.tgz,{},macro_f1,True,0.19999999999999998,38,0.04631412000000001,0.057892650000000004,332642,6330,338972,309.3147387119825,0.027013807033654302,762.5703125,0.0,762.5703125,313.204367561033,True
codeact_x1000,full-gemini-3.7-flash-tier3-task7-codeact-x1000-r01,gemini-3.7-flash,Gemini 3.7 Flash,codeact,3,tier3/task7,1000,1,5,succeeded,external-succeeded-result-pack,2026-09-22T13:42:48.963629+00:00,1,gemini-codeact-x1000-succeeded-pack.tgz,{},macro_f1,True,0.72,39,0.3437637,0.42970462499999995,782832,16238,799070,336.334407818038,0.6174512300058268,774.52734375,0.0,774.52734375,340.8675828250125,True
codeact_x1000,full-gemini-3.7-flash-tier3-task7-codeact-x1000-r02,gemini-3.7-flash,Gemini 3.7 Flash,codeact,3,tier3/task7,1000,2,5,succeeded,external-succeeded-result-pack,2026-09-22T13:42:48.963629+00:00,1,gemini-codeact-x1000-succeeded-pack.tgz,{},macro_f1,True,0.7063063063063063,47,0.25285374,0.316067175,666998,8816,675814,355.0975581340026,0.249311943014618,773.43359375,0.0,773.43359375,359.2137090319884,True
codeact_x1000,full-gemini-3.7-flash-tier3-task7-codeact-x1000-r03,gemini-3.7-flash,Gemini 3.7 Flash,codeact,3,tier3/task7,1000,3,5,succeeded,external-succeeded-result-pack,2026-09-22T13:42:48.963629+00:00,1,gemini-codeact-x1000-succeeded-pack.tgz,{},macro_f1,True,0.772972972972973,47,0.52992696,0.6624087,1569145,57767,1626912,557.8174376609968,0.7586851710802875,771.2421875,0.0,771.2421875,562.0056996089988,True
codeact_x1000,full-gemini-3.7-flash-tier3-task7-codeact-x1000-r04,gemini-3.7-flash,Gemini 3.7 Flash,codeact,3,tier3/task7,1000,4,5,succeeded,external-succeeded-result-pack,2026-09-22T13:42:48.963629+00:00,1,gemini-codeact-x1000-succeeded-pack.tgz,{},macro_f1,True,0.9063063063063062,39,0.39558216,0.4944777,900887,9873,910760,374.754092455958,1.2601987429661676,778.96875,0.0,778.96875,379.3214029240189,True
codeact_x1000,full-gemini-3.7-flash-tier3-task7-codeact-x1000-r05,gemini-3.7-flash,Gemini 3.7 Flash,codeact,3,tier3/task7,1000,5,5,succeeded,external-succeeded-result-pack,2026-09-22T13:42:48.963629+00:00,1,gemini-codeact-x1000-succeeded-pack.tgz,{},macro_f1,True,0.9063063063063062,41,0.30887664000000004,0.3860958,1792148,18985,1811133,320.0038284279872,0.7851873169420287,767.37890625,0.0,767.37890625,324.2400033060112,True
codeact_x1000,full-gemini-3.7-flash-tier3-task8-codeact-x1000-r01,gemini-3.7-flash,Gemini 3.7 Flash,codeact,3,tier3/task8,1000,1,2,succeeded,external-succeeded-result-pack,2026-09-22T13:42:48.963629+00:00,1,gemini-codeact-x1000-succeeded-pack.tgz,{},macro_f1,True,0.4868421052631579,16,0.472152,0.59019,567225,43939,611164,318.877280412009,0.729796539992094,754.12109375,0.0,754.12109375,323.1256155790179,True
codeact_x1000,full-gemini-3.7-flash-tier3-task8-codeact-x1000-r02,gemini-3.7-flash,Gemini 3.7 Flash,codeact,3,tier3/task8,1000,2,2,succeeded,external-succeeded-result-pack,2026-09-22T13:42:48.963629+00:00,1,gemini-codeact-x1000-succeeded-pack.tgz,{},macro_f1,True,0.3882352941176471,19,0.13250628,0.16563285,559730,8798,568528,168.58164512796793,0,753.76171875,0.0,753.76171875,172.96651886799373,True
codeact_x1000,full-gemini-3.7-flash-tier3-task8-codeact-x1000-r03,gemini-3.7-flash,Gemini 3.7 Flash,codeact,3,tier3/task8,1000,3,2,succeeded,external-succeeded-result-pack,2026-09-22T13:42:48.963629+00:00,1,gemini-codeact-x1000-succeeded-pack.tgz,{},macro_f1,True,0.37974683544303794,19,0.15899640000000004,0.19874550000000002,224279,8143,232422,167.7127077059704,0,753.0390625,0.0,753.0390625,171.7784225680516,True
codeact_x1000,full-gemini-3.7-flash-tier3-task8-codeact-x1000-r04,gemini-3.7-flash,Gemini 3.7 Flash,codeact,3,tier3/task8,1000,4,2,succeeded,external-succeeded-result-pack,2026-09-22T13:42:48.963629+00:00,1,gemini-codeact-x1000-succeeded-pack.tgz,{},macro_f1,True,0.8978494623655914,18,0.19751958,0.24689947499999998,596167,7699,603866,133.93581774801714,0.4899834850220941,767.71875,0.0,767.71875,138.12763422797434,True
codeact_x1000,full-gemini-3.7-flash-tier3-task8-codeact-x1000-r05,gemini-3.7-flash,Gemini 3.7 Flash,codeact,3,tier3/task8,1000,5,2,succeeded,external-succeeded-result-pack,2026-09-22T13:42:48.963629+00:00,1,gemini-codeact-x1000-succeeded-pack.tgz,{},macro_f1,True,0.4186046511627907,19,0.20021718000000002,0.250271475,717038,6960,723998,135.42519954498857,0.2473104750388302,768.09765625,0.0,768.09765625,139.8194208460045,True
codeact_x1000,full-gemini-3.7-flash-tier3-task9-codeact-x1000-r01,gemini-3.7-flash,Gemini 3.7 Flash,codeact,3,tier3/task9,1000,1,4,succeeded,external-succeeded-result-pack,2026-09-22T13:42:48.963629+00:00,1,gemini-codeact-x1000-succeeded-pack.tgz,{},macro_f1,True,0.7166666666666667,34,0.64834338,0.810429225,1840120,8228,1848348,402.812084294972,0.09332371409982443,794.1484375,0.0,794.1484375,407.26426435500616,True
codeact_x1000,full-gemini-3.7-flash-tier3-task9-codeact-x1000-r02,gemini-3.7-flash,Gemini 3.7 Flash,codeact,3,tier3/task9,1000,2,4,succeeded,external-succeeded-result-pack,2026-09-22T13:42:48.963629+00:00,1,gemini-codeact-x1000-succeeded-pack.tgz,{},macro_f1,True,0.6582687338501292,37,0.35331132000000004,0.44163915000000004,1041055,9782,1050837,309.12227857101243,0.4116945650312118,767.71875,0.0,767.71875,314.5711398909916,True
codeact_x1000,full-gemini-3.7-flash-tier3-task9-codeact-x1000-r03,gemini-3.7-flash,Gemini 3.7 Flash,codeact,3,tier3/task9,1000,3,4,succeeded,external-succeeded-result-pack,2026-09-22T13:42:48.963629+00:00,1,gemini-codeact-x1000-succeeded-pack.tgz,{},macro_f1,True,0.4222222222222222,38,0.31335654,0.391695675,553480,12917,566397,338.8245272419881,0,759.91015625,0.0,759.91015625,343.0629553570179,True
codeact_x1000,full-gemini-3.7-flash-tier3-task9-codeact-x1000-r04,gemini-3.7-flash,Gemini 3.7 Flash,codeact,3,tier3/task9,1000,4,4,succeeded,external-succeeded-result-pack,2026-09-22T13:42:48.963629+00:00,1,gemini-codeact-x1000-succeeded-pack.tgz,{},macro_f1,True,0.6432748538011697,37,0.31904556,0.39880695,1446357,10661,1457018,300.5238473599893,0,758.3203125,0.0,758.3203125,304.3726611629827,True
codeact_x1000,full-gemini-3.7-flash-tier3-task9-codeact-x1000-r05,gemini-3.7-flash,Gemini 3.7 Flash,codeact,3,tier3/task9,1000,5,4,succeeded,external-succeeded-result-pack,2026-09-22T13:42:48.963629+00:00,1,gemini-codeact-x1000-succeeded-pack.tgz,{},macro_f1,True,0.7166666666666667,37,0.45703734000000007,0.571296675,1187726,41497,1229223,337.15690007596277,0.44689179898705333,773.484375,0.0,773.484375,341.67008806800004,True
codeact_x1000,full-gemini-3.7-flash-tier4-task11-codeact-x1000-r01,gemini-3.7-flash,Gemini 3.7 Flash,codeact,4,tier4/task11,1000,1,2,succeeded,external-succeeded-result-pack,2026-09-22T13:42:48.963629+00:00,1,gemini-codeact-x1000-succeeded-pack.tgz,{},macro_f1,True,0.5,15,0.0793254,0.09915675,224329,737,225066,128.08232463197783,0.40298438497120515,766.95703125,0.0,766.95703125,133.0562249670038,True
codeact_x1000,full-gemini-3.7-flash-tier4-task11-codeact-x1000-r02,gemini-3.7-flash,Gemini 3.7 Flash,codeact,4,tier4/task11,1000,2,2,succeeded,external-succeeded-result-pack,2026-09-22T13:42:48.963629+00:00,1,gemini-codeact-x1000-succeeded-pack.tgz,{},macro_f1,True,0.5,13,0.07957260000000001,0.09946575,224286,828,225114,121.67348712700186,0.5394510729820468,765.28515625,0.0,765.28515625,125.75846609700238,True
codeact_x1000,full-gemini-3.7-flash-tier4-task11-codeact-x1000-r03,gemini-3.7-flash,Gemini 3.7 Flash,codeact,4,tier4/task11,1000,3,2,succeeded,external-succeeded-result-pack,2026-09-22T13:42:48.963629+00:00,1,gemini-codeact-x1000-succeeded-pack.tgz,{},macro_f1,True,1.0,10,0.09037212,0.11296515,328626,1985,330611,64.02434961200925,0.8225928969914094,767.92578125,0.0,767.92578125,68.23837262595771,True
codeact_x1000,full-gemini-3.7-flash-tier4-task11-codeact-x1000-r04,gemini-3.7-flash,Gemini 3.7 Flash,codeact,4,tier4/task11,1000,4,2,succeeded,external-succeeded-result-pack,2026-09-22T13:42:48.963629+00:00,1,gemini-codeact-x1000-succeeded-pack.tgz,{},macro_f1,True,1.0,9,0.11499558000000001,0.143744475,664990,1872,666862,41.07873143302277,0.6977362380130216,769.796875,0.0,769.796875,45.28188665298512,True
codeact_x1000,full-gemini-3.7-flash-tier4-task11-codeact-x1000-r05,gemini-3.7-flash,Gemini 3.7 Flash,codeact,4,tier4/task11,1000,5,2,succeeded,external-succeeded-result-pack,2026-09-22T13:42:48.963629+00:00,1,gemini-codeact-x1000-succeeded-pack.tgz,{},macro_f1,True,0.5,14,0.020430900000000002,0.025538625,224468,974,225442,150.2963694629725,0.29943106399150565,765.05078125,0.0,765.05078125,155.2425224169856,True
codeact_x1000,full-gemini-3.7-flash-tier4-task12-codeact-x1000-r01,gemini-3.7-flash,Gemini 3.7 Flash,codeact,4,tier4/task12,1000,1,2,succeeded,external-succeeded-result-pack,2026-09-22T13:42:48.963629+00:00,1,gemini-codeact-x1000-succeeded-pack.tgz,{},macro_f1,True,1.0,15,0.1484106,0.18551325,327396,3152,330548,158.105997287028,0.3521711039938964,768.3828125,0.0,768.3828125,162.3885502209887,True
codeact_x1000,full-gemini-3.7-flash-tier4-task12-codeact-x1000-r02,gemini-3.7-flash,Gemini 3.7 Flash,codeact,4,tier4/task12,1000,2,2,succeeded,external-succeeded-result-pack,2026-09-22T13:42:48.963629+00:00,1,gemini-codeact-x1000-succeeded-pack.tgz,{},macro_f1,True,1.0,12,0.17864922000000003,0.223311525,327012,3334,330346,163.68285839998862,0.3378950419719331,765.57421875,0.0,765.57421875,168.06182415498188,True
codeact_x1000,full-gemini-3.7-flash-tier4-task12-codeact-x1000-r03,gemini-3.7-flash,Gemini 3.7 Flash,codeact,4,tier4/task12,1000,3,2,succeeded,external-succeeded-result-pack,2026-09-22T13:42:48.963629+00:00,1,gemini-codeact-x1000-succeeded-pack.tgz,{},macro_f1,True,0.5,19,0.01833102,0.022913775,107497,3037,110534,144.94187700899784,0,766.14453125,0.0,766.14453125,149.33409865997965,True
codeact_x1000,full-gemini-3.7-flash-tier4-task12-codeact-x1000-r04,gemini-3.7-flash,Gemini 3.7 Flash,codeact,4,tier4/task12,1000,4,2,succeeded,external-succeeded-result-pack,2026-09-22T13:42:48.963629+00:00,1,gemini-codeact-x1000-succeeded-pack.tgz,{},macro_f1,True,1.0,13,0.08850984,0.1106373,332260,1374,333634,138.44950128503842,0.6983289159834385,767.00390625,0.0,767.00390625,142.81534267199459,True
codeact_x1000,full-gemini-3.7-flash-tier4-task12-codeact-x1000-r05,gemini-3.7-flash,Gemini 3.7 Flash,codeact,4,tier4/task12,1000,5,2,succeeded,external-succeeded-result-pack,2026-09-22T13:42:48.963629+00:00,1,gemini-codeact-x1000-succeeded-pack.tgz,{},macro_f1,True,0.5,19,0.01632402,0.020405025,107497,2368,109865,147.06579181202687,0,764.4375,0.0,764.4375,151.22948670899495,True
codeact_x1000,full-gemini-3.7-flash-tier4-task12b-codeact-x1000-r01,gemini-3.7-flash,Gemini 3.7 Flash,codeact,4,tier4/task12b,1000,1,1,succeeded,external-succeeded-result-pack,2026-09-22T13:42:48.963629+00:00,1,gemini-codeact-x1000-succeeded-pack.tgz,{},macro_f1,True,1.0,8,0.07828614,0.097857675,220851,1086,221937,119.01622919697547,0.29639676900114864,566.109375,0.0,566.109375,123.11892617901322,True
codeact_x1000,full-gemini-3.7-flash-tier4-task12b-codeact-x1000-r02,gemini-3.7-flash,Gemini 3.7 Flash,codeact,4,tier4/task12b,1000,2,1,succeeded,external-succeeded-result-pack,2026-09-22T13:42:48.963629+00:00,1,gemini-codeact-x1000-succeeded-pack.tgz,{},macro_f1,True,1.0,6,0.09000822,0.11251027499999999,332461,1832,334293,84.60728595498949,0.2956543000182137,562.296875,0.0,562.296875,88.5381491399603,True
codeact_x1000,full-gemini-3.7-flash-tier4-task12b-codeact-x1000-r03,gemini-3.7-flash,Gemini 3.7 Flash,codeact,4,tier4/task12b,1000,3,1,succeeded,external-succeeded-result-pack,2026-09-22T13:42:48.963629+00:00,1,gemini-codeact-x1000-succeeded-pack.tgz,{},macro_f1,True,1.0,4,0.08677338000000001,0.108466725,331500,947,332447,55.01429374702275,0.29527721303747967,562.28125,0.0,562.28125,59.17600965994643,True
codeact_x1000,full-gemini-3.7-flash-tier4-task12b-codeact-x1000-r04,gemini-3.7-flash,Gemini 3.7 Flash,codeact,4,tier4/task12b,1000,4,1,succeeded,external-succeeded-result-pack,2026-09-22T13:42:48.963629+00:00,1,gemini-codeact-x1000-succeeded-pack.tgz,{},macro_f1,True,1.0,8,0.06769668,0.08462085,774696,1699,776395,74.0024767020368,0.29698439995991066,563.62109375,0.0,563.62109375,79.06024930498097,True
codeact_x1000,full-gemini-3.7-flash-tier4-task12b-codeact-x1000-r05,gemini-3.7-flash,Gemini 3.7 Flash,codeact,4,tier4/task12b,1000,5,1,succeeded,external-succeeded-result-pack,2026-09-22T13:42:48.963629+00:00,1,gemini-codeact-x1000-succeeded-pack.tgz,{},macro_f1,True,1.0,5,0.029361300000000003,0.036701625,331464,980,332444,69.96424961299635,0.29651435394771397,564.23828125,0.0,564.23828125,74.24549011304043,True
codeact_x1000,full-gemini-3.7-flash-tier4-task13-codeact-x1000-r01,gemini-3.7-flash,Gemini 3.7 Flash,codeact,4,tier4/task13,1000,1,4,succeeded,external-succeeded-result-pack,2026-09-22T13:42:48.963629+00:00,1,gemini-codeact-x1000-succeeded-pack.tgz,{},macro_f1,True,0.25,33,0.4198319400000001,0.5247899250000001,773205,4462,777667,220.1548530049622,0.9531708369613625,783.08984375,0.0,783.08984375,224.42412554996554,True
codeact_x1000,full-gemini-3.7-flash-tier4-task13-codeact-x1000-r02,gemini-3.7-flash,Gemini 3.7 Flash,codeact,4,tier4/task13,1000,2,4,succeeded,external-succeeded-result-pack,2026-09-22T13:42:48.963629+00:00,1,gemini-codeact-x1000-succeeded-pack.tgz,{},macro_f1,True,0.75,33,0.36394092000000006,0.45492615000000003,1224486,11982,1236468,258.6307189640356,2.2902137769269757,840.1328125,0.0,840.1328125,262.5588400589768,True
codeact_x1000,full-gemini-3.7-flash-tier4-task13-codeact-x1000-r03,gemini-3.7-flash,Gemini 3.7 Flash,codeact,4,tier4/task13,1000,3,4,succeeded,external-succeeded-result-pack,2026-09-22T13:42:48.963629+00:00,1,gemini-codeact-x1000-succeeded-pack.tgz,{},macro_f1,True,1.0,32,0.29133504000000005,0.36416880000000007,1790499,10881,1801380,167.26269863301422,1.7649166649207473,865.6328125,0.0,865.6328125,171.58562265400542,True
codeact_x1000,full-gemini-3.7-flash-tier4-task13-codeact-x1000-r04,gemini-3.7-flash,Gemini 3.7 Flash,codeact,4,tier4/task13,1000,4,4,succeeded,external-succeeded-result-pack,2026-09-22T13:42:48.963629+00:00,1,gemini-codeact-x1000-succeeded-pack.tgz,{},macro_f1,True,1.0,28,0.24972041999999997,0.31215052499999996,1333247,10317,1343564,165.21655486302916,1.5772895949776284,828.4453125,0.0,828.4453125,169.74475478898967,True
codeact_x1000,full-gemini-3.7-flash-tier4-task13-codeact-x1000-r05,gemini-3.7-flash,Gemini 3.7 Flash,codeact,4,tier4/task13,1000,5,4,succeeded,external-succeeded-result-pack,2026-09-22T13:42:48.963629+00:00,1,gemini-codeact-x1000-succeeded-pack.tgz,{},macro_f1,True,0.75,35,0.26265756,0.32832195000000003,1446174,10411,1456585,213.81843509397004,1.0512431039242074,781.05078125,0.0,781.05078125,218.18744780000998,True
codeact_x1000,full-gemini-3.7-flash-tier4-task14-codeact-x1000-r01,gemini-3.7-flash,Gemini 3.7 Flash,codeact,4,tier4/task14,1000,1,2,succeeded,external-succeeded-result-pack,2026-09-22T13:42:48.963629+00:00,1,gemini-codeact-x1000-succeeded-pack.tgz,{},macro_f1,True,0.3333333333333333,19,0.14295239999999998,0.17869049999999997,217669,4117,221786,99.36709139397135,0,767.51171875,0.0,767.51171875,103.3975758519955,True
codeact_x1000,full-gemini-3.7-flash-tier4-task14-codeact-x1000-r02,gemini-3.7-flash,Gemini 3.7 Flash,codeact,4,tier4/task14,1000,2,2,succeeded,external-succeeded-result-pack,2026-09-22T13:42:48.963629+00:00,1,gemini-codeact-x1000-succeeded-pack.tgz,{},macro_f1,True,1.0,19,0.1134423,0.141802875,544446,4794,549240,91.7027148240013,0.028246147965546697,777.71875,0.0,777.71875,96.26966804399854,True
codeact_x1000,full-gemini-3.7-flash-tier4-task14-codeact-x1000-r03,gemini-3.7-flash,Gemini 3.7 Flash,codeact,4,tier4/task14,1000,3,2,succeeded,external-succeeded-result-pack,2026-09-22T13:42:48.963629+00:00,1,gemini-codeact-x1000-succeeded-pack.tgz,{},macro_f1,True,1.0,18,0.20578044000000004,0.25722555,904829,4722,909551,71.24974661000306,0.9193449979065917,792.7734375,0.0,792.7734375,75.38347641797736,True
codeact_x1000,full-gemini-3.7-flash-tier4-task14-codeact-x1000-r04,gemini-3.7-flash,Gemini 3.7 Flash,codeact,4,tier4/task14,1000,4,2,succeeded,external-succeeded-result-pack,2026-09-22T13:42:48.963629+00:00,1,gemini-codeact-x1000-succeeded-pack.tgz,{},macro_f1,True,1.0,18,0.15631722,0.195396525,884267,9368,893635,120.44086824799888,2.3963322870549746,836.18359375,0.0,836.18359375,124.84400406299392,True
codeact_x1000,full-gemini-3.7-flash-tier4-task14-codeact-x1000-r05,gemini-3.7-flash,Gemini 3.7 Flash,codeact,4,tier4/task14,1000,5,2,succeeded,external-succeeded-result-pack,2026-09-22T13:42:48.963629+00:00,1,gemini-codeact-x1000-succeeded-pack.tgz,{},macro_f1,True,1.0,14,0.35123892,0.43904865,575764,20334,596098,138.12146025995025,2.123588907008525,764.73046875,0.0,764.73046875,142.58011073298985,True
codeact_x1000,full-gemini-3.7-flash-tier4-task15-codeact-x1000-r01,gemini-3.7-flash,Gemini 3.7 Flash,codeact,4,tier4/task15,1000,1,4,succeeded,external-succeeded-result-pack,2026-09-22T13:42:48.963629+00:00,1,gemini-codeact-x1000-succeeded-pack.tgz,{},macro_reaction_f1,True,0.6071428571428571,28,0.36531936,0.4566492,1124804,13979,1138783,299.5527630429715,1.666853873000946,778.765625,0.0,778.765625,304.2887313409592,True
codeact_x1000,full-gemini-3.7-flash-tier4-task15-codeact-x1000-r02,gemini-3.7-flash,Gemini 3.7 Flash,codeact,4,tier4/task15,1000,2,4,succeeded,external-succeeded-result-pack,2026-09-22T13:42:48.963629+00:00,1,gemini-codeact-x1000-succeeded-pack.tgz,{},macro_reaction_f1,True,0.9166666666666666,29,0.28973664000000005,0.3621708,683989,18001,701990,309.2965163200279,19.244110624946188,793.16015625,0.0,793.16015625,313.61637922900263,True
codeact_x1000,full-gemini-3.7-flash-tier4-task15-codeact-x1000-r03,gemini-3.7-flash,Gemini 3.7 Flash,codeact,4,tier4/task15,1000,3,4,succeeded,external-succeeded-result-pack,2026-09-22T13:42:48.963629+00:00,1,gemini-codeact-x1000-succeeded-pack.tgz,{},macro_reaction_f1,True,0.75,33,0.3153399,0.394174875,783690,8066,791756,324.38899985299213,0.9916335220332257,807.26171875,0.0,807.26171875,328.94183698203415,True
codeact_x1000,full-gemini-3.7-flash-tier4-task15-codeact-x1000-r04,gemini-3.7-flash,Gemini 3.7 Flash,codeact,4,tier4/task15,1000,4,4,succeeded,external-succeeded-result-pack,2026-09-22T13:42:48.963629+00:00,1,gemini-codeact-x1000-succeeded-pack.tgz,{},macro_reaction_f1,True,0.5,33,0.26417538,0.330219225,899269,6127,905396,343.20937986602075,1.0189429709571414,833.7265625,0.0,833.7265625,347.6445071079652,True
codeact_x1000,full-gemini-3.7-flash-tier4-task15-codeact-x1000-r05,gemini-3.7-flash,Gemini 3.7 Flash,codeact,4,tier4/task15,1000,5,4,succeeded,external-succeeded-result-pack,2026-09-22T13:42:48.963629+00:00,1,gemini-codeact-x1000-succeeded-pack.tgz,{},macro_reaction_f1,True,0.5,31,0.28791606000000003,0.359895075,1471354,19469,1490823,283.403871255985,62.99373420298798,831.25390625,0.0,831.25390625,287.97077181900386,True
codeact_x1000,full-gemini-3.7-flash-tier4-task16-codeact-x1000-r01,gemini-3.7-flash,Gemini 3.7 Flash,codeact,4,tier4/task16,1000,1,10,succeeded,external-succeeded-result-pack,2026-09-22T13:42:48.963629+00:00,1,gemini-codeact-x1000-succeeded-pack.tgz,{},macro_f1,True,0.4333333333333333,84,1.03178196,1.28972745,2621179,19993,2641172,607.1072349550086,2.2348767669172958,867.28125,0.0,867.28125,645.1996348100365,True
codeact_x1000,full-gemini-3.7-flash-tier4-task16-codeact-x1000-r02,gemini-3.7-flash,Gemini 3.7 Flash,codeact,4,tier4/task16,1000,2,10,succeeded,external-succeeded-result-pack,2026-09-22T13:42:48.963629+00:00,1,gemini-codeact-x1000-succeeded-pack.tgz,{},macro_f1,True,0.4,80,0.5421426,0.67767825,2643085,22638,2665723,563.2678928700043,3.0760242328979075,862.84765625,0.0,862.84765625,602.8196888950188,True
codeact_x1000,full-gemini-3.7-flash-tier4-task16-codeact-x1000-r03,gemini-3.7-flash,Gemini 3.7 Flash,codeact,4,tier4/task16,1000,3,10,succeeded,external-succeeded-result-pack,2026-09-22T13:42:48.963629+00:00,1,gemini-codeact-x1000-succeeded-pack.tgz,{},macro_f1,True,0.4333333333333333,89,1.0000102800000001,1.25001285,3953582,26163,3979745,556.7463694110047,2.2529406029498205,863.91015625,0.0,863.91015625,594.9872811880196,True
codeact_x1000,full-gemini-3.7-flash-tier4-task16-codeact-x1000-r04,gemini-3.7-flash,Gemini 3.7 Flash,codeact,4,tier4/task16,1000,4,10,succeeded,external-succeeded-result-pack,2026-09-22T13:42:48.963629+00:00,1,gemini-codeact-x1000-succeeded-pack.tgz,{},macro_f1,True,0.4,75,0.72785718,0.909821475,1820756,33965,1854721,521.7510526810074,3.075110462959856,862.296875,0.0,862.296875,559.6188026960008,True
codeact_x1000,full-gemini-3.7-flash-tier4-task16-codeact-x1000-r05,gemini-3.7-flash,Gemini 3.7 Flash,codeact,4,tier4/task16,1000,5,10,succeeded,external-succeeded-result-pack,2026-09-22T13:42:48.963629+00:00,1,gemini-codeact-x1000-succeeded-pack.tgz,{},macro_f1,True,0.325,79,0.61552884,0.7694110499999999,1777189,25835,1803024,629.7463409930351,1.8153318790136836,864.1171875,0.0,864.1171875,667.4410499039805,True
codeact_x1000,full-gemini-3.7-flash-tier4-task17-codeact-x1000-r01,gemini-3.7-flash,Gemini 3.7 Flash,codeact,4,tier4/task17,1000,1,5,succeeded,external-succeeded-result-pack,2026-09-22T13:42:48.963629+00:00,1,gemini-codeact-x1000-succeeded-pack.tgz,{},macro_f1,True,0.8,42,0.47883018000000005,0.598537725,1546317,8713,1555030,250.96128406003118,2.0657801069901325,793.97265625,0.0,793.97265625,255.5789648659993,True
codeact_x1000,full-gemini-3.7-flash-tier4-task17-codeact-x1000-r02,gemini-3.7-flash,Gemini 3.7 Flash,codeact,4,tier4/task17,1000,2,5,succeeded,external-succeeded-result-pack,2026-09-22T13:42:48.963629+00:00,1,gemini-codeact-x1000-succeeded-pack.tgz,{},macro_f1,True,0.6,35,0.40826268,0.51032835,817034,9494,826528,271.69740289100446,61.95117852598196,778.39453125,0.0,778.39453125,275.52499722200446,True
codeact_x1000,full-gemini-3.7-flash-tier4-task17-codeact-x1000-r03,gemini-3.7-flash,Gemini 3.7 Flash,codeact,4,tier4/task17,1000,3,5,succeeded,external-succeeded-result-pack,2026-09-22T13:42:48.963629+00:00,1,gemini-codeact-x1000-succeeded-pack.tgz,{},macro_f1,True,0.4,48,0.16103009999999998,0.20128762499999997,338834,5808,344642,385.20848271797877,61.171895759005565,778.5390625,0.0,778.5390625,389.38380815903656,True
codeact_x1000,full-gemini-3.7-flash-tier4-task17-codeact-x1000-r04,gemini-3.7-flash,Gemini 3.7 Flash,codeact,4,tier4/task17,1000,4,5,succeeded,external-succeeded-result-pack,2026-09-22T13:42:48.963629+00:00,1,gemini-codeact-x1000-succeeded-pack.tgz,{},macro_f1,True,0.6,39,0.34788198000000004,0.434852475,742381,6545,748926,270.97573974798433,1.2249420510488562,777.796875,0.0,777.796875,275.2561054279795,True
codeact_x1000,full-gemini-3.7-flash-tier4-task17-codeact-x1000-r05,gemini-3.7-flash,Gemini 3.7 Flash,codeact,4,tier4/task17,1000,5,5,succeeded,external-succeeded-result-pack,2026-09-22T13:42:48.963629+00:00,1,gemini-codeact-x1000-succeeded-pack.tgz,{},macro_f1,True,0.4333333333333333,43,0.54451908,0.6806488500000001,1316128,11839,1327967,288.56403249001596,1.595985033956822,777.30078125,0.0,777.30078125,292.8389710300253,True
codeact_x1000,full-gemini-3.7-flash-tier4-task17b-codeact-x1000-r01,gemini-3.7-flash,Gemini 3.7 Flash,codeact,4,tier4/task17b,1000,1,5,succeeded,external-succeeded-result-pack,2026-09-22T13:42:48.963629+00:00,1,gemini-codeact-x1000-succeeded-pack.tgz,{},macro_f1,True,0.5999999999999999,43,0.32039646000000005,0.40049557500000005,1205161,12411,1217572,319.275223174016,1.8668778339633718,779.61328125,0.0,779.61328125,323.57809094700497,True
codeact_x1000,full-gemini-3.7-flash-tier4-task17b-codeact-x1000-r02,gemini-3.7-flash,Gemini 3.7 Flash,codeact,4,tier4/task17b,1000,2,5,succeeded,external-succeeded-result-pack,2026-09-22T13:42:48.963629+00:00,1,gemini-codeact-x1000-succeeded-pack.tgz,{},macro_f1,True,0.5104761904761904,42,0.26300064,0.3287508,778681,9281,787962,287.0153827909962,0.5378979100496508,775.328125,0.0,775.328125,291.20535076002125,True
codeact_x1000,full-gemini-3.7-flash-tier4-task17b-codeact-x1000-r03,gemini-3.7-flash,Gemini 3.7 Flash,codeact,4,tier4/task17b,1000,3,5,succeeded,external-succeeded-result-pack,2026-09-22T13:42:48.963629+00:00,1,gemini-codeact-x1000-succeeded-pack.tgz,{},macro_f1,True,0.7142857142857142,44,0.5183887800000001,0.6479859750000001,2163421,13907,2177328,289.81545786204515,1.7809198999893852,775.65234375,0.0,775.65234375,294.1089860969805,True
codeact_x1000,full-gemini-3.7-flash-tier4-task17b-codeact-x1000-r04,gemini-3.7-flash,Gemini 3.7 Flash,codeact,4,tier4/task17b,1000,4,5,succeeded,external-succeeded-result-pack,2026-09-22T13:42:48.963629+00:00,1,gemini-codeact-x1000-succeeded-pack.tgz,{},macro_f1,True,0.8666666666666666,34,0.7659782400000001,0.9574728000000001,1886925,33244,1920169,339.9815491819754,2.061770591943059,787.77734375,0.0,787.77734375,344.24689031601883,True
codeact_x1000,full-gemini-3.7-flash-tier4-task17b-codeact-x1000-r05,gemini-3.7-flash,Gemini 3.7 Flash,codeact,4,tier4/task17b,1000,5,5,succeeded,external-succeeded-result-pack,2026-09-22T13:42:48.963629+00:00,1,gemini-codeact-x1000-succeeded-pack.tgz,{},macro_f1,True,0.6666666666666666,41,0.41213028000000007,0.5151628500000001,1018211,11784,1029995,307.29300650401274,62.35583923495142,778.76953125,0.0,778.76953125,311.4692849480198,True
