scope,run_id,model,model_label,method,tier,task,context,repetition,question_count,status,report_state,result_updated_at,attempt_count,sources,failure_categories,score_name,score_available,f1,calls,cost_chf,cost_usd,input_tokens,output_tokens,total_tokens,latency_seconds,tool_time_seconds,peak_combined_memory_mib,peak_docker_memory_mib,peak_host_process_tree_rss_mib,process_wall_time_seconds,ground_truth_version,original_f1,score_correction_status,arm_final
rlm_x1000,x1000-openrouter-full-deepseek-v4-flash-tier1-task1-rlm-x1000-r01,deepseek-v4-flash,DeepSeek V4 Flash,rlm,1,tier1/task1,1000,1,10,succeeded,final,2026-09-23T12:09:22.973778+00:00,1,jed-deepseek-rlm-x1000-s01,{},macro_f1,True,0.7,132,0.04597449001600001,0.05746811252,639900,55593,695493,1343.2765818461776,0.01982356421649456,393.55859375,0.0,393.55859375,1350.5009064618498,rxnhaystack-human-1.6.0,0.7,not_affected,True
rlm_x1000,x1000-openrouter-full-deepseek-v4-flash-tier1-task1-rlm-x1000-r02,deepseek-v4-flash,DeepSeek V4 Flash,rlm,1,tier1/task1,1000,2,10,succeeded,final,2026-09-23T12:04:52.180083+00:00,1,jed-deepseek-rlm-x1000-s02,{},macro_f1,True,0.8,96,0.032693924927999996,0.040867406159999994,472388,40890,513278,1071.621807469055,0.05106692761182785,409.94140625,0.0,409.94140625,1079.7206238806248,rxnhaystack-human-1.6.0,0.8,not_affected,True
rlm_x1000,x1000-openrouter-full-deepseek-v4-flash-tier1-task1-rlm-x1000-r03,deepseek-v4-flash,DeepSeek V4 Flash,rlm,1,tier1/task1,1000,3,10,succeeded,final,2026-09-23T12:03:15.891629+00:00,1,jed-deepseek-rlm-x1000-s03,{},macro_f1,True,0.8,74,0.024431984032,0.030539980039999998,342594,31204,373798,975.7313961014152,0.46186361089348793,412.17578125,0.0,412.17578125,983.4012440089136,rxnhaystack-human-1.6.0,0.8,not_affected,True
rlm_x1000,x1000-openrouter-full-deepseek-v4-flash-tier1-task1-rlm-x1000-r04,deepseek-v4-flash,DeepSeek V4 Flash,rlm,1,tier1/task1,1000,4,10,succeeded,final,2026-09-23T12:06:45.903158+00:00,1,jed-deepseek-rlm-x1000-s04,{},macro_f1,True,0.7,130,0.04182747280000001,0.052284341000000005,643628,47353,690981,1185.7974007409066,0.02181152254343033,398.5,0.0,398.5,1193.4385956842452,rxnhaystack-human-1.6.0,0.7,not_affected,True
rlm_x1000,x1000-openrouter-full-deepseek-v4-flash-tier1-task1-rlm-x1000-r05,deepseek-v4-flash,DeepSeek V4 Flash,rlm,1,tier1/task1,1000,5,10,succeeded,final,2026-09-23T12:09:01.953537+00:00,1,jed-deepseek-rlm-x1000-s05,{},macro_f1,True,0.8,102,0.04954403324800001,0.06193004156000001,598785,56911,655696,1322.233343936503,377.4756819624454,398.7734375,0.0,398.7734375,1329.485870886594,rxnhaystack-human-1.6.0,0.8,not_affected,True
rlm_x1000,x1000-openrouter-full-deepseek-v4-flash-tier2-task2-rlm-x1000-r01,deepseek-v4-flash,DeepSeek V4 Flash,rlm,2,tier2/task2,1000,1,6,succeeded,final,2026-09-23T12:37:29.747722+00:00,1,jed-deepseek-rlm-x1000-s06,{},macro_f1,True,0.3287037037037037,136,0.13042562780320002,0.16303203475400002,2425036,103437,2528473,2997.4450479336083,4.02953446097672,423.83984375,0.0,423.83984375,3022.1998072490096,rxnhaystack-human-1.6.0,0.3287037037037037,not_affected,True
rlm_x1000,x1000-openrouter-full-deepseek-v4-flash-tier2-task2-rlm-x1000-r02,deepseek-v4-flash,DeepSeek V4 Flash,rlm,2,tier2/task2,1000,2,6,succeeded,final,2026-09-23T12:23:54.162928+00:00,1,jed-deepseek-rlm-x1000-s07,{},macro_f1,True,0.3333333333333333,136,0.15151420799999998,0.18939275999999997,4208988,69949,4278937,2198.6185568813235,2.008075689896941,425.95703125,0.0,425.95703125,2206.413651874289,rxnhaystack-human-1.6.0,0.3333333333333333,not_affected,True
rlm_x1000,x1000-openrouter-full-deepseek-v4-flash-tier2-task2-rlm-x1000-r03,deepseek-v4-flash,DeepSeek V4 Flash,rlm,2,tier2/task2,1000,3,6,succeeded,final,2026-09-23T12:21:56.082940+00:00,1,jed-deepseek-rlm-x1000-s08,{},macro_f1,True,0.8333333333333334,99,0.09075553564800001,0.11344441956000001,1414650,63146,1477796,2093.1346907075495,5.2147871889173985,423.27734375,0.0,423.27734375,2103.0524935163558,rxnhaystack-human-1.6.0,0.8333333333333334,not_affected,True
rlm_x1000,x1000-openrouter-full-deepseek-v4-flash-tier2-task2-rlm-x1000-r04,deepseek-v4-flash,DeepSeek V4 Flash,rlm,2,tier2/task2,1000,4,6,succeeded,final,2026-09-23T12:19:09.806369+00:00,1,jed-deepseek-rlm-x1000-s09,{},macro_f1,True,0.6666666666666666,110,0.07513767072000001,0.0939220884,1069210,90577,1159787,1914.291383171454,4.577147921547294,405.2734375,0.0,405.2734375,1922.1078832410276,rxnhaystack-human-1.6.0,0.6666666666666666,not_affected,True
rlm_x1000,x1000-openrouter-full-deepseek-v4-flash-tier2-task2-rlm-x1000-r05,deepseek-v4-flash,DeepSeek V4 Flash,rlm,2,tier2/task2,1000,5,6,succeeded,final,2026-09-23T12:14:25.620890+00:00,1,jed-deepseek-rlm-x1000-s10,{},macro_f1,True,0.6666666666666666,99,0.04919012288,0.0614876536,539531,52770,592301,1626.7949145864695,1.9747072122991085,417.51953125,0.0,417.51953125,1638.1744774524122,rxnhaystack-human-1.6.0,0.6666666666666666,not_affected,True
rlm_x1000,x1000-openrouter-full-deepseek-v4-flash-tier2-task3-rlm-x1000-r01,deepseek-v4-flash,DeepSeek V4 Flash,rlm,2,tier2/task3,1000,1,5,succeeded,final,2026-09-23T12:30:06.316405+00:00,1,jed-deepseek-rlm-x1000-s11,{},macro_f1,True,0.6,62,0.09290792086399999,0.11613490107999998,1813557,67140,1880697,2532.06353790313,6.645230397582054,428.96484375,0.0,428.96484375,2556.5761440042406,rxnhaystack-human-1.6.0,0.6,not_affected,True
rlm_x1000,x1000-openrouter-full-deepseek-v4-flash-tier2-task3-rlm-x1000-r02,deepseek-v4-flash,DeepSeek V4 Flash,rlm,2,tier2/task3,1000,2,5,succeeded,final,2026-09-23T12:36:35.249342+00:00,1,jed-deepseek-rlm-x1000-s12,{},macro_f1,True,0.8,73,0.06633700841600002,0.08292126052000001,899166,106539,1005705,2959.2209004871547,5.554940175265074,408.125,0.0,408.125,2967.6928265206516,rxnhaystack-human-1.6.0,0.8,not_affected,True
rlm_x1000,x1000-openrouter-full-deepseek-v4-flash-tier2-task3-rlm-x1000-r03,deepseek-v4-flash,DeepSeek V4 Flash,rlm,2,tier2/task3,1000,3,5,succeeded,final,2026-09-23T12:34:59.677758+00:00,1,jed-deepseek-rlm-x1000-s13,{},macro_f1,True,0.8,65,0.03904923888,0.0488115486,402315,47983,450298,2767.252556633204,972.0851698601618,417.50390625,0.0,417.50390625,2775.515995715745,rxnhaystack-human-1.6.0,0.8,not_affected,True
rlm_x1000,x1000-openrouter-full-deepseek-v4-flash-tier2-task3-rlm-x1000-r04,deepseek-v4-flash,DeepSeek V4 Flash,rlm,2,tier2/task3,1000,4,5,succeeded,final,2026-09-23T12:38:36.785649+00:00,1,jed-deepseek-rlm-x1000-s14,{},macro_f1,True,0.6,71,0.08590079392000002,0.10737599240000002,1532492,76328,1608820,2989.366627112031,5.097344269044697,407.37890625,0.0,407.37890625,2999.300515992567,rxnhaystack-human-1.6.0,0.6,not_affected,True
rlm_x1000,x1000-openrouter-full-deepseek-v4-flash-tier2-task3-rlm-x1000-r05,deepseek-v4-flash,DeepSeek V4 Flash,rlm,2,tier2/task3,1000,5,5,succeeded,final,2026-09-23T12:34:06.415671+00:00,1,jed-deepseek-rlm-x1000-s15,{},macro_f1,True,0.6,93,0.069534487936,0.08691810992,1014821,72282,1087103,2713.959454265423,3.493747815489769,429.3984375,0.0,429.3984375,2722.253040768206,rxnhaystack-human-1.6.0,0.6,not_affected,True
rlm_x1000,x1000-openrouter-full-deepseek-v4-flash-tier2-task4-rlm-x1000-r01,deepseek-v4-flash,DeepSeek V4 Flash,rlm,2,tier2/task4,1000,1,5,succeeded,final,2026-09-23T12:10:02.252167+00:00,1,jed-deepseek-rlm-x1000-s16,{},macro_f1,True,0.8,75,0.035683132480000004,0.0446039156,450639,50999,501638,1273.4076202400029,5.807709245942533,406.41015625,0.0,406.41015625,1284.1701550884172,rxnhaystack-human-1.6.0,0.8,not_affected,True
rlm_x1000,x1000-openrouter-full-deepseek-v4-flash-tier2-task4-rlm-x1000-r02,deepseek-v4-flash,DeepSeek V4 Flash,rlm,2,tier2/task4,1000,2,5,succeeded,final,2026-09-23T12:14:11.408807+00:00,1,jed-deepseek-rlm-x1000-s17,{},macro_f1,True,0.8,75,0.03621942208000001,0.04527427760000001,428824,49913,478737,1519.879513412714,3.560111602768302,418.8515625,0.0,418.8515625,1529.4454293502495,rxnhaystack-human-1.6.0,0.8,not_affected,True
rlm_x1000,x1000-openrouter-full-deepseek-v4-flash-tier2-task4-rlm-x1000-r03,deepseek-v4-flash,DeepSeek V4 Flash,rlm,2,tier2/task4,1000,3,5,succeeded,final,2026-09-23T12:32:59.515224+00:00,1,jed-deepseek-rlm-x1000-s18,{},macro_f1,True,1.0,55,0.06486818624,0.08108523279999999,631096,99446,730542,2754.1734128706157,7.332475023344159,402.171875,0.0,402.171875,2763.207958078012,rxnhaystack-human-1.6.0,1.0,not_affected,True
rlm_x1000,x1000-openrouter-full-deepseek-v4-flash-tier2-task4-rlm-x1000-r04,deepseek-v4-flash,DeepSeek V4 Flash,rlm,2,tier2/task4,1000,4,5,succeeded,final,2026-09-23T11:58:02.440832+00:00,1,jed-deepseek-rlm-x1000-s19,{},macro_f1,True,0.6,93,0.020983975680000003,0.0262299696,376145,23028,399173,657.0226533394307,1.1436581946909428,403.08203125,0.0,403.08203125,666.1260661836714,rxnhaystack-human-1.6.0,0.6,not_affected,True
rlm_x1000,x1000-openrouter-full-deepseek-v4-flash-tier2-task4-rlm-x1000-r05,deepseek-v4-flash,DeepSeek V4 Flash,rlm,2,tier2/task4,1000,5,5,succeeded,final,2026-09-23T12:09:33.100031+00:00,1,jed-deepseek-rlm-x1000-s20,{},macro_f1,True,0.8800000000000001,63,0.043593550720000006,0.0544919384,892859,45094,937953,1348.0231192335486,2.602945603430271,409.7109375,0.0,409.7109375,1356.7787170112133,rxnhaystack-human-1.6.0,0.8800000000000001,not_affected,True
rlm_x1000,x1000-openrouter-full-deepseek-v4-flash-tier2-task5-rlm-x1000-r01,deepseek-v4-flash,DeepSeek V4 Flash,rlm,2,tier2/task5,1000,1,4,succeeded,final,2026-09-23T12:54:40.344441+00:00,1,jed-deepseek-rlm-x1000-s11,{},macro_f1,True,0.75,51,0.026773766016000008,0.03346720752000001,673173,72437,745610,1465.5484859962016,1.775297349318862,404.6328125,0.0,404.6328125,1471.2595395222306,rxnhaystack-human-1.6.0,0.75,not_affected,True
rlm_x1000,x1000-openrouter-full-deepseek-v4-flash-tier2-task5-rlm-x1000-r02,deepseek-v4-flash,DeepSeek V4 Flash,rlm,2,tier2/task5,1000,2,4,succeeded,final,2026-09-23T12:57:50.310314+00:00,1,jed-deepseek-rlm-x1000-s12,{},macro_f1,True,0.25,102,0.029416533152000005,0.03677066644,691366,44941,736307,1216.7853298503906,0.6280100047588348,393.109375,0.0,393.109375,1273.233147425577,rxnhaystack-human-1.6.0,0.25,not_affected,True
rlm_x1000,x1000-openrouter-full-deepseek-v4-flash-tier2-task5-rlm-x1000-r03,deepseek-v4-flash,DeepSeek V4 Flash,rlm,2,tier2/task5,1000,3,4,succeeded,final,2026-09-23T13:00:59.531198+00:00,1,jed-deepseek-rlm-x1000-s13,{},macro_f1,True,1.0,51,0.026683383584,0.03335422948,448023,60490,508513,1552.912256992422,3.4201233610510826,399.83203125,0.0,399.83203125,1558.074051361531,rxnhaystack-human-1.6.0,1.0,not_affected,True
rlm_x1000,x1000-openrouter-full-deepseek-v4-flash-tier2-task5-rlm-x1000-r04,deepseek-v4-flash,DeepSeek V4 Flash,rlm,2,tier2/task5,1000,4,4,succeeded,final,2026-09-23T12:59:57.140187+00:00,1,jed-deepseek-rlm-x1000-s14,{},macro_f1,True,1.0,56,0.03573095456000001,0.04466369320000001,782997,53515,836512,1230.8853915696964,3.2791154012084007,397.46875,0.0,397.46875,1236.2456765230745,rxnhaystack-human-1.6.0,1.0,not_affected,True
rlm_x1000,x1000-openrouter-full-deepseek-v4-flash-tier2-task5-rlm-x1000-r05,deepseek-v4-flash,DeepSeek V4 Flash,rlm,2,tier2/task5,1000,5,4,succeeded,final,2026-09-23T12:50:09.322889+00:00,1,jed-deepseek-rlm-x1000-s15,{},macro_f1,True,0.75,54,0.025416423072,0.03177052884,490183,39352,529535,901.7458821404725,4.7465619603171945,430.578125,0.0,430.578125,959.3142516696826,rxnhaystack-human-1.6.0,0.75,not_affected,True
rlm_x1000,x1000-openrouter-full-deepseek-v4-flash-tier3-task10-rlm-x1000-r01,deepseek-v4-flash,DeepSeek V4 Flash,rlm,3,tier3/task10,1000,1,5,succeeded,final,2026-09-23T11:43:37.786357+00:00,1,jed-deepseek-rlm-x1000-pilot;ground-truth:rxnhaystack-ground-truth-2026-09-25-v2;corrected-score-recovery:rxnhaystack-corrected-score-recovery-2026-09-25-v2,{},macro_f1,True,0.17142857142857143,152,0.08145454031999999,0.10181817539999999,1365035,136790,1501825,4529.1724347975105,3.8868839349597692,414.52734375,0.0,414.52734375,4553.238323787227,rxnhaystack-human-1.6.0,0.1333333333333333,corrected_exact_rescore,True
rlm_x1000,x1000-openrouter-full-deepseek-v4-flash-tier3-task10-rlm-x1000-r02,deepseek-v4-flash,DeepSeek V4 Flash,rlm,3,tier3/task10,1000,2,5,succeeded,final,2026-09-23T13:43:16.774591+00:00,1,jed-deepseek-rlm-x1000-s21;ground-truth:rxnhaystack-ground-truth-2026-09-25-v2;corrected-score-recovery:rxnhaystack-corrected-score-recovery-2026-09-25-v2,{},macro_f1,True,0.7574358974358975,200,0.1494279002704,0.186784875338,1480074,269128,1749202,6970.900185091421,1528.7900573667139,589.40234375,0.0,589.40234375,6980.4523601308465,rxnhaystack-human-1.6.0,0.7074358974358974,corrected_exact_rescore,True
rlm_x1000,x1000-openrouter-full-deepseek-v4-flash-tier3-task10-rlm-x1000-r03,deepseek-v4-flash,DeepSeek V4 Flash,rlm,3,tier3/task10,1000,3,5,succeeded,final,2026-09-23T13:56:56.681221+00:00,1,jed-deepseek-rlm-x1000-s22;ground-truth:rxnhaystack-ground-truth-2026-09-25-v2;corrected-score-recovery:rxnhaystack-corrected-score-recovery-2026-09-25-v2,{},macro_f1,True,0.4,110,0.15707145936,0.1963393242,2003248,271707,2274955,7791.342173915356,215.4012156035751,453.4296875,0.0,453.4296875,7800.359133455902,rxnhaystack-human-1.6.0,0.35,corrected_exact_rescore,True
rlm_x1000,x1000-openrouter-full-deepseek-v4-flash-tier3-task10-rlm-x1000-r04,deepseek-v4-flash,DeepSeek V4 Flash,rlm,3,tier3/task10,1000,4,5,succeeded,final,2026-09-23T13:19:51.761988+00:00,1,jed-deepseek-rlm-x1000-s23;ground-truth:rxnhaystack-ground-truth-2026-09-25-v2;corrected-score-recovery:rxnhaystack-corrected-score-recovery-2026-09-25-v2,{},macro_f1,True,0.24415584415584415,162,0.1603914066472,0.200489258309,1756700,227321,1984021,5566.781269464642,682.660392023623,408.5703125,0.0,408.5703125,5575.436284234747,rxnhaystack-human-1.6.0,0.206060606060606,corrected_exact_rescore,True
rlm_x1000,x1000-openrouter-full-deepseek-v4-flash-tier3-task10-rlm-x1000-r05,deepseek-v4-flash,DeepSeek V4 Flash,rlm,3,tier3/task10,1000,5,5,succeeded,final,2026-09-23T13:49:55.790742+00:00,1,jed-deepseek-rlm-x1000-s24;ground-truth:rxnhaystack-ground-truth-2026-09-25-v2;corrected-score-recovery:rxnhaystack-corrected-score-recovery-2026-09-25-v2,{},macro_f1,True,0.4890756302521009,111,0.16724707744,0.20905884679999998,2315775,247477,2563252,7370.015408447012,591.8185842465609,529.9375,0.0,529.9375,7379.4519403241575,rxnhaystack-human-1.6.0,0.45098039215686275,corrected_exact_rescore,True
rlm_x1000,x1000-openrouter-full-deepseek-v4-flash-tier3-task10b-rlm-x1000-r01,deepseek-v4-flash,DeepSeek V4 Flash,rlm,3,tier3/task10b,1000,1,5,succeeded,final,2026-09-23T14:00:39.970352+00:00,1,jed-deepseek-rlm-x1000-s01,{},macro_f1,True,0.3333333333333333,155,0.1691780080544,0.211472510068,2674366,281550,2955916,6667.116661183536,28.72651918232441,409.05859375,0.0,409.05859375,6672.440880505368,rxnhaystack-human-1.6.0,0.3333333333333333,not_affected,True
rlm_x1000,x1000-openrouter-full-deepseek-v4-flash-tier3-task10b-rlm-x1000-r02,deepseek-v4-flash,DeepSeek V4 Flash,rlm,3,tier3/task10b,1000,2,5,succeeded,final,2026-09-23T13:38:46.817085+00:00,1,jed-deepseek-rlm-x1000-s02,{},macro_f1,True,0.0,132,0.08683441243520001,0.108543015544,1544842,219108,1763950,5627.007648676634,1.3279271200299263,603.390625,0.0,603.390625,5632.709706945345,rxnhaystack-human-1.6.0,0.0,not_affected,True
rlm_x1000,x1000-openrouter-full-deepseek-v4-flash-tier3-task10b-rlm-x1000-r03,deepseek-v4-flash,DeepSeek V4 Flash,rlm,3,tier3/task10b,1000,3,5,succeeded,final,2026-09-23T13:11:09.845766+00:00,1,jed-deepseek-rlm-x1000-s03,{},macro_f1,True,0.2,123,0.0797518012584,0.099689751573,1451145,162223,1613368,4064.052217958495,12.632422462105751,380.47265625,0.0,380.47265625,4070.3263896629214,rxnhaystack-human-1.6.0,0.2,not_affected,True
rlm_x1000,x1000-openrouter-full-deepseek-v4-flash-tier3-task10b-rlm-x1000-r04,deepseek-v4-flash,DeepSeek V4 Flash,rlm,3,tier3/task10b,1000,4,5,succeeded,final,2026-09-23T13:59:50.667260+00:00,1,jed-deepseek-rlm-x1000-s04,{},macro_f1,True,0.3333333333333333,152,0.170263933368,0.21282991670999998,3273424,269858,3543282,6777.995092051104,213.03101329505444,449.97265625,0.0,449.97265625,6783.203960085288,rxnhaystack-human-1.6.0,0.3333333333333333,not_affected,True
rlm_x1000,x1000-openrouter-full-deepseek-v4-flash-tier3-task10b-rlm-x1000-r05,deepseek-v4-flash,DeepSeek V4 Flash,rlm,3,tier3/task10b,1000,5,5,succeeded,final,2026-09-23T14:12:44.793123+00:00,1,jed-deepseek-rlm-x1000-s05,{},macro_f1,True,0.2363636363636364,272,0.1994076614456,0.24925957680699998,2872172,334449,3206621,7415.95365383476,306.0146068818867,458.53125,0.0,458.53125,7421.29478818737,rxnhaystack-human-1.6.0,0.2363636363636364,not_affected,True
rlm_x1000,x1000-openrouter-full-deepseek-v4-flash-tier3-task13-rlm-x1000-r01,deepseek-v4-flash,DeepSeek V4 Flash,rlm,3,tier3/task13,1000,1,1,succeeded,final,2026-09-23T12:24:03.272189+00:00,1,jed-deepseek-rlm-x1000-s08,{},macro_f1,True,1.0,7,0.00258175328,0.0032271916,40115,3956,44071,121.64583892188966,0.36266466975212097,353.96484375,0.0,353.96484375,126.61136676184833,rxnhaystack-human-1.6.0,1.0,not_affected,True
rlm_x1000,x1000-openrouter-full-deepseek-v4-flash-tier3-task13-rlm-x1000-r02,deepseek-v4-flash,DeepSeek V4 Flash,rlm,3,tier3/task13,1000,2,1,succeeded,final,2026-09-23T12:21:03.198746+00:00,1,jed-deepseek-rlm-x1000-s09,{},macro_f1,True,1.0,2,0.00274310304,0.0034288788,23617,4748,28365,106.59287032485008,2.147240124642849,363.7890625,0.0,363.7890625,112.04373585619032,rxnhaystack-human-1.6.0,1.0,not_affected,True
rlm_x1000,x1000-openrouter-full-deepseek-v4-flash-tier3-task13-rlm-x1000-r03,deepseek-v4-flash,DeepSeek V4 Flash,rlm,3,tier3/task13,1000,3,1,succeeded,final,2026-09-23T12:16:24.088808+00:00,1,jed-deepseek-rlm-x1000-s10,{},macro_f1,True,1.0,5,0.00206006592,0.0025750824,19819,3723,23542,109.58385141566396,0.3627930302172899,356.63671875,0.0,356.63671875,115.131473088637,rxnhaystack-human-1.6.0,1.0,not_affected,True
rlm_x1000,x1000-openrouter-full-deepseek-v4-flash-tier3-task13-rlm-x1000-r04,deepseek-v4-flash,DeepSeek V4 Flash,rlm,3,tier3/task13,1000,4,1,succeeded,final,2026-09-23T12:56:54.297775+00:00,1,jed-deepseek-rlm-x1000-s11,{},macro_f1,True,1.0,8,0.00265679904,0.0033209987999999998,34858,4309,39167,124.66266330704093,0.358799172565341,352.36328125,0.0,352.36328125,130.81221310794353,rxnhaystack-human-1.6.0,1.0,not_affected,True
rlm_x1000,x1000-openrouter-full-deepseek-v4-flash-tier3-task13-rlm-x1000-r05,deepseek-v4-flash,DeepSeek V4 Flash,rlm,3,tier3/task13,1000,5,1,succeeded,final,2026-09-23T13:00:08.309060+00:00,1,jed-deepseek-rlm-x1000-s12,{},macro_f1,True,1.0,7,0.0026796057600000003,0.0033495072000000003,35200,4426,39626,131.21126266010106,0.36726708710193634,356.84375,0.0,356.84375,136.52656118944287,rxnhaystack-human-1.6.0,1.0,not_affected,True
rlm_x1000,x1000-openrouter-full-deepseek-v4-flash-tier3-task14-rlm-x1000-r01,deepseek-v4-flash,DeepSeek V4 Flash,rlm,3,tier3/task14,1000,1,1,succeeded,final,2026-09-23T13:06:15.395040+00:00,1,jed-deepseek-rlm-x1000-s13,{},macro_f1,True,0.0,31,0.00726355056,0.0090794382,117803,12425,130228,309.10949841793627,1.0474606920033693,362.48828125,0.0,362.48828125,315.01385916024446,rxnhaystack-human-1.6.0,0.0,not_affected,True
rlm_x1000,x1000-openrouter-full-deepseek-v4-flash-tier3-task14-rlm-x1000-r02,deepseek-v4-flash,DeepSeek V4 Flash,rlm,3,tier3/task14,1000,2,1,succeeded,final,2026-09-23T13:09:40.610050+00:00,1,jed-deepseek-rlm-x1000-s14,{},macro_f1,True,1.0,16,0.008753920319999999,0.010942400399999998,138458,22481,160939,575.9711848245934,1.805238975211978,359.09375,0.0,359.09375,581.5014446284622,rxnhaystack-human-1.6.0,1.0,not_affected,True
rlm_x1000,x1000-openrouter-full-deepseek-v4-flash-tier3-task14-rlm-x1000-r03,deepseek-v4-flash,DeepSeek V4 Flash,rlm,3,tier3/task14,1000,3,1,succeeded,final,2026-09-23T12:55:49.952354+00:00,1,jed-deepseek-rlm-x1000-s15,{},macro_f1,True,0.0,31,0.00615928768,0.0076991096,119964,9948,129912,333.24361179675907,0.0,355.328125,0.0,355.328125,338.7674324037507,rxnhaystack-human-1.6.0,0.0,not_affected,True
rlm_x1000,x1000-openrouter-full-deepseek-v4-flash-tier3-task14-rlm-x1000-r04,deepseek-v4-flash,DeepSeek V4 Flash,rlm,3,tier3/task14,1000,4,1,succeeded,final,2026-09-23T12:19:49.310771+00:00,1,jed-deepseek-rlm-x1000-s16,{},macro_f1,True,1.0,8,0.00485032576,0.0060629072,62764,13446,76210,552.4518068498,0.7990424362942576,356.17578125,0.0,356.17578125,558.2888502497226,rxnhaystack-human-1.6.0,1.0,not_affected,True
rlm_x1000,x1000-openrouter-full-deepseek-v4-flash-tier3-task14-rlm-x1000-r05,deepseek-v4-flash,DeepSeek V4 Flash,rlm,3,tier3/task14,1000,5,1,succeeded,final,2026-09-23T12:22:42.282630+00:00,1,jed-deepseek-rlm-x1000-s17,{},macro_f1,True,1.0,6,0.007946001280000002,0.009932501600000001,108284,21076,129360,489.00992169976234,3.1347596794366837,380.37109375,0.0,380.37109375,506.5780225340277,rxnhaystack-human-1.6.0,1.0,not_affected,True
rlm_x1000,x1000-openrouter-full-deepseek-v4-flash-tier3-task15-rlm-x1000-r01,deepseek-v4-flash,DeepSeek V4 Flash,rlm,3,tier3/task15,1000,1,1,succeeded,final,2026-09-23T12:53:45.262822+00:00,1,jed-deepseek-rlm-x1000-s18,{},macro_f1,True,0.0,31,0.02672237152,0.0334029644,366727,44514,411241,1181.000861728564,0.0006885156035423279,363.1640625,0.0,363.1640625,1242.0682868473232,rxnhaystack-human-1.6.0,0.0,not_affected,True
rlm_x1000,x1000-openrouter-full-deepseek-v4-flash-tier3-task15-rlm-x1000-r02,deepseek-v4-flash,DeepSeek V4 Flash,rlm,3,tier3/task15,1000,2,1,succeeded,final,2026-09-23T12:03:22.976367+00:00,1,jed-deepseek-rlm-x1000-s19,{},macro_f1,True,1.0,8,0.0051943315200000005,0.0064929144,66207,8023,74230,250.82410782761872,1.7265997994691133,359.0078125,0.0,359.0078125,318.2266201544553,rxnhaystack-human-1.6.0,1.0,not_affected,True
rlm_x1000,x1000-openrouter-full-deepseek-v4-flash-tier3-task15-rlm-x1000-r03,deepseek-v4-flash,DeepSeek V4 Flash,rlm,3,tier3/task15,1000,3,1,succeeded,final,2026-09-23T12:14:39.159924+00:00,1,jed-deepseek-rlm-x1000-s20,{},macro_f1,True,1.0,9,0.00545251168,0.006815639599999999,41320,10365,51685,299.0485839433968,0.9696617946028709,352.89453125,0.0,352.89453125,304.3423997182399,rxnhaystack-human-1.6.0,1.0,not_affected,True
rlm_x1000,x1000-openrouter-full-deepseek-v4-flash-tier3-task15-rlm-x1000-r04,deepseek-v4-flash,DeepSeek V4 Flash,rlm,3,tier3/task15,1000,4,1,succeeded,final,2026-09-23T13:51:07.486437+00:00,1,jed-deepseek-rlm-x1000-s21,{},macro_f1,True,1.0,8,0.0069262752,0.008657844,44250,13604,57854,416.6111706085503,0.8263304904103279,369.9765625,0.0,369.9765625,422.40454255230725,rxnhaystack-human-1.6.0,1.0,not_affected,True
rlm_x1000,x1000-openrouter-full-deepseek-v4-flash-tier3-task15-rlm-x1000-r05,deepseek-v4-flash,DeepSeek V4 Flash,rlm,3,tier3/task15,1000,5,1,succeeded,final,2026-09-23T14:09:59.041101+00:00,1,jed-deepseek-rlm-x1000-s22,{},macro_f1,True,0.0,31,0.01254660448,0.015683255599999998,136036,22285,158321,774.5571443140507,0.0,355.296875,0.0,355.296875,779.6497969031334,rxnhaystack-human-1.6.0,0.0,not_affected,True
rlm_x1000,x1000-openrouter-full-deepseek-v4-flash-tier3-task17-rlm-x1000-r01,deepseek-v4-flash,DeepSeek V4 Flash,rlm,3,tier3/task17,1000,1,1,succeeded,final,2026-09-23T13:53:11.810482+00:00,1,jed-deepseek-rlm-x1000-s23,{},macro_f1,True,0.0,26,0.04008843680000001,0.050110546000000006,468362,70601,538963,1940.9238442946225,0.022240791469812393,368.8828125,0.0,368.8828125,1947.6213816031814,rxnhaystack-human-1.6.0,0.0,not_affected,True
rlm_x1000,x1000-openrouter-full-deepseek-v4-flash-tier3-task17-rlm-x1000-r02,deepseek-v4-flash,DeepSeek V4 Flash,rlm,3,tier3/task17,1000,2,1,succeeded,final,2026-09-23T14:03:24.722523+00:00,1,jed-deepseek-rlm-x1000-s24,{},macro_f1,True,0.6880000000000001,14,0.01344085024,0.0168010628,138843,24030,162873,800.0786440856755,0.8655790705233812,358.57421875,0.0,358.57421875,806.0194010436535,rxnhaystack-human-1.6.0,0.6880000000000001,not_affected,True
rlm_x1000,x1000-openrouter-full-deepseek-v4-flash-tier3-task17-rlm-x1000-r03,deepseek-v4-flash,DeepSeek V4 Flash,rlm,3,tier3/task17,1000,3,1,succeeded,final,2026-09-23T14:32:23.667292+00:00,1,jed-deepseek-rlm-x1000-s01,{},macro_f1,True,0.0,21,0.03836018144,0.047950226799999995,553873,62872,616745,1894.5857126116753,0.527839994058013,369.24609375,0.0,369.24609375,1901.134137859568,rxnhaystack-human-1.6.0,0.0,not_affected,True
rlm_x1000,x1000-openrouter-full-deepseek-v4-flash-tier3-task17-rlm-x1000-r04,deepseek-v4-flash,DeepSeek V4 Flash,rlm,3,tier3/task17,1000,4,1,succeeded,final,2026-09-23T14:11:09.656905+00:00,1,jed-deepseek-rlm-x1000-s02,{},macro_f1,True,0.7107438016528926,27,0.04297982208000001,0.0537247776,723215,65769,788984,1933.582717800513,1.5320131164044142,371.03125,0.0,371.03125,1939.6231103744358,rxnhaystack-human-1.6.0,0.7107438016528926,not_affected,True
rlm_x1000,x1000-openrouter-full-deepseek-v4-flash-tier3-task17-rlm-x1000-r05,deepseek-v4-flash,DeepSeek V4 Flash,rlm,3,tier3/task17,1000,5,1,succeeded,final,2026-09-23T13:28:50.055090+00:00,1,jed-deepseek-rlm-x1000-s03,{},macro_f1,True,0.0,31,0.026328264320000003,0.0329103304,527969,38373,566342,978.918906500563,0.0,369.2109375,0.0,369.2109375,1054.078610861674,rxnhaystack-human-1.6.0,0.0,not_affected,True
rlm_x1000,x1000-openrouter-full-deepseek-v4-flash-tier3-task18-rlm-x1000-r01,deepseek-v4-flash,DeepSeek V4 Flash,rlm,3,tier3/task18,1000,1,1,succeeded,final,2026-09-23T14:15:26.685429+00:00,1,jed-deepseek-rlm-x1000-s04;ground-truth:rxnhaystack-ground-truth-2026-09-25-v2;corrected-score-recovery:rxnhaystack-corrected-score-recovery-2026-09-25-v2,{},macro_f1,True,0.0,31,0.0119011424,0.014876427999999999,190528,25610,216138,924.6383761186153,0.0,363.12109375,0.0,363.12109375,931.1735580619425,rxnhaystack-human-1.6.0,0.0,corrected_exact_rescore,True
rlm_x1000,x1000-openrouter-full-deepseek-v4-flash-tier3-task18-rlm-x1000-r02,deepseek-v4-flash,DeepSeek V4 Flash,rlm,3,tier3/task18,1000,2,1,succeeded,final,2026-09-23T14:21:45.899982+00:00,1,jed-deepseek-rlm-x1000-s05;ground-truth:rxnhaystack-ground-truth-2026-09-25-v2;submission-score-freeze:rxnhaystack-iclr2027-submission-score-freeze-v1,{},macro_f1,True,0.47389558232931733,11,0.006619941440000001,0.0082749268,91436,17825,109261,533.8932463340461,2.1093276869505644,364.1796875,0.0,364.1796875,539.0612987522036,rxnhaystack-human-1.6.0,0.47389558232931733,historical_score_invalidated,True
rlm_x1000,x1000-openrouter-full-deepseek-v4-flash-tier3-task18-rlm-x1000-r03,deepseek-v4-flash,DeepSeek V4 Flash,rlm,3,tier3/task18,1000,3,1,succeeded,final,2026-09-23T13:04:52.309589+00:00,1,jed-deepseek-rlm-x1000-s06;ground-truth:rxnhaystack-ground-truth-2026-09-25-v2;submission-score-freeze:rxnhaystack-iclr2027-submission-score-freeze-v1,{},macro_f1,True,0.5940959409594095,17,0.02130591344,0.0266323918,292945,56770,349715,1613.471072204411,4.397515593096614,361.9140625,0.0,361.9140625,1641.5192620735615,rxnhaystack-human-1.6.0,0.5940959409594095,historical_score_invalidated,True
rlm_x1000,x1000-openrouter-full-deepseek-v4-flash-tier3-task18-rlm-x1000-r04,deepseek-v4-flash,DeepSeek V4 Flash,rlm,3,tier3/task18,1000,4,1,succeeded,final,2026-09-23T12:54:42.127340+00:00,1,jed-deepseek-rlm-x1000-s07;ground-truth:rxnhaystack-ground-truth-2026-09-25-v2;corrected-score-recovery:rxnhaystack-corrected-score-recovery-2026-09-25-v2,{},macro_f1,True,0.0,25,0.027450456479999996,0.034313070599999995,452356,65887,518243,1841.3960477840155,1.3126804381608963,369.5078125,0.0,369.5078125,1846.4400267582387,rxnhaystack-human-1.6.0,0.0,corrected_exact_rescore,True
rlm_x1000,x1000-openrouter-full-deepseek-v4-flash-tier3-task18-rlm-x1000-r05,deepseek-v4-flash,DeepSeek V4 Flash,rlm,3,tier3/task18,1000,5,1,succeeded,final,2026-09-23T12:30:08.105215+00:00,1,jed-deepseek-rlm-x1000-s08;ground-truth:rxnhaystack-ground-truth-2026-09-25-v2;submission-score-freeze:rxnhaystack-iclr2027-submission-score-freeze-v1,{},macro_f1,True,0.5940959409594095,11,0.01807046688,0.0225880836,254273,17449,271722,348.7593468762934,2.6366793382912874,363.31640625,0.0,363.31640625,364.1910584438592,rxnhaystack-human-1.6.0,0.5940959409594095,historical_score_invalidated,True
rlm_x1000,x1000-openrouter-full-deepseek-v4-flash-tier3-task20-rlm-x1000-r01,deepseek-v4-flash,DeepSeek V4 Flash,rlm,3,tier3/task20,1000,1,1,succeeded,final,2026-09-23T12:30:06.322693+00:00,1,jed-deepseek-rlm-x1000-s09,{},macro_f1,True,1.0,31,0.02284595488,0.0285574436,242196,19806,262002,447.2704383376986,0.30380377173423767,356.70703125,0.0,356.70703125,519.3439711518586,rxnhaystack-human-1.6.0,1.0,not_affected,True
rlm_x1000,x1000-openrouter-full-deepseek-v4-flash-tier3-task20-rlm-x1000-r02,deepseek-v4-flash,DeepSeek V4 Flash,rlm,3,tier3/task20,1000,2,1,succeeded,final,2026-09-23T12:19:33.120723+00:00,1,jed-deepseek-rlm-x1000-s10,{},macro_f1,True,1.0,9,0.011871382400000002,0.014839228000000001,55336,10412,65748,180.45174263231456,1.1901884470134974,353.9140625,0.0,353.9140625,186.3579827696085,rxnhaystack-human-1.6.0,1.0,not_affected,True
rlm_x1000,x1000-openrouter-full-deepseek-v4-flash-tier3-task20-rlm-x1000-r03,deepseek-v4-flash,DeepSeek V4 Flash,rlm,3,tier3/task20,1000,3,1,succeeded,final,2026-09-23T13:25:06.220070+00:00,1,jed-deepseek-rlm-x1000-s11,{},macro_f1,True,1.0,15,0.0121616005736,0.015202000717,127554,15398,142952,1685.0457578953356,0.9037317130714655,366.8828125,0.0,366.8828125,1690.1189097892493,rxnhaystack-human-1.6.0,1.0,not_affected,True
rlm_x1000,x1000-openrouter-full-deepseek-v4-flash-tier3-task20-rlm-x1000-r04,deepseek-v4-flash,DeepSeek V4 Flash,rlm,3,tier3/task20,1000,4,1,succeeded,final,2026-09-23T13:08:29.003452+00:00,1,jed-deepseek-rlm-x1000-s12,{},macro_f1,True,1.0,3,0.0053792419416,0.006724052427,44440,8507,52947,494.05484152957797,2.2197026424109936,362.34765625,0.0,362.34765625,499.3124779127538,rxnhaystack-human-1.6.0,1.0,not_affected,True
rlm_x1000,x1000-openrouter-full-deepseek-v4-flash-tier3-task20-rlm-x1000-r05,deepseek-v4-flash,DeepSeek V4 Flash,rlm,3,tier3/task20,1000,5,1,succeeded,final,2026-09-23T13:38:09.622180+00:00,1,jed-deepseek-rlm-x1000-s13,{},macro_f1,True,0.0,16,0.023584861773600002,0.029481077217000003,299961,27424,327385,1901.085711355321,0.0,352.62109375,0.0,352.62109375,1906.6310041500255,rxnhaystack-human-1.6.0,0.0,not_affected,True
rlm_x1000,x1000-openrouter-full-deepseek-v4-flash-tier3-task21-rlm-x1000-r01,deepseek-v4-flash,DeepSeek V4 Flash,rlm,3,tier3/task21,1000,1,1,succeeded,final,2026-09-23T13:13:20.901842+00:00,1,jed-deepseek-rlm-x1000-s14,{},macro_f1,True,1.0,3,0.00568923232,0.0071115404,31485,7789,39274,209.6105219060555,0.13672833982855082,362.64453125,0.0,362.64453125,215.63514566700906,rxnhaystack-human-1.6.0,1.0,not_affected,True
rlm_x1000,x1000-openrouter-full-deepseek-v4-flash-tier3-task21-rlm-x1000-r02,deepseek-v4-flash,DeepSeek V4 Flash,rlm,3,tier3/task21,1000,2,1,succeeded,final,2026-09-23T13:00:40.505283+00:00,1,jed-deepseek-rlm-x1000-s15,{},macro_f1,True,0.0,31,0.011794727360000002,0.014743409200000002,129853,9695,139548,275.9453456187621,0.0,355.640625,0.0,355.640625,288.7497476404533,rxnhaystack-human-1.6.0,0.0,not_affected,True
rlm_x1000,x1000-openrouter-full-deepseek-v4-flash-tier3-task21-rlm-x1000-r03,deepseek-v4-flash,DeepSeek V4 Flash,rlm,3,tier3/task21,1000,3,1,succeeded,final,2026-09-23T12:21:59.004106+00:00,1,jed-deepseek-rlm-x1000-s16,{},macro_f1,True,1.0,13,0.007429968000000001,0.00928746,87233,6576,93809,119.1767373662442,0.286621923558414,358.8359375,0.0,358.8359375,125.70846771262586,rxnhaystack-human-1.6.0,1.0,not_affected,True
rlm_x1000,x1000-openrouter-full-deepseek-v4-flash-tier3-task21-rlm-x1000-r04,deepseek-v4-flash,DeepSeek V4 Flash,rlm,3,tier3/task21,1000,4,1,succeeded,final,2026-09-23T12:24:09.341908+00:00,1,jed-deepseek-rlm-x1000-s17,{},macro_f1,True,1.0,5,0.0029644160000000005,0.0037055200000000003,24531,3877,28408,79.45959975011647,0.128412164747715,380.69140625,0.0,380.69140625,84.97715476714075,rxnhaystack-human-1.6.0,1.0,not_affected,True
rlm_x1000,x1000-openrouter-full-deepseek-v4-flash-tier3-task21-rlm-x1000-r05,deepseek-v4-flash,DeepSeek V4 Flash,rlm,3,tier3/task21,1000,5,1,succeeded,final,2026-09-23T12:54:39.070915+00:00,1,jed-deepseek-rlm-x1000-s18,{},macro_f1,True,1.0,3,0.00252227392,0.0031528424,24574,2160,26734,46.27271091192961,0.1327949482947588,357.22265625,0.0,357.22265625,51.58827728033066,rxnhaystack-human-1.6.0,1.0,not_affected,True
rlm_x1000,x1000-openrouter-full-deepseek-v4-flash-tier3-task22-rlm-x1000-r01,deepseek-v4-flash,DeepSeek V4 Flash,rlm,3,tier3/task22,1000,1,1,succeeded,final,2026-09-23T12:11:20.892316+00:00,1,jed-deepseek-rlm-x1000-s19,{},macro_f1,True,1.0,11,0.0068855276800000005,0.0086069096,77351,19999,97350,470.92321841977537,0.9069865718483925,362.015625,0.0,362.015625,476.4625776913017,rxnhaystack-human-1.6.0,1.0,not_affected,True
rlm_x1000,x1000-openrouter-full-deepseek-v4-flash-tier3-task22-rlm-x1000-r02,deepseek-v4-flash,DeepSeek V4 Flash,rlm,3,tier3/task22,1000,2,1,succeeded,final,2026-09-23T12:20:06.005781+00:00,1,jed-deepseek-rlm-x1000-s20,{},macro_f1,True,0.0,31,0.005720815520000001,0.007151019400000001,116579,9952,126531,320.1601957604289,0.0,353.9609375,0.0,353.9609375,325.3280609268695,rxnhaystack-human-1.6.0,0.0,not_affected,True
rlm_x1000,x1000-openrouter-full-deepseek-v4-flash-tier3-task22-rlm-x1000-r03,deepseek-v4-flash,DeepSeek V4 Flash,rlm,3,tier3/task22,1000,3,1,succeeded,final,2026-09-23T13:59:37.073150+00:00,1,jed-deepseek-rlm-x1000-s21,{},macro_f1,True,1.0,9,0.019786858399999996,0.024733572999999995,161799,25122,186921,502.0649852566421,210.44241797365248,374.4453125,0.0,374.4453125,508.19095667637885,rxnhaystack-human-1.6.0,1.0,not_affected,True
rlm_x1000,x1000-openrouter-full-deepseek-v4-flash-tier3-task22-rlm-x1000-r04,deepseek-v4-flash,DeepSeek V4 Flash,rlm,3,tier3/task22,1000,4,1,succeeded,final,2026-09-23T14:17:34.643533+00:00,1,jed-deepseek-rlm-x1000-s22,{},macro_f1,True,1.0,14,0.020304648000000005,0.025380810000000004,174116,16281,190397,447.8168927039951,1.6115982308983803,362.4609375,0.0,362.4609375,453.62635340355337,rxnhaystack-human-1.6.0,1.0,not_affected,True
rlm_x1000,x1000-openrouter-full-deepseek-v4-flash-tier3-task22-rlm-x1000-r05,deepseek-v4-flash,DeepSeek V4 Flash,rlm,3,tier3/task22,1000,5,1,succeeded,final,2026-09-23T13:58:50.799698+00:00,1,jed-deepseek-rlm-x1000-s23,{},macro_f1,True,0.0,31,0.009056936,0.01132117,117734,11060,128794,331.7296227067709,0.0,354.98046875,0.0,354.98046875,337.3890165761113,rxnhaystack-human-1.6.0,0.0,not_affected,True
rlm_x1000,x1000-openrouter-full-deepseek-v4-flash-tier3-task23-rlm-x1000-r01,deepseek-v4-flash,DeepSeek V4 Flash,rlm,3,tier3/task23,1000,1,1,succeeded,final,2026-09-23T14:14:18.613140+00:00,1,jed-deepseek-rlm-x1000-s24;ground-truth:rxnhaystack-ground-truth-2026-09-25-v2;corrected-score-recovery:rxnhaystack-corrected-score-recovery-2026-09-25-v2,{},macro_f1,True,1.0,13,0.032060558079999996,0.040075697599999995,384074,23722,407796,630.4295725319535,4.067673729732633,371.1484375,0.0,371.1484375,635.8601498454809,rxnhaystack-human-1.6.0,1.0,corrected_exact_rescore,True
rlm_x1000,x1000-openrouter-full-deepseek-v4-flash-tier3-task23-rlm-x1000-r02,deepseek-v4-flash,DeepSeek V4 Flash,rlm,3,tier3/task23,1000,2,1,succeeded,final,2026-09-23T14:37:56.862155+00:00,1,jed-deepseek-rlm-x1000-s01;ground-truth:rxnhaystack-ground-truth-2026-09-25-v2;corrected-score-recovery:rxnhaystack-corrected-score-recovery-2026-09-25-v2,{},macro_f1,True,1.0,10,0.01235477024,0.0154434628,101435,14096,115531,325.61135839112103,1.551381204277277,366.6484375,0.0,366.6484375,331.669282829389,rxnhaystack-human-1.6.0,1.0,corrected_exact_rescore,True
rlm_x1000,x1000-openrouter-full-deepseek-v4-flash-tier3-task23-rlm-x1000-r03,deepseek-v4-flash,DeepSeek V4 Flash,rlm,3,tier3/task23,1000,3,1,succeeded,final,2026-09-23T14:20:42.277922+00:00,1,jed-deepseek-rlm-x1000-s02;ground-truth:rxnhaystack-ground-truth-2026-09-25-v2;corrected-score-recovery:rxnhaystack-corrected-score-recovery-2026-09-25-v2,{},macro_f1,True,1.0,8,0.022133983680000004,0.027667479600000003,217341,20807,238148,562.9653580710292,4.903764244168997,365.74609375,0.0,365.74609375,568.86987048015,rxnhaystack-human-1.6.0,1.0,corrected_exact_rescore,True
rlm_x1000,x1000-openrouter-full-deepseek-v4-flash-tier3-task23-rlm-x1000-r04,deepseek-v4-flash,DeepSeek V4 Flash,rlm,3,tier3/task23,1000,4,1,succeeded,final,2026-09-23T13:33:56.477304+00:00,1,jed-deepseek-rlm-x1000-s03;ground-truth:rxnhaystack-ground-truth-2026-09-25-v2;corrected-score-recovery:rxnhaystack-corrected-score-recovery-2026-09-25-v2,{},macro_f1,True,1.0,11,0.017662115840000003,0.0220776448,175716,16875,192591,293.99037862196565,0.8916025906801224,365.02734375,0.0,365.02734375,301.1722769662738,rxnhaystack-human-1.6.0,1.0,corrected_exact_rescore,True
rlm_x1000,x1000-openrouter-full-deepseek-v4-flash-tier3-task23-rlm-x1000-r05,deepseek-v4-flash,DeepSeek V4 Flash,rlm,3,tier3/task23,1000,5,1,succeeded,final,2026-09-23T14:19:23.517311+00:00,1,jed-deepseek-rlm-x1000-s04;ground-truth:rxnhaystack-ground-truth-2026-09-25-v2;corrected-score-recovery:rxnhaystack-corrected-score-recovery-2026-09-25-v2,{},macro_f1,True,1.0,2,0.00489398784,0.0061174848,17448,7642,25090,227.18247206136584,2.5513726472854614,368.7578125,0.0,368.7578125,232.8868405856192,rxnhaystack-human-1.6.0,1.0,corrected_exact_rescore,True
rlm_x1000,x1000-openrouter-full-deepseek-v4-flash-tier3-task24-rlm-x1000-r01,deepseek-v4-flash,DeepSeek V4 Flash,rlm,3,tier3/task24,1000,1,1,succeeded,final,2026-09-23T14:31:10.608548+00:00,1,jed-deepseek-rlm-x1000-s05,{},macro_f1,True,1.0,16,0.0060902853120000005,0.00761285664,320598,24061,344659,557.3322277776897,0.9714517816901207,352.57421875,0.0,352.57421875,562.3275513928384,rxnhaystack-human-1.6.0,1.0,not_affected,True
rlm_x1000,x1000-openrouter-full-deepseek-v4-flash-tier3-task24-rlm-x1000-r02,deepseek-v4-flash,DeepSeek V4 Flash,rlm,3,tier3/task24,1000,2,1,succeeded,final,2026-09-23T13:10:02.896561+00:00,1,jed-deepseek-rlm-x1000-s06,{},macro_f1,True,1.0,10,0.00680407456,0.0085050932,64899,6759,71658,259.3309772480279,0.24491357617080212,363.55859375,0.0,363.55859375,264.38035304285586,rxnhaystack-human-1.6.0,1.0,not_affected,True
rlm_x1000,x1000-openrouter-full-deepseek-v4-flash-tier3-task24-rlm-x1000-r03,deepseek-v4-flash,DeepSeek V4 Flash,rlm,3,tier3/task24,1000,3,1,succeeded,final,2026-09-23T13:03:05.402094+00:00,1,jed-deepseek-rlm-x1000-s07,{},macro_f1,True,0.0,31,0.022941121600000003,0.028676402000000004,260991,19048,280039,491.01831533014774,0.0,354.51171875,0.0,354.51171875,496.2091861255467,rxnhaystack-human-1.6.0,0.0,not_affected,True
rlm_x1000,x1000-openrouter-full-deepseek-v4-flash-tier3-task24-rlm-x1000-r04,deepseek-v4-flash,DeepSeek V4 Flash,rlm,3,tier3/task24,1000,4,1,succeeded,final,2026-09-23T12:33:56.067411+00:00,1,jed-deepseek-rlm-x1000-s08,{},macro_f1,True,1.0,9,0.00516880512,0.006461006399999999,53242,6779,60021,221.1575101595372,0.40303739719092846,353.75390625,0.0,353.75390625,226.9549540169537,rxnhaystack-human-1.6.0,1.0,not_affected,True
rlm_x1000,x1000-openrouter-full-deepseek-v4-flash-tier3-task24-rlm-x1000-r05,deepseek-v4-flash,DeepSeek V4 Flash,rlm,3,tier3/task24,1000,5,1,succeeded,final,2026-09-23T12:34:37.476151+00:00,1,jed-deepseek-rlm-x1000-s09,{},macro_f1,True,1.0,6,0.00909810944,0.0113726368,67554,13152,80706,262.8539341520518,1.1837012115865946,353.7890625,0.0,353.7890625,268.40876290760934,rxnhaystack-human-1.6.0,1.0,not_affected,True
rlm_x1000,x1000-openrouter-full-deepseek-v4-flash-tier3-task6-rlm-x1000-r01,deepseek-v4-flash,DeepSeek V4 Flash,rlm,3,tier3/task6,1000,1,4,succeeded,final,2026-09-23T13:55:51.724462+00:00,1,jed-deepseek-rlm-x1000-s16;ground-truth:rxnhaystack-ground-truth-2026-09-25-v2;corrected-score-recovery:rxnhaystack-corrected-score-recovery-2026-09-25-v2,{},macro_f1,True,0.01818181818181818,111,0.18999991168,0.23749988959999999,2097520,188227,2285747,5610.558314492926,2.3492367919534445,387.6640625,0.0,387.6640625,5617.374320333824,rxnhaystack-human-1.6.0,0.01818181818181818,corrected_exact_rescore,True
rlm_x1000,x1000-openrouter-full-deepseek-v4-flash-tier3-task6-rlm-x1000-r02,deepseek-v4-flash,DeepSeek V4 Flash,rlm,3,tier3/task6,1000,2,4,succeeded,final,2026-09-23T14:03:24.759005+00:00,1,jed-deepseek-rlm-x1000-s17;ground-truth:rxnhaystack-ground-truth-2026-09-25-v2;corrected-score-recovery:rxnhaystack-corrected-score-recovery-2026-09-25-v2,{},macro_f1,True,0.03333333333333333,118,0.19788132656000001,0.24735165820000002,2487207,206226,2693433,5923.325748232193,3.567313715815544,388.67578125,0.0,388.67578125,5953.614641197957,rxnhaystack-human-1.6.0,0.03333333333333333,corrected_exact_rescore,True
rlm_x1000,x1000-openrouter-full-deepseek-v4-flash-tier3-task6-rlm-x1000-r03,deepseek-v4-flash,DeepSeek V4 Flash,rlm,3,tier3/task6,1000,3,4,succeeded,final,2026-09-23T14:32:35.002436+00:00,1,jed-deepseek-rlm-x1000-s18;ground-truth:rxnhaystack-ground-truth-2026-09-25-v2;corrected-score-recovery:rxnhaystack-corrected-score-recovery-2026-09-25-v2,{},macro_f1,True,0.4868421052631579,70,0.17089084288,0.2136135536,2019120,177188,2196308,5857.426934028044,232.71493734419346,400.58203125,0.0,400.58203125,5862.996705787256,rxnhaystack-human-1.6.0,0.475,corrected_exact_rescore,True
rlm_x1000,x1000-openrouter-full-deepseek-v4-flash-tier3-task6-rlm-x1000-r04,deepseek-v4-flash,DeepSeek V4 Flash,rlm,3,tier3/task6,1000,4,4,succeeded,final,2026-09-23T14:06:03.505908+00:00,1,jed-deepseek-rlm-x1000-s19;ground-truth:rxnhaystack-ground-truth-2026-09-25-v2;corrected-score-recovery:rxnhaystack-corrected-score-recovery-2026-09-25-v2,{},macro_f1,True,0.2368421052631579,93,0.24506268713120002,0.306328358914,2795693,243694,3039387,6874.633809270337,76.58491063117981,402.38671875,0.0,402.38671875,6880.705011693761,rxnhaystack-human-1.6.0,0.225,corrected_exact_rescore,True
rlm_x1000,x1000-openrouter-full-deepseek-v4-flash-tier3-task6-rlm-x1000-r05,deepseek-v4-flash,DeepSeek V4 Flash,rlm,3,tier3/task6,1000,5,4,succeeded,final,2026-09-23T14:07:48.620742+00:00,1,jed-deepseek-rlm-x1000-s20;ground-truth:rxnhaystack-ground-truth-2026-09-25-v2;corrected-score-recovery:rxnhaystack-corrected-score-recovery-2026-09-25-v2,{},macro_f1,True,0.2368421052631579,92,0.22314527488,0.27893159359999997,2619400,242151,2861551,6455.344719128683,8.911675231531262,438.0,0.0,438.0,6460.864841371775,rxnhaystack-human-1.6.0,0.225,corrected_exact_rescore,True
rlm_x1000,x1000-openrouter-full-deepseek-v4-flash-tier3-task7-rlm-x1000-r01,deepseek-v4-flash,DeepSeek V4 Flash,rlm,3,tier3/task7,1000,1,5,succeeded,final,2026-09-23T15:07:59.003426+00:00,1,jed-deepseek-rlm-x1000-s06;ground-truth:rxnhaystack-ground-truth-2026-09-25-v2;corrected-score-recovery:rxnhaystack-corrected-score-recovery-2026-09-25-v2,{},macro_f1,True,0.49995771670190275,126,0.12084860864000001,0.1510607608,1784959,231730,2016689,7068.859212288633,4.954501315951347,391.15234375,0.0,391.15234375,7074.577510863543,rxnhaystack-human-1.6.0,0.4675324675324675,corrected_exact_rescore,True
rlm_x1000,x1000-openrouter-full-deepseek-v4-flash-tier3-task7-rlm-x1000-r02,deepseek-v4-flash,DeepSeek V4 Flash,rlm,3,tier3/task7,1000,2,5,succeeded,final,2026-09-23T14:55:54.858227+00:00,1,jed-deepseek-rlm-x1000-s07;ground-truth:rxnhaystack-ground-truth-2026-09-25-v2;corrected-score-recovery:rxnhaystack-corrected-score-recovery-2026-09-25-v2,{},macro_f1,True,0.3333333333333333,115,0.144621886464,0.18077735808,1649236,208081,1857317,6762.113257708028,4.1325404439121485,435.0078125,0.0,435.0078125,6767.80143023096,rxnhaystack-human-1.6.0,0.3151515151515151,corrected_exact_rescore,True
rlm_x1000,x1000-openrouter-full-deepseek-v4-flash-tier3-task7-rlm-x1000-r03,deepseek-v4-flash,DeepSeek V4 Flash,rlm,3,tier3/task7,1000,3,5,succeeded,final,2026-09-23T14:47:01.908864+00:00,1,jed-deepseek-rlm-x1000-s08;ground-truth:rxnhaystack-ground-truth-2026-09-25-v2;corrected-score-recovery:rxnhaystack-corrected-score-recovery-2026-09-25-v2,{},macro_f1,True,0.6128851540616247,118,0.17732216576,0.2216527072,2979924,246546,3226470,7977.670187164098,10.731289755553007,389.9296875,0.0,389.9296875,7984.056461697444,rxnhaystack-human-1.6.0,0.5886427298192004,corrected_exact_rescore,True
rlm_x1000,x1000-openrouter-full-deepseek-v4-flash-tier3-task7-rlm-x1000-r04,deepseek-v4-flash,DeepSeek V4 Flash,rlm,3,tier3/task7,1000,4,5,succeeded,final,2026-09-23T14:27:55.738785+00:00,1,jed-deepseek-rlm-x1000-s09;ground-truth:rxnhaystack-ground-truth-2026-09-25-v2;corrected-score-recovery:rxnhaystack-corrected-score-recovery-2026-09-25-v2,{},macro_f1,True,0.4,120,0.17271004729600004,0.21588755912000002,2558543,186013,2744556,6791.516713114455,6.503104975447059,442.49609375,0.0,442.49609375,6796.855036819354,rxnhaystack-human-1.6.0,0.38181818181818183,corrected_exact_rescore,True
rlm_x1000,x1000-openrouter-full-deepseek-v4-flash-tier3-task7-rlm-x1000-r05,deepseek-v4-flash,DeepSeek V4 Flash,rlm,3,tier3/task7,1000,5,5,succeeded,final,2026-09-23T14:19:23.749171+00:00,1,jed-deepseek-rlm-x1000-s10;ground-truth:rxnhaystack-ground-truth-2026-09-25-v2;corrected-score-recovery:rxnhaystack-corrected-score-recovery-2026-09-25-v2,{},macro_f1,True,0.3454545454545454,129,0.14726638806400003,0.18408298508000004,2489358,218531,2707889,7184.226534437388,3.0210450645536184,400.75390625,0.0,400.75390625,7189.948358651251,rxnhaystack-human-1.6.0,0.32,corrected_exact_rescore,True
rlm_x1000,x1000-openrouter-full-deepseek-v4-flash-tier3-task8-rlm-x1000-r01,deepseek-v4-flash,DeepSeek V4 Flash,rlm,3,tier3/task8,1000,1,2,succeeded,final,2026-09-23T14:01:13.182824+00:00,1,jed-deepseek-rlm-x1000-s12,{},macro_f1,True,0.5,40,0.0976128624,0.122016078,1050710,114251,1164961,3157.010640585795,1.6934174410998821,387.66015625,0.0,387.66015625,3162.4367594961077,rxnhaystack-human-1.6.0,0.5,not_affected,True
rlm_x1000,x1000-openrouter-full-deepseek-v4-flash-tier3-task8-rlm-x1000-r02,deepseek-v4-flash,DeepSeek V4 Flash,rlm,3,tier3/task8,1000,2,2,succeeded,final,2026-09-23T14:12:23.842307+00:00,1,jed-deepseek-rlm-x1000-s13,{},macro_f1,True,0.5,49,0.036009491520000006,0.045011864400000004,392873,52310,445183,1909.2808463610709,2.4464061483740807,379.08984375,0.0,379.08984375,1921.509545139037,rxnhaystack-human-1.6.0,0.5,not_affected,True
rlm_x1000,x1000-openrouter-full-deepseek-v4-flash-tier3-task8-rlm-x1000-r03,deepseek-v4-flash,DeepSeek V4 Flash,rlm,3,tier3/task8,1000,3,2,succeeded,final,2026-09-23T14:08:00.181459+00:00,1,jed-deepseek-rlm-x1000-s14,{},macro_f1,True,0.5,38,0.06641184160000001,0.083014802,445548,99269,544817,3269.0940237967297,2.386507456190884,371.94921875,0.0,371.94921875,3275.4913676884025,rxnhaystack-human-1.6.0,0.5,not_affected,True
rlm_x1000,x1000-openrouter-full-deepseek-v4-flash-tier3-task8-rlm-x1000-r04,deepseek-v4-flash,DeepSeek V4 Flash,rlm,3,tier3/task8,1000,4,2,succeeded,final,2026-09-23T13:49:18.958774+00:00,1,jed-deepseek-rlm-x1000-s15,{},macro_f1,True,0.5,55,0.0740775184,0.092596898,1247168,99008,1346176,2911.034535145387,149.8107280274853,384.74609375,0.0,384.74609375,2916.7591448826715,rxnhaystack-human-1.6.0,0.5,not_affected,True
rlm_x1000,x1000-openrouter-full-deepseek-v4-flash-tier3-task8-rlm-x1000-r05,deepseek-v4-flash,DeepSeek V4 Flash,rlm,3,tier3/task8,1000,5,2,succeeded,final,2026-09-23T15:01:37.124427+00:00,1,jed-deepseek-rlm-x1000-s16,{},macro_f1,True,0.0196078431372549,37,0.08518973567999999,0.10648716959999999,666776,121568,788344,3936.8212085263804,116.63573915790766,400.33203125,0.0,400.33203125,3943.109031584114,rxnhaystack-human-1.6.0,0.0196078431372549,not_affected,True
rlm_x1000,x1000-openrouter-full-deepseek-v4-flash-tier3-task9-rlm-x1000-r01,deepseek-v4-flash,DeepSeek V4 Flash,rlm,3,tier3/task9,1000,1,4,succeeded,final,2026-09-23T15:49:51.832108+00:00,1,jed-deepseek-rlm-x1000-s21,{},macro_f1,True,0.06250000000000001,98,0.08005395516800001,0.10006744396,1133686,187620,1321306,6575.277310656384,961.1466756910086,431.8203125,0.0,431.8203125,6612.526522252709,rxnhaystack-human-1.6.0,0.06250000000000001,not_affected,True
rlm_x1000,x1000-openrouter-full-deepseek-v4-flash-tier3-task9-rlm-x1000-r02,deepseek-v4-flash,DeepSeek V4 Flash,rlm,3,tier3/task9,1000,2,4,succeeded,final,2026-09-23T16:03:49.315398+00:00,1,jed-deepseek-rlm-x1000-s22,{},macro_f1,True,0.1744186046511628,147,0.076583905696,0.09572988212,1843049,249303,2092352,6366.92309345305,35.97298054769635,382.24609375,0.0,382.24609375,6372.285869572312,rxnhaystack-human-1.6.0,0.1744186046511628,not_affected,True
rlm_x1000,x1000-openrouter-full-deepseek-v4-flash-tier3-task9-rlm-x1000-r03,deepseek-v4-flash,DeepSeek V4 Flash,rlm,3,tier3/task9,1000,3,4,succeeded,final,2026-09-23T16:01:12.177979+00:00,1,jed-deepseek-rlm-x1000-s23,{},macro_f1,True,0.49038461538461536,91,0.09268250505600001,0.11585313132,2271346,252790,2524136,7334.164314799011,297.46328766457736,379.88671875,0.0,379.88671875,7339.901332436129,rxnhaystack-human-1.6.0,0.49038461538461536,not_affected,True
rlm_x1000,x1000-openrouter-full-deepseek-v4-flash-tier3-task9-rlm-x1000-r04,deepseek-v4-flash,DeepSeek V4 Flash,rlm,3,tier3/task9,1000,4,4,succeeded,final,2026-09-23T15:53:34.847007+00:00,1,jed-deepseek-rlm-x1000-s24,{},macro_f1,True,0.23284313725490197,81,0.09446477548800002,0.11808096936000001,1238805,163350,1402155,5904.465123942122,3.3300452027469873,419.77734375,0.0,419.77734375,5920.458115613088,rxnhaystack-human-1.6.0,0.23284313725490197,not_affected,True
rlm_x1000,x1000-openrouter-full-deepseek-v4-flash-tier3-task9-rlm-x1000-r05,deepseek-v4-flash,DeepSeek V4 Flash,rlm,3,tier3/task9,1000,5,4,succeeded,final,2026-09-23T16:29:32.795742+00:00,1,jed-deepseek-rlm-x1000-s01,{},macro_f1,True,0.38398692810457513,133,0.0840157621296,0.105019702662,2261645,255803,2517448,6662.886748231947,56.338818510994315,435.328125,0.0,435.328125,6694.6286393832415,rxnhaystack-human-1.6.0,0.38398692810457513,not_affected,True
rlm_x1000,x1000-openrouter-full-deepseek-v4-flash-tier4-task11-rlm-x1000-r01,deepseek-v4-flash,DeepSeek V4 Flash,rlm,4,tier4/task11,1000,1,2,succeeded,final,2026-09-23T14:13:54.179227+00:00,1,jed-deepseek-rlm-x1000-s17,{},macro_f1,True,0.75,13,0.011538505600000002,0.014423132000000002,111753,15850,127603,621.8649949319661,2.005757024511695,384.41796875,0.0,384.41796875,627.4532820079476,rxnhaystack-human-1.6.0,0.75,not_affected,True
rlm_x1000,x1000-openrouter-full-deepseek-v4-flash-tier4-task11-rlm-x1000-r02,deepseek-v4-flash,DeepSeek V4 Flash,rlm,4,tier4/task11,1000,2,2,succeeded,final,2026-09-23T14:41:13.260686+00:00,1,jed-deepseek-rlm-x1000-s18,{},macro_f1,True,1.0,24,0.009146855936,0.01143356992,245268,18563,263831,505.60717175528407,0.9085657596588135,370.5,0.0,370.5,515.562779808417,rxnhaystack-human-1.6.0,1.0,not_affected,True
rlm_x1000,x1000-openrouter-full-deepseek-v4-flash-tier4-task11-rlm-x1000-r03,deepseek-v4-flash,DeepSeek V4 Flash,rlm,4,tier4/task11,1000,3,2,succeeded,final,2026-09-23T14:18:29.010521+00:00,1,jed-deepseek-rlm-x1000-s19,{},macro_f1,True,0.75,25,0.012861771189600003,0.016077213987000002,220692,23653,244345,737.8036396894604,3.6260125264525414,381.29296875,0.0,381.29296875,743.2846782878041,rxnhaystack-human-1.6.0,0.75,not_affected,True
rlm_x1000,x1000-openrouter-full-deepseek-v4-flash-tier4-task11-rlm-x1000-r04,deepseek-v4-flash,DeepSeek V4 Flash,rlm,4,tier4/task11,1000,4,2,succeeded,final,2026-09-23T14:19:53.967742+00:00,1,jed-deepseek-rlm-x1000-s20,{},macro_f1,True,0.0,40,0.011535047034400002,0.014418808793,274728,24281,299009,717.7854171711951,0.4684643894433975,367.41796875,0.0,367.41796875,723.3386460579932,rxnhaystack-human-1.6.0,0.0,not_affected,True
rlm_x1000,x1000-openrouter-full-deepseek-v4-flash-tier4-task11-rlm-x1000-r05,deepseek-v4-flash,DeepSeek V4 Flash,rlm,4,tier4/task11,1000,5,2,succeeded,final,2026-09-23T16:02:13.542101+00:00,1,jed-deepseek-rlm-x1000-s21,{},macro_f1,True,0.5,38,0.01538095616,0.0192261952,231021,24259,255280,731.7038860917091,0.45151195488870144,376.53515625,0.0,376.53515625,738.1680589113384,rxnhaystack-human-1.6.0,0.5,not_affected,True
rlm_x1000,x1000-openrouter-full-deepseek-v4-flash-tier4-task12-rlm-x1000-r01,deepseek-v4-flash,DeepSeek V4 Flash,rlm,4,tier4/task12,1000,1,2,succeeded,final,2026-09-23T16:16:38.361096+00:00,1,jed-deepseek-rlm-x1000-s22,{},macro_f1,True,1.0,17,0.012977341440000002,0.0162216768,160286,21826,182112,762.4374669250101,3.0734053645282984,371.4140625,0.0,371.4140625,767.7029632907361,rxnhaystack-human-1.6.0,1.0,not_affected,True
rlm_x1000,x1000-openrouter-full-deepseek-v4-flash-tier4-task12-rlm-x1000-r02,deepseek-v4-flash,DeepSeek V4 Flash,rlm,4,tier4/task12,1000,2,2,succeeded,final,2026-09-23T16:13:41.659536+00:00,1,jed-deepseek-rlm-x1000-s23,{},macro_f1,True,1.0,15,0.013298943359999999,0.016623679199999998,169023,23079,192102,724.2216608263552,2.4073924999684095,370.1640625,0.0,370.1640625,729.5722410921007,rxnhaystack-human-1.6.0,1.0,not_affected,True
rlm_x1000,x1000-openrouter-full-deepseek-v4-flash-tier4-task12-rlm-x1000-r03,deepseek-v4-flash,DeepSeek V4 Flash,rlm,4,tier4/task12,1000,3,2,succeeded,final,2026-09-23T16:06:53.076212+00:00,1,jed-deepseek-rlm-x1000-s24,{},macro_f1,True,0.5,41,0.014182561919999998,0.017728202399999997,207902,21622,229524,790.0372022446245,0.7814946416765451,376.95703125,0.0,376.95703125,796.0857144854963,rxnhaystack-human-1.6.0,0.5,not_affected,True
rlm_x1000,x1000-openrouter-full-deepseek-v4-flash-tier4-task12-rlm-x1000-r04,deepseek-v4-flash,DeepSeek V4 Flash,rlm,4,tier4/task12,1000,4,2,succeeded,final,2026-09-23T16:42:39.598176+00:00,1,jed-deepseek-rlm-x1000-s01,{},macro_f1,True,1.0,18,0.01349547392,0.0168693424,104426,25602,130028,773.8106941767037,1.0234437733888626,374.1953125,0.0,374.1953125,782.845918122679,rxnhaystack-human-1.6.0,1.0,not_affected,True
rlm_x1000,x1000-openrouter-full-deepseek-v4-flash-tier4-task12-rlm-x1000-r05,deepseek-v4-flash,DeepSeek V4 Flash,rlm,4,tier4/task12,1000,5,2,succeeded,final,2026-09-23T14:34:50.187209+00:00,1,jed-deepseek-rlm-x1000-s02,{},macro_f1,True,0.5,38,0.01929722848,0.0241215356,196341,28366,224707,840.2586952000856,0.981041980907321,366.6015625,0.0,366.6015625,846.1638973671943,rxnhaystack-human-1.6.0,0.5,not_affected,True
rlm_x1000,x1000-openrouter-full-deepseek-v4-flash-tier4-task12b-rlm-x1000-r01,deepseek-v4-flash,DeepSeek V4 Flash,rlm,4,tier4/task12b,1000,1,1,succeeded,final,2026-09-23T14:26:08.794170+00:00,1,jed-deepseek-rlm-x1000-s10,{},macro_f1,True,1.0,18,0.010592440000000002,0.01324055,228025,13964,241989,394.32899306714535,2.2034420147538185,369.76953125,0.0,369.76953125,401.18881926499307,rxnhaystack-human-1.6.0,1.0,not_affected,True
rlm_x1000,x1000-openrouter-full-deepseek-v4-flash-tier4-task12b-rlm-x1000-r02,deepseek-v4-flash,DeepSeek V4 Flash,rlm,4,tier4/task12b,1000,2,1,succeeded,final,2026-09-23T13:36:59.890006+00:00,1,jed-deepseek-rlm-x1000-s11,{},macro_f1,True,1.0,10,0.012437095680000003,0.015546369600000002,136275,21801,158076,668.8104836679995,2.3023053016513586,358.34765625,0.0,358.34765625,710.3258867505938,rxnhaystack-human-1.6.0,1.0,not_affected,True
rlm_x1000,x1000-openrouter-full-deepseek-v4-flash-tier4-task12b-rlm-x1000-r03,deepseek-v4-flash,DeepSeek V4 Flash,rlm,4,tier4/task12b,1000,3,1,succeeded,final,2026-09-23T14:12:09.873347+00:00,1,jed-deepseek-rlm-x1000-s12,{},macro_f1,True,1.0,10,0.01222987392,0.015287342399999999,140825,21235,162060,646.4860318657011,3.2319057304412127,354.90625,0.0,354.90625,653.0088452082127,rxnhaystack-human-1.6.0,1.0,not_affected,True
rlm_x1000,x1000-openrouter-full-deepseek-v4-flash-tier4-task12b-rlm-x1000-r04,deepseek-v4-flash,DeepSeek V4 Flash,rlm,4,tier4/task12b,1000,4,1,succeeded,final,2026-09-23T14:22:34.796546+00:00,1,jed-deepseek-rlm-x1000-s13,{},macro_f1,True,1.0,14,0.011688188799999999,0.014610235999999997,154267,19251,173518,602.7731037614867,2.3858000421896577,355.640625,0.0,355.640625,608.6657654335722,rxnhaystack-human-1.6.0,1.0,not_affected,True
rlm_x1000,x1000-openrouter-full-deepseek-v4-flash-tier4-task12b-rlm-x1000-r05,deepseek-v4-flash,DeepSeek V4 Flash,rlm,4,tier4/task12b,1000,5,1,succeeded,final,2026-09-23T14:14:24.800130+00:00,1,jed-deepseek-rlm-x1000-s14,{},macro_f1,True,1.0,9,0.0059891024,0.007486377999999999,68352,10395,78747,375.7938804794103,2.0161570301279426,349.54296875,0.0,349.54296875,381.7473589461297,rxnhaystack-human-1.6.0,1.0,not_affected,True
rlm_x1000,x1000-openrouter-full-deepseek-v4-flash-tier4-task13-rlm-x1000-r01,deepseek-v4-flash,DeepSeek V4 Flash,rlm,4,tier4/task13,1000,1,4,succeeded,final,2026-09-23T15:49:42.236840+00:00,1,jed-deepseek-rlm-x1000-s02,{},macro_f1,True,0.5,60,0.0541797392,0.067724674,711270,116500,827770,4485.273900553584,7.623437810689211,423.30859375,0.0,423.30859375,4490.326170092449,rxnhaystack-human-1.6.0,0.5,not_affected,True
rlm_x1000,x1000-openrouter-full-deepseek-v4-flash-tier4-task13-rlm-x1000-r02,deepseek-v4-flash,DeepSeek V4 Flash,rlm,4,tier4/task13,1000,2,4,succeeded,final,2026-09-23T14:38:28.591379+00:00,1,jed-deepseek-rlm-x1000-s03,{},macro_f1,True,0.25,117,0.09306407759999998,0.11633009699999997,2157086,134635,2291721,3827.3177345041186,1.5527245942503214,434.203125,0.0,434.203125,3840.8502387478948,rxnhaystack-human-1.6.0,0.25,not_affected,True
rlm_x1000,x1000-openrouter-full-deepseek-v4-flash-tier4-task13-rlm-x1000-r03,deepseek-v4-flash,DeepSeek V4 Flash,rlm,4,tier4/task13,1000,3,4,succeeded,final,2026-09-23T15:39:58.060072+00:00,1,jed-deepseek-rlm-x1000-s04,{},macro_f1,True,0.75,69,0.05833710816,0.0729213852,911901,107098,1018999,4825.018544754013,4.146901907399297,467.23046875,0.0,467.23046875,4830.4683361798525,rxnhaystack-human-1.6.0,0.75,not_affected,True
rlm_x1000,x1000-openrouter-full-deepseek-v4-flash-tier4-task13-rlm-x1000-r04,deepseek-v4-flash,DeepSeek V4 Flash,rlm,4,tier4/task13,1000,4,4,succeeded,final,2026-09-23T15:53:37.441797+00:00,1,jed-deepseek-rlm-x1000-s05,{},macro_f1,True,0.75,64,0.057419598399999994,0.07177449799999999,681265,119255,800520,4939.609153132886,6.6936113722622395,405.45703125,0.0,405.45703125,4945.056580491364,rxnhaystack-human-1.6.0,0.75,not_affected,True
rlm_x1000,x1000-openrouter-full-deepseek-v4-flash-tier4-task13-rlm-x1000-r05,deepseek-v4-flash,DeepSeek V4 Flash,rlm,4,tier4/task13,1000,5,4,succeeded,final,2026-09-23T16:12:11.702158+00:00,1,jed-deepseek-rlm-x1000-s06,{},macro_f1,True,0.75,85,0.07179588015999999,0.08974485019999999,1177569,112103,1289672,3777.9416120424867,7.7073691710829735,452.1171875,0.0,452.1171875,3784.130012989044,rxnhaystack-human-1.6.0,0.75,not_affected,True
rlm_x1000,x1000-openrouter-full-deepseek-v4-flash-tier4-task14-rlm-x1000-r01,deepseek-v4-flash,DeepSeek V4 Flash,rlm,4,tier4/task14,1000,1,2,succeeded,final,2026-09-23T15:17:00.437651+00:00,1,jed-deepseek-rlm-x1000-s03,{},macro_f1,True,0.5,35,0.06451843391999999,0.08064804239999998,740572,85734,826306,2305.8449570517987,8.894722709432244,437.671875,0.0,437.671875,2311.1701248493046,rxnhaystack-human-1.6.0,0.5,not_affected,True
rlm_x1000,x1000-openrouter-full-deepseek-v4-flash-tier4-task14-rlm-x1000-r02,deepseek-v4-flash,DeepSeek V4 Flash,rlm,4,tier4/task14,1000,2,2,succeeded,final,2026-09-23T15:51:23.656806+00:00,1,jed-deepseek-rlm-x1000-s04,{},macro_f1,True,0.5,48,0.039612895360000004,0.0495161192,439516,52669,492185,674.7925943154842,3.0741833858191967,381.734375,0.0,381.734375,680.8914631810039,rxnhaystack-human-1.6.0,0.5,not_affected,True
rlm_x1000,x1000-openrouter-full-deepseek-v4-flash-tier4-task14-rlm-x1000-r03,deepseek-v4-flash,DeepSeek V4 Flash,rlm,4,tier4/task14,1000,3,2,succeeded,final,2026-09-23T16:29:40.879367+00:00,1,jed-deepseek-rlm-x1000-s05,{},macro_f1,True,0.5,30,0.05109743136,0.0638717892,362983,71877,434860,2111.1076070703566,3.337751381099224,408.95703125,0.0,408.95703125,2159.4466684963554,rxnhaystack-human-1.6.0,0.5,not_affected,True
rlm_x1000,x1000-openrouter-full-deepseek-v4-flash-tier4-task14-rlm-x1000-r04,deepseek-v4-flash,DeepSeek V4 Flash,rlm,4,tier4/task14,1000,4,2,succeeded,final,2026-09-23T16:49:31.698521+00:00,1,jed-deepseek-rlm-x1000-s06,{},macro_f1,True,0.0,44,0.09569895328000001,0.11962369160000001,1228404,72490,1300894,2228.5770949609578,2.2478547748178244,392.6015625,0.0,392.6015625,2235.327487429604,rxnhaystack-human-1.6.0,0.0,not_affected,True
rlm_x1000,x1000-openrouter-full-deepseek-v4-flash-tier4-task14-rlm-x1000-r05,deepseek-v4-flash,DeepSeek V4 Flash,rlm,4,tier4/task14,1000,5,2,succeeded,final,2026-09-23T15:16:44.499792+00:00,1,jed-deepseek-rlm-x1000-s07,{},macro_f1,True,0.5,49,0.051966027200000015,0.06495753400000001,666023,64280,730303,1239.5742586571723,2.960891965776682,383.76953125,0.0,383.76953125,1245.570827094838,rxnhaystack-human-1.6.0,0.5,not_affected,True
rlm_x1000,x1000-openrouter-full-deepseek-v4-flash-tier4-task15-rlm-x1000-r01,deepseek-v4-flash,DeepSeek V4 Flash,rlm,4,tier4/task15,1000,1,4,succeeded,final,2026-09-23T15:46:56.064359+00:00,1,jed-deepseek-rlm-x1000-s07;ground-truth:rxnhaystack-ground-truth-2026-09-25-v2;corrected-score-recovery:rxnhaystack-corrected-score-recovery-2026-09-25-v2,{},macro_reaction_f1,True,0.75,56,0.03420817184,0.0427602148,512214,64346,576560,1803.7027268316597,3.232319226488471,437.69140625,0.0,437.69140625,1809.5564711764455,rxnhaystack-human-1.6.0,0.75,corrected_exact_rescore,True
rlm_x1000,x1000-openrouter-full-deepseek-v4-flash-tier4-task15-rlm-x1000-r02,deepseek-v4-flash,DeepSeek V4 Flash,rlm,4,tier4/task15,1000,2,4,succeeded,final,2026-09-23T15:26:21.212113+00:00,1,jed-deepseek-rlm-x1000-s08;ground-truth:rxnhaystack-ground-truth-2026-09-25-v2;corrected-score-recovery:rxnhaystack-corrected-score-recovery-2026-09-25-v2,{},macro_reaction_f1,True,0.75,63,0.047692958848000004,0.05961619856,723480,91393,814873,2348.835043827072,10.362369865179062,561.30859375,0.0,561.30859375,2355.336162317544,rxnhaystack-human-1.6.0,0.75,corrected_exact_rescore,True
rlm_x1000,x1000-openrouter-full-deepseek-v4-flash-tier4-task15-rlm-x1000-r03,deepseek-v4-flash,DeepSeek V4 Flash,rlm,4,tier4/task15,1000,3,4,succeeded,final,2026-09-23T14:59:23.337765+00:00,1,jed-deepseek-rlm-x1000-s09;ground-truth:rxnhaystack-ground-truth-2026-09-25-v2;corrected-score-recovery:rxnhaystack-corrected-score-recovery-2026-09-25-v2,{},macro_reaction_f1,True,0.75,56,0.029405264468800003,0.036756580586,392431,58007,450438,1879.9891388881952,3.121721340343356,430.61328125,0.0,430.61328125,1885.3669697865844,rxnhaystack-human-1.6.0,0.75,corrected_exact_rescore,True
rlm_x1000,x1000-openrouter-full-deepseek-v4-flash-tier4-task15-rlm-x1000-r04,deepseek-v4-flash,DeepSeek V4 Flash,rlm,4,tier4/task15,1000,4,4,succeeded,final,2026-09-23T15:16:37.246577+00:00,1,jed-deepseek-rlm-x1000-s10;ground-truth:rxnhaystack-ground-truth-2026-09-25-v2;corrected-score-recovery:rxnhaystack-corrected-score-recovery-2026-09-25-v2,{},macro_reaction_f1,True,0.25,108,0.06183740691200001,0.07729675864,829760,111917,941677,3019.2247894909233,0.7342079021036625,404.48828125,0.0,404.48828125,3025.42368529737,rxnhaystack-human-1.6.0,0.25,corrected_exact_rescore,True
rlm_x1000,x1000-openrouter-full-deepseek-v4-flash-tier4-task15-rlm-x1000-r05,deepseek-v4-flash,DeepSeek V4 Flash,rlm,4,tier4/task15,1000,5,4,succeeded,final,2026-09-23T13:59:02.028499+00:00,1,jed-deepseek-rlm-x1000-s11;ground-truth:rxnhaystack-ground-truth-2026-09-25-v2;corrected-score-recovery:rxnhaystack-corrected-score-recovery-2026-09-25-v2,{},macro_reaction_f1,True,1.0,31,0.029560387584000005,0.036950484480000004,530184,50897,581081,1311.710803968832,9.700260622426867,396.75,0.0,396.75,1318.3800816256553,rxnhaystack-human-1.6.0,1.0,corrected_exact_rescore,True
rlm_x1000,x1000-openrouter-full-deepseek-v4-flash-tier4-task16-rlm-x1000-r01,deepseek-v4-flash,DeepSeek V4 Flash,rlm,4,tier4/task16,1000,1,10,succeeded,external-succeeded-result-pack,2026-09-24T06:45:52.142987+00:00,1,deepseek-rlm-x1000-docker-succeeded-pack.tgz,{},macro_f1,True,0.36666666666666664,273,0.0,0.0,18323904,495765,18819669,4817.648228131002,335.81407497869805,582.83984375,67.7578125,522.55078125,4851.028181681992,rxnhaystack-human-1.6.0,0.36666666666666664,not_affected,True
rlm_x1000,x1000-openrouter-full-deepseek-v4-flash-tier4-task16-rlm-x1000-r02,deepseek-v4-flash,DeepSeek V4 Flash,rlm,4,tier4/task16,1000,2,10,succeeded,external-succeeded-result-pack,2026-09-24T06:45:52.142987+00:00,1,deepseek-rlm-x1000-docker-succeeded-pack.tgz,{},macro_f1,True,0.32499999999999996,265,0.0,0.0,17258984,468362,17727346,4552.7742434260435,349.8514337334782,593.87109375,68.7421875,525.12890625,4585.689365159953,rxnhaystack-human-1.6.0,0.32499999999999996,not_affected,True
rlm_x1000,x1000-openrouter-full-deepseek-v4-flash-tier4-task16-rlm-x1000-r03,deepseek-v4-flash,DeepSeek V4 Flash,rlm,4,tier4/task16,1000,3,10,succeeded,external-succeeded-result-pack,2026-09-24T06:45:52.142987+00:00,1,deepseek-rlm-x1000-docker-succeeded-pack.tgz,{},macro_f1,True,0.26666666666666666,280,0.0,0.0,16757529,471484,17229013,4415.770498935017,290.0358904512832,566.9140625,62.8125,512.1953125,4448.813690745039,rxnhaystack-human-1.6.0,0.26666666666666666,not_affected,True
rlm_x1000,x1000-openrouter-full-deepseek-v4-flash-tier4-task16-rlm-x1000-r04,deepseek-v4-flash,DeepSeek V4 Flash,rlm,4,tier4/task16,1000,4,10,succeeded,external-succeeded-result-pack,2026-09-24T06:45:52.142987+00:00,1,deepseek-rlm-x1000-docker-succeeded-pack.tgz,{},macro_f1,True,0.3333333333333333,271,0.0,0.0,15077064,375651,15452715,3706.7176189169986,264.04966673627496,592.78515625,81.921875,517.703125,3740.25232243503,rxnhaystack-human-1.6.0,0.3333333333333333,not_affected,True
rlm_x1000,x1000-openrouter-full-deepseek-v4-flash-tier4-task16-rlm-x1000-r05,deepseek-v4-flash,DeepSeek V4 Flash,rlm,4,tier4/task16,1000,5,10,succeeded,external-succeeded-result-pack,2026-09-24T06:45:52.142987+00:00,1,deepseek-rlm-x1000-docker-succeeded-pack.tgz,{},macro_f1,True,0.19166666666666665,285,0.0,0.0,16483309,507983,16991292,4628.111299760058,291.79788958397694,733.92578125,223.57421875,512.53125,4660.838542324025,rxnhaystack-human-1.6.0,0.19166666666666665,not_affected,True
rlm_x1000,x1000-openrouter-full-deepseek-v4-flash-tier4-task17-rlm-x1000-r01,deepseek-v4-flash,DeepSeek V4 Flash,rlm,4,tier4/task17,1000,1,5,succeeded,external-succeeded-result-pack,2026-09-24T06:45:52.142987+00:00,1,deepseek-rlm-x1000-docker-succeeded-pack.tgz,{},macro_f1,True,0.7333333333333333,96,0.0,0.0,4205997,138314,4344311,2951.4577119519236,205.39034105371684,942.6484375,494.75390625,463.78515625,2955.9768955439795,rxnhaystack-human-1.6.0,0.7333333333333333,not_affected,True
rlm_x1000,x1000-openrouter-full-deepseek-v4-flash-tier4-task17-rlm-x1000-r02,deepseek-v4-flash,DeepSeek V4 Flash,rlm,4,tier4/task17,1000,2,5,succeeded,external-succeeded-result-pack,2026-09-24T06:45:52.142987+00:00,1,deepseek-rlm-x1000-docker-succeeded-pack.tgz,{},macro_f1,True,0.8933333333333333,98,0.0,0.0,4766203,139579,4905782,2256.028462953982,145.74794031179044,512.3515625,81.453125,431.6484375,2260.212271573022,rxnhaystack-human-1.6.0,0.8933333333333333,not_affected,True
rlm_x1000,x1000-openrouter-full-deepseek-v4-flash-tier4-task17-rlm-x1000-r03,deepseek-v4-flash,DeepSeek V4 Flash,rlm,4,tier4/task17,1000,3,5,succeeded,external-succeeded-result-pack,2026-09-24T06:45:52.142987+00:00,1,deepseek-rlm-x1000-docker-succeeded-pack.tgz,{},macro_f1,True,0.5333333333333333,99,0.0,0.0,4172926,156295,4329221,2530.7333980479743,148.34278813749552,481.66796875,58.8984375,425.73046875,2534.922273632954,rxnhaystack-human-1.6.0,0.5333333333333333,not_affected,True
rlm_x1000,x1000-openrouter-full-deepseek-v4-flash-tier4-task17-rlm-x1000-r04,deepseek-v4-flash,DeepSeek V4 Flash,rlm,4,tier4/task17,1000,4,5,succeeded,external-succeeded-result-pack,2026-09-24T06:45:52.142987+00:00,1,deepseek-rlm-x1000-docker-succeeded-pack.tgz,{},macro_f1,True,0.3333333333333333,73,0.0,0.0,3238065,112622,3350687,1281.7897247179644,130.08041112066712,519.078125,91.8828125,428.3203125,1285.94905182207,rxnhaystack-human-1.6.0,0.3333333333333333,not_affected,True
rlm_x1000,x1000-openrouter-full-deepseek-v4-flash-tier4-task17-rlm-x1000-r05,deepseek-v4-flash,DeepSeek V4 Flash,rlm,4,tier4/task17,1000,5,5,succeeded,external-succeeded-result-pack,2026-09-24T06:45:52.142987+00:00,1,deepseek-rlm-x1000-docker-succeeded-pack.tgz,{},macro_f1,True,0.4444444444444445,123,0.0,0.0,6466446,176224,6642670,2030.93362582603,290.5611336338334,1193.35546875,763.91015625,436.3828125,2034.9102583118947,rxnhaystack-human-1.6.0,0.4444444444444445,not_affected,True
rlm_x1000,x1000-openrouter-full-deepseek-v4-flash-tier4-task17b-rlm-x1000-r01,deepseek-v4-flash,DeepSeek V4 Flash,rlm,4,tier4/task17b,1000,1,5,succeeded,external-succeeded-result-pack,2026-09-24T06:45:52.142987+00:00,1,deepseek-rlm-x1000-docker-succeeded-pack.tgz,{},macro_f1,True,0.6666666666666666,87,0.0,0.0,3584251,133247,3717498,1770.6088248729939,138.8196798041463,488.5546875,80.28515625,424.921875,1775.0147685509874,rxnhaystack-human-1.6.0,0.6666666666666666,not_affected,True
rlm_x1000,x1000-openrouter-full-deepseek-v4-flash-tier4-task17b-rlm-x1000-r02,deepseek-v4-flash,DeepSeek V4 Flash,rlm,4,tier4/task17b,1000,2,5,succeeded,external-succeeded-result-pack,2026-09-24T06:45:52.142987+00:00,1,deepseek-rlm-x1000-docker-succeeded-pack.tgz,{},macro_f1,True,0.49866666666666665,102,0.0,0.0,6122945,169969,6292914,1907.7943462550174,221.55626737128478,493.66015625,66.70703125,433.7109375,1911.8242091819411,rxnhaystack-human-1.6.0,0.49866666666666665,not_affected,True
rlm_x1000,x1000-openrouter-full-deepseek-v4-flash-tier4-task17b-rlm-x1000-r03,deepseek-v4-flash,DeepSeek V4 Flash,rlm,4,tier4/task17b,1000,3,5,succeeded,external-succeeded-result-pack,2026-09-24T06:45:52.142987+00:00,1,deepseek-rlm-x1000-docker-succeeded-pack.tgz,{},macro_f1,True,0.5466666666666666,93,0.0,0.0,4249214,141524,4390738,1558.0041833110154,207.31184829585254,544.01953125,124.6484375,424.24609375,1562.8134216549806,rxnhaystack-human-1.6.0,0.5466666666666666,not_affected,True
rlm_x1000,x1000-openrouter-full-deepseek-v4-flash-tier4-task17b-rlm-x1000-r04,deepseek-v4-flash,DeepSeek V4 Flash,rlm,4,tier4/task17b,1000,4,5,succeeded,external-succeeded-result-pack,2026-09-24T06:45:52.142987+00:00,1,deepseek-rlm-x1000-docker-succeeded-pack.tgz,{},macro_f1,True,0.5904761904761905,107,0.0,0.0,5615119,177333,5792452,1964.1816391670145,160.24458538996987,627.8046875,227.75,422.8515625,1968.2363866630476,rxnhaystack-human-1.6.0,0.5904761904761905,not_affected,True
rlm_x1000,x1000-openrouter-full-deepseek-v4-flash-tier4-task17b-rlm-x1000-r05,deepseek-v4-flash,DeepSeek V4 Flash,rlm,4,tier4/task17b,1000,5,5,succeeded,external-succeeded-result-pack,2026-09-24T06:45:52.142987+00:00,1,deepseek-rlm-x1000-docker-succeeded-pack.tgz,{},macro_f1,True,0.5238095238095237,114,0.0,0.0,6363701,157225,6520926,1587.6393937510438,121.24598480632994,485.2890625,61.2578125,426.30078125,1591.6364345720503,rxnhaystack-human-1.6.0,0.5238095238095237,not_affected,True
rlm_x1000,full-gemini-3.7-flash-tier4-task16-rlm-x1000-r01,gemini-3.7-flash,Gemini 3.7 Flash,rlm,4,tier4/task16,1000,1,10,succeeded,final,2026-09-23T07:58:29.180411+00:00,1,sathvik-x1000-succeeded-packs-v1,{},macro_f1,True,0.425,76,0.37730844,0.47163555,1019930,27446,1047376,464.24688019801397,41.16517904854845,544.171875,44.5625,501.9453125,497.4614278089721,rxnhaystack-human-1.6.0,0.425,not_affected,True
rlm_x1000,full-gemini-3.7-flash-tier4-task16-rlm-x1000-r02,gemini-3.7-flash,Gemini 3.7 Flash,rlm,4,tier4/task16,1000,2,10,succeeded,final,2026-09-23T07:58:29.180411+00:00,1,sathvik-x1000-succeeded-packs-v1,{},macro_f1,True,0.5916666666666667,84,0.46505915999999997,0.5813239499999999,1278297,24825,1303122,512.308560893056,39.57396095583681,544.7890625,44.6484375,502.0625,545.058696802007,rxnhaystack-human-1.6.0,0.5916666666666667,not_affected,True
rlm_x1000,full-gemini-3.7-flash-tier4-task16-rlm-x1000-r03,gemini-3.7-flash,Gemini 3.7 Flash,rlm,4,tier4/task16,1000,3,10,succeeded,final,2026-09-23T07:58:29.180411+00:00,1,sathvik-x1000-succeeded-packs-v1,{},macro_f1,True,0.525,76,0.4360377000000001,0.5450471250000001,1102260,29104,1131364,501.2500520229805,42.38821677095257,544.90625,44.55859375,502.69921875,535.738355132984,rxnhaystack-human-1.6.0,0.525,not_affected,True
rlm_x1000,full-gemini-3.7-flash-tier4-task16-rlm-x1000-r04,gemini-3.7-flash,Gemini 3.7 Flash,rlm,4,tier4/task16,1000,4,10,succeeded,final,2026-09-23T07:58:29.180411+00:00,1,sathvik-x1000-succeeded-packs-v1,{},macro_f1,True,0.525,80,0.45059838000000013,0.5632479750000001,996704,24202,1020906,475.7726676709717,36.771244125207886,546.015625,45.97265625,502.640625,509.5777034879429,rxnhaystack-human-1.6.0,0.525,not_affected,True
rlm_x1000,full-gemini-3.7-flash-tier4-task16-rlm-x1000-r05,gemini-3.7-flash,Gemini 3.7 Flash,rlm,4,tier4/task16,1000,5,10,succeeded,final,2026-09-23T07:58:29.180411+00:00,1,sathvik-x1000-succeeded-packs-v1,{},macro_f1,True,0.5583333333333333,86,0.46020102000000007,0.5752512750000001,1105826,25390,1131216,495.79524732602295,39.738727596006356,543.91015625,44.1796875,500.48046875,528.6790750270011,rxnhaystack-human-1.6.0,0.5583333333333333,not_affected,True
rlm_x1000,full-gemini-3.7-flash-tier4-task17-rlm-x1000-r01,gemini-3.7-flash,Gemini 3.7 Flash,rlm,4,tier4/task17,1000,1,5,succeeded,final,2026-09-23T07:58:29.180411+00:00,1,sathvik-x1000-succeeded-packs-v1,{},macro_f1,True,0.7333333333333333,27,0.1561287,0.195160875,356448,10861,367309,250.18260289006867,72.88000194192864,463.88671875,46.546875,417.90234375,254.33788695500698,rxnhaystack-human-1.6.0,0.7333333333333333,not_affected,True
rlm_x1000,full-gemini-3.7-flash-tier4-task17-rlm-x1000-r02,gemini-3.7-flash,Gemini 3.7 Flash,rlm,4,tier4/task17,1000,2,5,succeeded,final,2026-09-23T07:58:29.180411+00:00,1,sathvik-x1000-succeeded-packs-v1,{},macro_f1,True,0.9333333333333332,39,0.2326587,0.290823375,568599,13730,582329,259.154895115993,21.48245138663333,462.22265625,48.48828125,416.921875,263.3036767989397,rxnhaystack-human-1.6.0,0.9333333333333332,not_affected,True
rlm_x1000,full-gemini-3.7-flash-tier4-task17-rlm-x1000-r03,gemini-3.7-flash,Gemini 3.7 Flash,rlm,4,tier4/task17,1000,3,5,succeeded,final,2026-09-23T07:58:29.180411+00:00,1,sathvik-x1000-succeeded-packs-v1,{},macro_f1,True,0.9333333333333332,35,0.18765618,0.234570225,532801,10347,543148,201.13361886993516,16.9878419151064,458.00390625,46.59765625,413.91015625,205.30576730694156,rxnhaystack-human-1.6.0,0.9333333333333332,not_affected,True
rlm_x1000,full-gemini-3.7-flash-tier4-task17-rlm-x1000-r04,gemini-3.7-flash,Gemini 3.7 Flash,rlm,4,tier4/task17,1000,4,5,succeeded,final,2026-09-23T07:58:29.180411+00:00,1,sathvik-x1000-succeeded-packs-v1,{},macro_f1,True,0.9333333333333332,32,0.17848368000000003,0.22310460000000001,380011,16495,396506,235.62040404207073,20.85481405025348,464.2734375,48.59375,416.875,239.8052761099534,rxnhaystack-human-1.6.0,0.9333333333333332,not_affected,True
rlm_x1000,full-gemini-3.7-flash-tier4-task17-rlm-x1000-r05,gemini-3.7-flash,Gemini 3.7 Flash,rlm,4,tier4/task17,1000,5,5,succeeded,final,2026-09-23T07:58:29.180411+00:00,1,sathvik-x1000-succeeded-packs-v1,{},macro_f1,True,0.9333333333333332,30,0.17145798,0.214322475,409522,11238,420760,211.1598923939746,16.597284142277204,463.859375,50.46875,416.41015625,215.21455216803588,rxnhaystack-human-1.6.0,0.9333333333333332,not_affected,True
rlm_x1000,full-gemini-3.7-flash-tier4-task17b-rlm-x1000-r01,gemini-3.7-flash,Gemini 3.7 Flash,rlm,4,tier4/task17b,1000,1,5,succeeded,final,2026-09-23T07:58:29.180411+00:00,1,sathvik-x1000-succeeded-packs-v1,{},macro_f1,True,0.8666666666666666,38,0.18414204,0.23017754999999998,510719,13540,524259,254.21746418997645,18.726200985023752,458.2421875,46.0703125,413.7265625,258.48492194199935,rxnhaystack-human-1.6.0,0.8666666666666666,not_affected,True
rlm_x1000,full-gemini-3.7-flash-tier4-task17b-rlm-x1000-r02,gemini-3.7-flash,Gemini 3.7 Flash,rlm,4,tier4/task17b,1000,2,5,succeeded,final,2026-09-23T07:58:29.180411+00:00,1,sathvik-x1000-succeeded-packs-v1,{},macro_f1,True,0.8666666666666666,44,0.25024914000000004,0.31281142500000003,706362,14808,721170,323.24646216095425,32.17180442693643,522.32421875,118.33203125,421.3515625,327.32642279402353,rxnhaystack-human-1.6.0,0.8666666666666666,not_affected,True
rlm_x1000,full-gemini-3.7-flash-tier4-task17b-rlm-x1000-r03,gemini-3.7-flash,Gemini 3.7 Flash,rlm,4,tier4/task17b,1000,3,5,succeeded,final,2026-09-23T07:58:29.180411+00:00,1,sathvik-x1000-succeeded-packs-v1,{},macro_f1,True,0.7333333333333333,30,0.1867458,0.23343224999999998,376149,11956,388105,213.57947375799995,17.770293039036915,493.60546875,88.5703125,414.703125,218.0906480710255,rxnhaystack-human-1.6.0,0.7333333333333333,not_affected,True
rlm_x1000,full-gemini-3.7-flash-tier4-task17b-rlm-x1000-r04,gemini-3.7-flash,Gemini 3.7 Flash,rlm,4,tier4/task17b,1000,4,5,succeeded,final,2026-09-23T07:58:29.180411+00:00,1,sathvik-x1000-succeeded-packs-v1,{},macro_f1,True,0.8666666666666666,40,0.25116588,0.31395735,567491,18665,586156,310.23677454306744,28.479518638923764,526.75390625,122.5078125,418.68359375,315.78823083499447,rxnhaystack-human-1.6.0,0.8666666666666666,not_affected,True
rlm_x1000,full-gemini-3.7-flash-tier4-task17b-rlm-x1000-r05,gemini-3.7-flash,Gemini 3.7 Flash,rlm,4,tier4/task17b,1000,5,5,succeeded,final,2026-09-23T07:58:29.180411+00:00,1,sathvik-x1000-succeeded-packs-v1,{},macro_f1,True,0.7333333333333333,34,0.16450656,0.2056332,478418,12721,491139,222.10126192402095,19.757682543364353,461.67578125,47.38671875,416.8828125,227.3832247320097,rxnhaystack-human-1.6.0,0.7333333333333333,not_affected,True
rlm_x1000,x1000-openrouter-full-gemini-3.7-flash-tier1-task1-rlm-x1000-r01,gemini-3.7-flash,Gemini 3.7 Flash,rlm,1,tier1/task1,1000,1,10,succeeded,final,2026-09-22T15:41:44.424389+00:00,1,jed-gemini-rlm-x1000-s01,{},macro_f1,True,1.0,37,0.10933200000000001,0.136665,152300,5984,158284,105.15673117153347,2.1211202424019575,395.4765625,0.0,395.4765625,115.66153568960726,rxnhaystack-human-1.6.0,1.0,not_affected,True
rlm_x1000,x1000-openrouter-full-gemini-3.7-flash-tier1-task1-rlm-x1000-r02,gemini-3.7-flash,Gemini 3.7 Flash,rlm,1,tier1/task1,1000,1,10,failed,final,2026-09-22T22:21:30.580996+00:00,2,jed-gemini-rlm-x1000-s02,"{""unknown"": 2}",macro_f1,False,,,,,,,,,,,,,,rxnhaystack-human-1.6.0,,not_affected,True
rlm_x1000,x1000-openrouter-full-gemini-3.7-flash-tier1-task1-rlm-x1000-r03,gemini-3.7-flash,Gemini 3.7 Flash,rlm,1,tier1/task1,1000,1,10,succeeded,final,2026-09-22T15:40:37.445874+00:00,1,jed-gemini-rlm-x1000-s03,{},macro_f1,True,1.0,37,0.10818420000000002,0.13523025000000002,150552,5951,156503,105.63773586042225,2.3480360824614763,398.4296875,0.0,398.4296875,112.81521771289408,rxnhaystack-human-1.6.0,1.0,not_affected,True
rlm_x1000,x1000-openrouter-full-gemini-3.7-flash-tier1-task1-rlm-x1000-r04,gemini-3.7-flash,Gemini 3.7 Flash,rlm,1,tier1/task1,1000,1,10,succeeded,final,2026-09-22T15:40:48.853393+00:00,1,jed-gemini-rlm-x1000-s04,{},macro_f1,True,0.9,33,0.09782160000000001,0.122277,131681,6271,137952,109.23807544447482,1.8958715368062258,392.20703125,0.0,392.20703125,116.30504873022437,rxnhaystack-human-1.6.0,0.9,not_affected,True
rlm_x1000,x1000-openrouter-full-gemini-3.7-flash-tier1-task1-rlm-x1000-r05,gemini-3.7-flash,Gemini 3.7 Flash,rlm,1,tier1/task1,1000,1,10,succeeded,final,2026-09-22T15:41:01.011614+00:00,1,jed-gemini-rlm-x1000-s05,{},macro_f1,True,1.0,37,0.10935720000000003,0.13669650000000003,152637,5925,158562,121.7516443412751,2.1093629375100136,392.70703125,0.0,392.70703125,179.48824803344905,rxnhaystack-human-1.6.0,1.0,not_affected,True
rlm_x1000,x1000-openrouter-full-gemini-3.7-flash-tier2-task2-rlm-x1000-r01,gemini-3.7-flash,Gemini 3.7 Flash,rlm,2,tier2/task2,1000,1,6,succeeded,final,2026-09-22T15:40:04.107080+00:00,1,jed-gemini-rlm-x1000-s06,{},macro_f1,True,1.0,15,0.0433008,0.054126,57573,2919,60492,63.50660895369947,1.7212096210569143,400.0546875,0.0,400.0546875,71.47563617117703,rxnhaystack-human-1.6.0,1.0,not_affected,True
rlm_x1000,x1000-openrouter-full-gemini-3.7-flash-tier2-task2-rlm-x1000-r02,gemini-3.7-flash,Gemini 3.7 Flash,rlm,2,tier2/task2,1000,1,6,succeeded,final,2026-09-22T15:40:25.670166+00:00,1,jed-gemini-rlm-x1000-s07,{},macro_f1,True,1.0,14,0.04203660000000001,0.05254575000000001,54196,3173,57369,63.990150433033705,1.7066340502351522,398.32421875,0.0,398.32421875,93.11468134634197,rxnhaystack-human-1.6.0,1.0,not_affected,True
rlm_x1000,x1000-openrouter-full-gemini-3.7-flash-tier2-task2-rlm-x1000-r03,gemini-3.7-flash,Gemini 3.7 Flash,rlm,2,tier2/task2,1000,1,6,succeeded,final,2026-09-22T15:40:04.109359+00:00,1,jed-gemini-rlm-x1000-s08,{},macro_f1,True,1.0,12,0.0357414,0.04467675,44719,2970,47689,63.52862481959164,1.6989108733832836,399.57421875,0.0,399.57421875,76.41067921556532,rxnhaystack-human-1.6.0,1.0,not_affected,True
rlm_x1000,x1000-openrouter-full-gemini-3.7-flash-tier2-task2-rlm-x1000-r04,gemini-3.7-flash,Gemini 3.7 Flash,rlm,2,tier2/task2,1000,1,6,succeeded,final,2026-09-22T15:40:08.130808+00:00,1,jed-gemini-rlm-x1000-s09,{},macro_f1,True,1.0,17,0.05117160000000001,0.06396450000000001,67871,3483,71354,67.02381366677582,1.9823449216783047,400.0,0.0,400.0,75.54552898183465,rxnhaystack-human-1.6.0,1.0,not_affected,True
rlm_x1000,x1000-openrouter-full-gemini-3.7-flash-tier2-task2-rlm-x1000-r05,gemini-3.7-flash,Gemini 3.7 Flash,rlm,2,tier2/task2,1000,1,6,succeeded,final,2026-09-22T15:40:03.880149+00:00,1,jed-gemini-rlm-x1000-s10,{},macro_f1,True,1.0,16,0.0479106,0.05988825,64276,3115,67391,68.53162896819413,1.6979385204613209,398.953125,0.0,398.953125,78.46240045316517,rxnhaystack-human-1.6.0,1.0,not_affected,True
rlm_x1000,x1000-openrouter-full-gemini-3.7-flash-tier2-task3-rlm-x1000-r01,gemini-3.7-flash,Gemini 3.7 Flash,rlm,2,tier2/task3,1000,1,5,succeeded,final,2026-09-22T15:43:50.073182+00:00,1,jed-gemini-rlm-x1000-s11,{},macro_f1,True,1.0,14,0.0441918,0.055239750000000004,60078,2715,62793,71.04594873450696,1.4414212703704834,402.71875,0.0,402.71875,81.54283783771098,rxnhaystack-human-1.6.0,1.0,not_affected,True
rlm_x1000,x1000-openrouter-full-gemini-3.7-flash-tier2-task3-rlm-x1000-r02,gemini-3.7-flash,Gemini 3.7 Flash,rlm,2,tier2/task3,1000,1,5,succeeded,final,2026-09-22T15:39:07.567147+00:00,1,jed-gemini-rlm-x1000-s12,{},macro_f1,True,1.0,14,0.0434898,0.05436225,57643,2968,60611,49.99419745802879,1.437029691413045,402.8515625,0.0,402.8515625,64.13898661360145,rxnhaystack-human-1.6.0,1.0,not_affected,True
rlm_x1000,x1000-openrouter-full-gemini-3.7-flash-tier2-task3-rlm-x1000-r03,gemini-3.7-flash,Gemini 3.7 Flash,rlm,2,tier2/task3,1000,1,5,succeeded,final,2026-09-22T15:39:44.026381+00:00,1,jed-gemini-rlm-x1000-s13,{},macro_f1,True,1.0,12,0.0359232,0.044904,47027,2569,49596,44.49415816552937,1.4240958895534277,395.859375,0.0,395.859375,93.53835872001946,rxnhaystack-human-1.6.0,1.0,not_affected,True
rlm_x1000,x1000-openrouter-full-gemini-3.7-flash-tier2-task3-rlm-x1000-r04,gemini-3.7-flash,Gemini 3.7 Flash,rlm,2,tier2/task3,1000,1,5,succeeded,final,2026-09-22T15:40:36.874675+00:00,1,jed-gemini-rlm-x1000-s14,{},macro_f1,True,1.0,10,0.0307044,0.0383805,38504,2534,41038,55.96513990405947,1.3955319058150053,397.34765625,0.0,397.34765625,64.15680565591902,rxnhaystack-human-1.6.0,1.0,not_affected,True
rlm_x1000,x1000-openrouter-full-gemini-3.7-flash-tier2-task3-rlm-x1000-r05,gemini-3.7-flash,Gemini 3.7 Flash,rlm,2,tier2/task3,1000,1,5,succeeded,final,2026-09-22T15:40:32.022179+00:00,1,jed-gemini-rlm-x1000-s15,{},macro_f1,True,1.0,11,0.033416999999999995,0.041771249999999996,42920,2555,45475,49.926009454764426,1.3988867066800594,401.9453125,0.0,401.9453125,58.324878175742924,rxnhaystack-human-1.6.0,1.0,not_affected,True
rlm_x1000,x1000-openrouter-full-gemini-3.7-flash-tier2-task4-rlm-x1000-r01,gemini-3.7-flash,Gemini 3.7 Flash,rlm,2,tier2/task4,1000,1,5,succeeded,final,2026-09-22T15:44:43.970593+00:00,1,jed-gemini-rlm-x1000-s11,{},macro_f1,True,1.0,11,0.03207600000000001,0.040095000000000006,41070,2478,43548,47.39361616410315,1.41844592243433,387.0546875,0.0,387.0546875,52.48110429570079,rxnhaystack-human-1.6.0,1.0,not_affected,True
rlm_x1000,x1000-openrouter-full-gemini-3.7-flash-tier2-task4-rlm-x1000-r02,gemini-3.7-flash,Gemini 3.7 Flash,rlm,2,tier2/task4,1000,1,5,succeeded,final,2026-09-22T15:40:29.621221+00:00,1,jed-gemini-rlm-x1000-s12,{},macro_f1,True,1.0,13,0.0397128,0.049641,51563,2925,54488,40.40502018481493,1.4018990769982338,383.66796875,0.0,383.66796875,48.32378784194589,rxnhaystack-human-1.6.0,1.0,not_affected,True
rlm_x1000,x1000-openrouter-full-gemini-3.7-flash-tier2-task4-rlm-x1000-r03,gemini-3.7-flash,Gemini 3.7 Flash,rlm,2,tier2/task4,1000,1,5,succeeded,final,2026-09-22T15:40:26.496183+00:00,1,jed-gemini-rlm-x1000-s13,{},macro_f1,True,1.0,11,0.032584800000000004,0.040731,41288,2604,43892,34.374420607462525,1.4129955116659403,387.328125,0.0,387.328125,41.601349003612995,rxnhaystack-human-1.6.0,1.0,not_affected,True
rlm_x1000,x1000-openrouter-full-gemini-3.7-flash-tier2-task4-rlm-x1000-r04,gemini-3.7-flash,Gemini 3.7 Flash,rlm,2,tier2/task4,1000,1,5,succeeded,final,2026-09-22T15:41:36.072381+00:00,1,jed-gemini-rlm-x1000-s14,{},macro_f1,True,1.0,12,0.037362,0.046702499999999994,46405,3173,49578,46.87553918827325,1.3809884283691645,384.3359375,0.0,384.3359375,58.56159727554768,rxnhaystack-human-1.6.0,1.0,not_affected,True
rlm_x1000,x1000-openrouter-full-gemini-3.7-flash-tier2-task4-rlm-x1000-r05,gemini-3.7-flash,Gemini 3.7 Flash,rlm,2,tier2/task4,1000,1,5,succeeded,final,2026-09-22T15:42:21.113268+00:00,1,jed-gemini-rlm-x1000-s15,{},macro_f1,True,1.0,11,0.0320232,0.040029,40707,2533,43240,37.83428986184299,1.37016112357378,385.68359375,0.0,385.68359375,46.40270971786231,rxnhaystack-human-1.6.0,1.0,not_affected,True
rlm_x1000,x1000-openrouter-full-gemini-3.7-flash-tier2-task5-rlm-x1000-r01,gemini-3.7-flash,Gemini 3.7 Flash,rlm,2,tier2/task5,1000,1,4,succeeded,final,2026-09-22T15:46:43.773390+00:00,1,jed-gemini-rlm-x1000-s06,{},macro_f1,True,1.0,8,0.0282312,0.035289,32452,2920,35372,40.811466701328754,1.1325020845979452,392.54296875,0.0,392.54296875,45.650747211650014,rxnhaystack-human-1.6.0,1.0,not_affected,True
rlm_x1000,x1000-openrouter-full-gemini-3.7-flash-tier2-task5-rlm-x1000-r02,gemini-3.7-flash,Gemini 3.7 Flash,rlm,2,tier2/task5,1000,1,4,succeeded,final,2026-09-22T15:43:04.843200+00:00,1,jed-gemini-rlm-x1000-s07,{},macro_f1,True,1.0,11,0.0367212,0.0459015,47052,2830,49882,37.30857300013304,1.1369650326669216,386.81640625,0.0,386.81640625,42.491534892469645,rxnhaystack-human-1.6.0,1.0,not_affected,True
rlm_x1000,x1000-openrouter-full-gemini-3.7-flash-tier2-task5-rlm-x1000-r03,gemini-3.7-flash,Gemini 3.7 Flash,rlm,2,tier2/task5,1000,1,4,succeeded,final,2026-09-22T15:46:51.153071+00:00,1,jed-gemini-rlm-x1000-s08,{},macro_f1,True,1.0,10,0.0327588,0.0409485,41018,2716,43734,47.3528640512377,1.1308550164103508,394.984375,0.0,394.984375,53.01335797831416,rxnhaystack-human-1.6.0,1.0,not_affected,True
rlm_x1000,x1000-openrouter-full-gemini-3.7-flash-tier2-task5-rlm-x1000-r04,gemini-3.7-flash,Gemini 3.7 Flash,rlm,2,tier2/task5,1000,1,4,failed,final,2026-09-22T22:17:05.018999+00:00,1,jed-gemini-rlm-x1000-s09,"{""interrupted"": 1}",macro_f1,False,,,,,,,,,,,,,,rxnhaystack-human-1.6.0,,not_affected,True
rlm_x1000,x1000-openrouter-full-gemini-3.7-flash-tier2-task5-rlm-x1000-r05,gemini-3.7-flash,Gemini 3.7 Flash,rlm,2,tier2/task5,1000,1,4,succeeded,final,2026-09-22T15:42:44.541440+00:00,1,jed-gemini-rlm-x1000-s10,{},macro_f1,True,1.0,12,0.0398832,0.049853999999999996,51487,2997,54484,40.3228406123817,1.135388607159257,389.3984375,0.0,389.3984375,45.296235632151365,rxnhaystack-human-1.6.0,1.0,not_affected,True
rlm_x1000,x1000-openrouter-full-gemini-3.7-flash-tier3-task10-rlm-x1000-r01,gemini-3.7-flash,Gemini 3.7 Flash,rlm,3,tier3/task10,1000,1,5,succeeded,final,2026-09-22T15:45:43.487913+00:00,1,jed-gemini-rlm-x1000-s06;ground-truth:rxnhaystack-ground-truth-2026-09-25-v2;corrected-score-recovery:rxnhaystack-corrected-score-recovery-2026-09-25-v2,{},macro_f1,True,0.868933027756557,115,0.50023914,0.625298925,858732,52958,911690,312.6553025506437,53.57779631577432,383.09765625,0.0,383.09765625,318.61470759287477,rxnhaystack-human-1.6.0,0.830837789661319,corrected_exact_rescore,True
rlm_x1000,x1000-openrouter-full-gemini-3.7-flash-tier3-task10-rlm-x1000-r02,gemini-3.7-flash,Gemini 3.7 Flash,rlm,3,tier3/task10,1000,1,5,succeeded,final,2026-09-22T22:26:43.628383+00:00,3,jed-gemini-rlm-x1000-s07;ground-truth:rxnhaystack-ground-truth-2026-09-25-v2;corrected-score-recovery:rxnhaystack-corrected-score-recovery-2026-09-25-v2,"{""unknown"": 2}",macro_f1,True,0.8716547134457582,409,0.64783458,0.809793225,645406,111013,756419,269.68778504900547,108.65745460098697,394.421875,0.0,394.421875,279.12267659699864,rxnhaystack-human-1.6.0,0.8335594753505202,corrected_exact_rescore,True
rlm_x1000,x1000-openrouter-full-gemini-3.7-flash-tier3-task10-rlm-x1000-r03,gemini-3.7-flash,Gemini 3.7 Flash,rlm,3,tier3/task10,1000,1,5,succeeded,final,2026-09-22T15:45:18.805356+00:00,1,jed-gemini-rlm-x1000-s08;ground-truth:rxnhaystack-ground-truth-2026-09-25-v2;corrected-score-recovery:rxnhaystack-corrected-score-recovery-2026-09-25-v2,{},macro_f1,True,0.8716547134457582,94,0.46017563999999994,0.5752195499999999,725430,50738,776168,288.50480564683676,69.85724331624806,377.8203125,0.0,377.8203125,293.96705464087427,rxnhaystack-human-1.6.0,0.8335594753505202,corrected_exact_rescore,True
rlm_x1000,x1000-openrouter-full-gemini-3.7-flash-tier3-task10-rlm-x1000-r04,gemini-3.7-flash,Gemini 3.7 Flash,rlm,3,tier3/task10,1000,1,5,succeeded,final,2026-09-22T15:45:30.513654+00:00,1,jed-gemini-rlm-x1000-s09;ground-truth:rxnhaystack-ground-truth-2026-09-25-v2;corrected-score-recovery:rxnhaystack-corrected-score-recovery-2026-09-25-v2,{},macro_f1,True,0.8716547134457582,146,0.39192257999999996,0.48990322499999994,500040,56980,557020,275.9294632319361,39.1834330111742,385.34765625,0.0,385.34765625,305.6401953641325,rxnhaystack-human-1.6.0,0.8335594753505202,corrected_exact_rescore,True
rlm_x1000,x1000-openrouter-full-gemini-3.7-flash-tier3-task10-rlm-x1000-r05,gemini-3.7-flash,Gemini 3.7 Flash,rlm,3,tier3/task10,1000,1,5,succeeded,final,2026-09-22T22:26:30.507578+00:00,3,jed-gemini-rlm-x1000-s10;ground-truth:rxnhaystack-ground-truth-2026-09-25-v2;corrected-score-recovery:rxnhaystack-corrected-score-recovery-2026-09-25-v2,"{""unknown"": 2}",macro_f1,True,0.8716547134457582,167,0.44231220000000004,0.55289025,675493,47500,722993,256.0560303769962,70.69531086300412,388.828125,0.0,388.828125,265.9322490459963,rxnhaystack-human-1.6.0,0.8335594753505202,corrected_exact_rescore,True
rlm_x1000,x1000-openrouter-full-gemini-3.7-flash-tier3-task10b-rlm-x1000-r01,gemini-3.7-flash,Gemini 3.7 Flash,rlm,3,tier3/task10b,1000,1,5,succeeded,final,2026-09-22T15:46:53.840909+00:00,1,jed-gemini-rlm-x1000-s01,{},macro_f1,True,0.6642857142857143,113,0.45544380000000007,0.56930475,525122,53362,578484,246.71388962119818,98.25356416031718,375.8203125,0.0,375.8203125,253.0855960752815,rxnhaystack-human-1.6.0,0.6642857142857143,not_affected,True
rlm_x1000,x1000-openrouter-full-gemini-3.7-flash-tier3-task10b-rlm-x1000-r02,gemini-3.7-flash,Gemini 3.7 Flash,rlm,3,tier3/task10b,1000,1,5,succeeded,final,2026-09-22T15:47:18.955467+00:00,1,jed-gemini-rlm-x1000-s02,{},macro_f1,True,0.7008547008547008,78,0.39006539999999995,0.4875817499999999,542390,42791,585181,230.69332701154053,48.18800588324666,378.828125,0.0,378.828125,316.97565802931786,rxnhaystack-human-1.6.0,0.7008547008547008,not_affected,True
rlm_x1000,x1000-openrouter-full-gemini-3.7-flash-tier3-task10b-rlm-x1000-r03,gemini-3.7-flash,Gemini 3.7 Flash,rlm,3,tier3/task10b,1000,1,5,failed,final,2026-09-22T22:21:27.636836+00:00,2,jed-gemini-rlm-x1000-s03,"{""unknown"": 2}",macro_f1,False,,,,,,,,,,,,,,rxnhaystack-human-1.6.0,,not_affected,True
rlm_x1000,x1000-openrouter-full-gemini-3.7-flash-tier3-task10b-rlm-x1000-r04,gemini-3.7-flash,Gemini 3.7 Flash,rlm,3,tier3/task10b,1000,1,5,failed,final,2026-09-22T22:21:26.722796+00:00,2,jed-gemini-rlm-x1000-s04,"{""unknown"": 2}",macro_f1,False,,,,,,,,,,,,,,rxnhaystack-human-1.6.0,,not_affected,True
rlm_x1000,x1000-openrouter-full-gemini-3.7-flash-tier3-task10b-rlm-x1000-r05,gemini-3.7-flash,Gemini 3.7 Flash,rlm,3,tier3/task10b,1000,1,5,failed,final,2026-09-22T22:21:30.811965+00:00,2,jed-gemini-rlm-x1000-s05,"{""unknown"": 2}",macro_f1,False,,,,,,,,,,,,,,rxnhaystack-human-1.6.0,,not_affected,True
rlm_x1000,x1000-openrouter-full-gemini-3.7-flash-tier3-task13-rlm-x1000-r01,gemini-3.7-flash,Gemini 3.7 Flash,rlm,3,tier3/task13,1000,1,1,succeeded,final,2026-09-22T15:55:57.956034+00:00,1,jed-gemini-rlm-x1000-s01,{},macro_f1,True,1.0,2,0.005894400000000001,0.007368,7634,438,8072,7.0731445495039225,0.35146675631403923,349.59375,0.0,349.59375,60.120277903974056,rxnhaystack-human-1.6.0,1.0,not_affected,True
rlm_x1000,x1000-openrouter-full-gemini-3.7-flash-tier3-task13-rlm-x1000-r02,gemini-3.7-flash,Gemini 3.7 Flash,rlm,3,tier3/task13,1000,1,1,succeeded,final,2026-09-22T15:52:38.439647+00:00,1,jed-gemini-rlm-x1000-s02,{},macro_f1,True,1.0,2,0.0060035999999999996,0.007504499999999999,7691,463,8154,7.57821386680007,0.37615005299448967,352.67578125,0.0,352.67578125,14.144984258338809,rxnhaystack-human-1.6.0,1.0,not_affected,True
rlm_x1000,x1000-openrouter-full-gemini-3.7-flash-tier3-task13-rlm-x1000-r03,gemini-3.7-flash,Gemini 3.7 Flash,rlm,3,tier3/task13,1000,1,1,succeeded,final,2026-09-22T15:48:13.428890+00:00,1,jed-gemini-rlm-x1000-s03,{},macro_f1,True,1.0,2,0.0060996,0.0076245,7736,486,8222,7.072320563718677,0.3546558450907469,353.875,0.0,353.875,51.600967867299914,rxnhaystack-human-1.6.0,1.0,not_affected,True
rlm_x1000,x1000-openrouter-full-gemini-3.7-flash-tier3-task13-rlm-x1000-r04,gemini-3.7-flash,Gemini 3.7 Flash,rlm,3,tier3/task13,1000,1,1,succeeded,final,2026-09-22T15:49:19.381053+00:00,1,jed-gemini-rlm-x1000-s04,{},macro_f1,True,1.0,2,0.006183600000000001,0.0077295,7726,516,8242,7.065949983894825,0.35575286112725735,350.23828125,0.0,350.23828125,12.099092580378056,rxnhaystack-human-1.6.0,1.0,not_affected,True
rlm_x1000,x1000-openrouter-full-gemini-3.7-flash-tier3-task13-rlm-x1000-r05,gemini-3.7-flash,Gemini 3.7 Flash,rlm,3,tier3/task13,1000,1,1,succeeded,final,2026-09-22T15:49:40.467820+00:00,1,jed-gemini-rlm-x1000-s05,{},macro_f1,True,1.0,3,0.0090012,0.011251500000000001,12397,521,12918,11.593750979751348,0.3583438228815794,351.04296875,0.0,351.04296875,33.6753316167742,rxnhaystack-human-1.6.0,1.0,not_affected,True
rlm_x1000,x1000-openrouter-full-gemini-3.7-flash-tier3-task14-rlm-x1000-r01,gemini-3.7-flash,Gemini 3.7 Flash,rlm,3,tier3/task14,1000,1,1,succeeded,final,2026-09-22T15:52:12.933640+00:00,1,jed-gemini-rlm-x1000-s06,{},macro_f1,True,1.0,3,0.013765800000000002,0.01720725,17833,1022,18855,12.600886916741729,0.45941998437047005,354.796875,0.0,354.796875,18.402043418958783,rxnhaystack-human-1.6.0,1.0,not_affected,True
rlm_x1000,x1000-openrouter-full-gemini-3.7-flash-tier3-task14-rlm-x1000-r02,gemini-3.7-flash,Gemini 3.7 Flash,rlm,3,tier3/task14,1000,1,1,succeeded,final,2026-09-22T15:51:33.282888+00:00,1,jed-gemini-rlm-x1000-s07,{},macro_f1,True,1.0,2,0.008429400000000002,0.010536750000000001,9139,982,10121,11.1038762293756,1.1311998926103115,353.06640625,0.0,353.06640625,16.767538433894515,rxnhaystack-human-1.6.0,1.0,not_affected,True
rlm_x1000,x1000-openrouter-full-gemini-3.7-flash-tier3-task14-rlm-x1000-r03,gemini-3.7-flash,Gemini 3.7 Flash,rlm,3,tier3/task14,1000,1,1,succeeded,final,2026-09-22T15:53:23.070633+00:00,1,jed-gemini-rlm-x1000-s08,{},macro_f1,True,1.0,2,0.0089586,0.01119825,9891,1008,10899,11.097287449985743,0.5886544082313776,351.91015625,0.0,351.91015625,16.361666072160006,rxnhaystack-human-1.6.0,1.0,not_affected,True
rlm_x1000,x1000-openrouter-full-gemini-3.7-flash-tier3-task14-rlm-x1000-r04,gemini-3.7-flash,Gemini 3.7 Flash,rlm,3,tier3/task14,1000,1,1,succeeded,final,2026-09-22T19:16:44.134545+00:00,1,jed-gemini-rlm-x1000-s09,{},macro_f1,True,1.0,2,0.008412600000000001,0.01051575,9686,867,10553,8.0913326125592,0.6435113325715065,364.8359375,0.0,364.8359375,13.415381412953138,rxnhaystack-human-1.6.0,1.0,not_affected,True
rlm_x1000,x1000-openrouter-full-gemini-3.7-flash-tier3-task14-rlm-x1000-r05,gemini-3.7-flash,Gemini 3.7 Flash,rlm,3,tier3/task14,1000,1,1,succeeded,final,2026-09-22T19:11:43.034250+00:00,1,jed-gemini-rlm-x1000-s10,{},macro_f1,True,1.0,3,0.011778,0.0147225,14835,959,15794,10.59959277883172,0.47860002517700195,359.19921875,0.0,359.19921875,17.613683560863137,rxnhaystack-human-1.6.0,1.0,not_affected,True
rlm_x1000,x1000-openrouter-full-gemini-3.7-flash-tier3-task15-rlm-x1000-r01,gemini-3.7-flash,Gemini 3.7 Flash,rlm,3,tier3/task15,1000,1,1,succeeded,final,2026-09-22T19:16:25.500397+00:00,1,jed-gemini-rlm-x1000-s11,{},macro_f1,True,1.0,2,0.0073542,0.00919275,8517,748,9265,8.07915834337473,0.4930066503584385,352.91796875,0.0,352.91796875,13.33328572101891,rxnhaystack-human-1.6.0,1.0,not_affected,True
rlm_x1000,x1000-openrouter-full-gemini-3.7-flash-tier3-task15-rlm-x1000-r02,gemini-3.7-flash,Gemini 3.7 Flash,rlm,3,tier3/task15,1000,1,1,succeeded,final,2026-09-22T19:11:07.006967+00:00,1,jed-gemini-rlm-x1000-s12,{},macro_f1,True,1.0,2,0.0075618000000000005,0.00945225,8613,798,9411,10.106452161446214,0.5416825655847788,393.30078125,0.0,393.30078125,19.58932831324637,rxnhaystack-human-1.6.0,1.0,not_affected,True
rlm_x1000,x1000-openrouter-full-gemini-3.7-flash-tier3-task15-rlm-x1000-r03,gemini-3.7-flash,Gemini 3.7 Flash,rlm,3,tier3/task15,1000,1,1,succeeded,final,2026-09-22T19:13:27.085036+00:00,1,jed-gemini-rlm-x1000-s13,{},macro_f1,True,1.0,2,0.0080886,0.01011075,8871,922,9793,9.078041350468993,0.48364138044416904,354.26953125,0.0,354.26953125,14.449474230408669,rxnhaystack-human-1.6.0,1.0,not_affected,True
rlm_x1000,x1000-openrouter-full-gemini-3.7-flash-tier3-task15-rlm-x1000-r04,gemini-3.7-flash,Gemini 3.7 Flash,rlm,3,tier3/task15,1000,1,1,succeeded,final,2026-09-22T19:13:37.451069+00:00,1,jed-gemini-rlm-x1000-s14,{},macro_f1,True,1.0,2,0.007213800000000001,0.009017250000000001,8448,715,9163,9.086572403088212,0.4748489782214165,363.30859375,0.0,363.30859375,14.2852495405823,rxnhaystack-human-1.6.0,1.0,not_affected,True
rlm_x1000,x1000-openrouter-full-gemini-3.7-flash-tier3-task15-rlm-x1000-r05,gemini-3.7-flash,Gemini 3.7 Flash,rlm,3,tier3/task15,1000,1,1,succeeded,final,2026-09-22T19:13:40.599803+00:00,1,jed-gemini-rlm-x1000-s15,{},macro_f1,True,1.0,3,0.0108564,0.0135705,14434,732,15166,11.0974105540663,0.4798645582050085,355.91796875,0.0,355.91796875,16.506384309381247,rxnhaystack-human-1.6.0,1.0,not_affected,True
rlm_x1000,x1000-openrouter-full-gemini-3.7-flash-tier3-task17-rlm-x1000-r01,gemini-3.7-flash,Gemini 3.7 Flash,rlm,3,tier3/task17,1000,1,1,succeeded,final,2026-09-22T15:56:33.756698+00:00,1,jed-gemini-rlm-x1000-s01,{},macro_f1,True,0.6880000000000001,6,0.02294826,0.028685325,38316,2177,40493,24.64959853515029,0.3255179189145565,354.12890625,0.0,354.12890625,31.355354327708483,rxnhaystack-human-1.6.0,0.6880000000000001,not_affected,True
rlm_x1000,x1000-openrouter-full-gemini-3.7-flash-tier3-task17-rlm-x1000-r02,gemini-3.7-flash,Gemini 3.7 Flash,rlm,3,tier3/task17,1000,1,1,succeeded,final,2026-09-22T15:53:44.597727+00:00,1,jed-gemini-rlm-x1000-s02,{},macro_f1,True,0.6880000000000001,4,0.01629,0.0203625,21864,1788,23652,19.64282188564539,0.18481232784688473,356.61328125,0.0,356.61328125,65.02091573923826,rxnhaystack-human-1.6.0,0.6880000000000001,not_affected,True
rlm_x1000,x1000-openrouter-full-gemini-3.7-flash-tier3-task17-rlm-x1000-r03,gemini-3.7-flash,Gemini 3.7 Flash,rlm,3,tier3/task17,1000,1,1,succeeded,final,2026-09-22T15:49:06.661396+00:00,1,jed-gemini-rlm-x1000-s03,{},macro_f1,True,0.6880000000000001,6,0.02776458,0.034705725,42623,2925,45548,31.187117049470544,0.16655366867780685,352.87109375,0.0,352.87109375,36.353747645393014,rxnhaystack-human-1.6.0,0.6880000000000001,not_affected,True
rlm_x1000,x1000-openrouter-full-gemini-3.7-flash-tier3-task17-rlm-x1000-r04,gemini-3.7-flash,Gemini 3.7 Flash,rlm,3,tier3/task17,1000,1,1,succeeded,final,2026-09-22T15:50:27.054142+00:00,1,jed-gemini-rlm-x1000-s04,{},macro_f1,True,0.6880000000000001,6,0.028180080000000003,0.0352251,49426,3169,52595,41.23643324710429,0.17812846414744854,350.6015625,0.0,350.6015625,46.605679504573345,rxnhaystack-human-1.6.0,0.6880000000000001,not_affected,True
rlm_x1000,x1000-openrouter-full-gemini-3.7-flash-tier3-task17-rlm-x1000-r05,gemini-3.7-flash,Gemini 3.7 Flash,rlm,3,tier3/task17,1000,1,1,succeeded,final,2026-09-22T15:50:29.076533+00:00,1,jed-gemini-rlm-x1000-s05,{},macro_f1,True,0.6880000000000001,5,0.0227268,0.028408499999999996,28823,1811,30634,24.656162712723017,0.16527561470866203,348.70703125,0.0,348.70703125,44.75332819111645,rxnhaystack-human-1.6.0,0.6880000000000001,not_affected,True
rlm_x1000,x1000-openrouter-full-gemini-3.7-flash-tier3-task18-rlm-x1000-r01,gemini-3.7-flash,Gemini 3.7 Flash,rlm,3,tier3/task18,1000,1,1,failed,final,2026-09-22T19:09:30.849384+00:00,1,jed-gemini-rlm-x1000-s06,"{""workflow_timeout"": 1}",macro_f1,False,,,,,,,,,,,,,,rxnhaystack-human-1.6.0,,affected_without_historical_score,True
rlm_x1000,x1000-openrouter-full-gemini-3.7-flash-tier3-task18-rlm-x1000-r02,gemini-3.7-flash,Gemini 3.7 Flash,rlm,3,tier3/task18,1000,1,1,succeeded,final,2026-09-22T15:52:08.820403+00:00,1,jed-gemini-rlm-x1000-s07;ground-truth:rxnhaystack-ground-truth-2026-09-25-v2;submission-score-freeze:rxnhaystack-iclr2027-submission-score-freeze-v1,{},macro_f1,True,0.5794392523364486,6,0.028536840000000004,0.03567105,41593,2656,44249,30.280808571726084,1.2277726884931326,358.03125,0.0,358.03125,35.03607643954456,rxnhaystack-human-1.6.0,0.5794392523364486,historical_score_invalidated,True
rlm_x1000,x1000-openrouter-full-gemini-3.7-flash-tier3-task18-rlm-x1000-r03,gemini-3.7-flash,Gemini 3.7 Flash,rlm,3,tier3/task18,1000,1,1,succeeded,final,2026-09-22T15:54:21.908818+00:00,1,jed-gemini-rlm-x1000-s08;ground-truth:rxnhaystack-ground-truth-2026-09-25-v2;submission-score-freeze:rxnhaystack-iclr2027-submission-score-freeze-v1,{},macro_f1,True,0.6825127334465196,7,0.03146802,0.039335024999999996,50396,2602,52998,53.41809854656458,1.2710891775786877,356.921875,0.0,356.921875,58.17194638028741,rxnhaystack-human-1.6.0,0.6825127334465196,historical_score_invalidated,True
rlm_x1000,x1000-openrouter-full-gemini-3.7-flash-tier3-task18-rlm-x1000-r04,gemini-3.7-flash,Gemini 3.7 Flash,rlm,3,tier3/task18,1000,1,1,failed,final,2026-09-22T22:15:34.379824+00:00,1,jed-gemini-rlm-x1000-s09,"{""workflow_timeout"": 1}",macro_f1,False,,,,,,,,,,,,,,rxnhaystack-human-1.6.0,,affected_without_historical_score,True
rlm_x1000,x1000-openrouter-full-gemini-3.7-flash-tier3-task18-rlm-x1000-r05,gemini-3.7-flash,Gemini 3.7 Flash,rlm,3,tier3/task18,1000,1,1,succeeded,final,2026-09-22T19:12:09.549203+00:00,1,jed-gemini-rlm-x1000-s10;ground-truth:rxnhaystack-ground-truth-2026-09-25-v2;submission-score-freeze:rxnhaystack-iclr2027-submission-score-freeze-v1,{},macro_f1,True,0.5820895522388059,4,0.01658034,0.020725425,22882,1681,24563,18.751880075782537,1.4966851007193327,371.5390625,0.0,371.5390625,24.56020494364202,rxnhaystack-human-1.6.0,0.5820895522388059,historical_score_invalidated,True
rlm_x1000,x1000-openrouter-full-gemini-3.7-flash-tier3-task20-rlm-x1000-r01,gemini-3.7-flash,Gemini 3.7 Flash,rlm,3,tier3/task20,1000,1,1,succeeded,final,2026-09-22T19:16:40.817534+00:00,1,jed-gemini-rlm-x1000-s11,{},macro_f1,True,1.0,2,0.007177200000000001,0.0089715,8342,724,9066,8.07701270096004,0.41073688864707947,355.83203125,0.0,355.83203125,14.04512738622725,rxnhaystack-human-1.6.0,1.0,not_affected,True
rlm_x1000,x1000-openrouter-full-gemini-3.7-flash-tier3-task20-rlm-x1000-r02,gemini-3.7-flash,Gemini 3.7 Flash,rlm,3,tier3/task20,1000,1,1,succeeded,final,2026-09-22T19:11:24.564365+00:00,1,jed-gemini-rlm-x1000-s12,{},macro_f1,True,1.0,3,0.0102882,0.01286025,13717,686,14403,9.101065261289477,0.3437005467712879,381.26171875,0.0,381.26171875,15.588108686730266,rxnhaystack-human-1.6.0,1.0,not_affected,True
rlm_x1000,x1000-openrouter-full-gemini-3.7-flash-tier3-task20-rlm-x1000-r03,gemini-3.7-flash,Gemini 3.7 Flash,rlm,3,tier3/task20,1000,1,1,succeeded,final,2026-09-22T19:13:42.467588+00:00,1,jed-gemini-rlm-x1000-s13,{},macro_f1,True,1.0,3,0.010635,0.01329375,13975,750,14725,9.589439645409584,0.3454192392528057,353.41015625,0.0,353.41015625,14.907705521211028,rxnhaystack-human-1.6.0,1.0,not_affected,True
rlm_x1000,x1000-openrouter-full-gemini-3.7-flash-tier3-task20-rlm-x1000-r04,gemini-3.7-flash,Gemini 3.7 Flash,rlm,3,tier3/task20,1000,1,1,succeeded,final,2026-09-22T19:13:53.128424+00:00,1,jed-gemini-rlm-x1000-s14,{},macro_f1,True,1.0,3,0.010196400000000001,0.0127455,13639,671,14310,9.082868568599224,0.2254969161003828,354.1171875,0.0,354.1171875,15.083841884508729,rxnhaystack-human-1.6.0,1.0,not_affected,True
rlm_x1000,x1000-openrouter-full-gemini-3.7-flash-tier3-task20-rlm-x1000-r05,gemini-3.7-flash,Gemini 3.7 Flash,rlm,3,tier3/task20,1000,1,1,succeeded,final,2026-09-22T19:13:54.854645+00:00,1,jed-gemini-rlm-x1000-s15,{},macro_f1,True,1.0,2,0.0070668,0.0088335,8328,690,9018,8.080022875219584,0.38300464302301407,348.66015625,0.0,348.66015625,13.767894925549626,rxnhaystack-human-1.6.0,1.0,not_affected,True
rlm_x1000,x1000-openrouter-full-gemini-3.7-flash-tier3-task21-rlm-x1000-r01,gemini-3.7-flash,Gemini 3.7 Flash,rlm,3,tier3/task21,1000,1,1,succeeded,final,2026-09-22T15:57:05.213080+00:00,1,jed-gemini-rlm-x1000-s01,{},macro_f1,True,1.0,2,0.0068328,0.008541,8798,518,9316,21.145719880238175,0.12159155681729317,353.53515625,0.0,353.53515625,27.834880666807294,rxnhaystack-human-1.6.0,1.0,not_affected,True
rlm_x1000,x1000-openrouter-full-gemini-3.7-flash-tier3-task21-rlm-x1000-r02,gemini-3.7-flash,Gemini 3.7 Flash,rlm,3,tier3/task21,1000,1,1,succeeded,final,2026-09-22T15:54:21.603599+00:00,1,jed-gemini-rlm-x1000-s02,{},macro_f1,True,1.0,2,0.006933600000000002,0.008667000000000001,8871,537,9408,7.583898115903139,0.12916618213057518,354.83984375,0.0,354.83984375,35.53620899096131,rxnhaystack-human-1.6.0,1.0,not_affected,True
rlm_x1000,x1000-openrouter-full-gemini-3.7-flash-tier3-task21-rlm-x1000-r03,gemini-3.7-flash,Gemini 3.7 Flash,rlm,3,tier3/task21,1000,1,1,succeeded,final,2026-09-22T15:49:20.224114+00:00,1,jed-gemini-rlm-x1000-s03,{},macro_f1,True,1.0,2,0.006827400000000001,0.00853425,8819,512,9331,7.581683648750186,0.12117635272443295,354.0703125,0.0,354.0703125,12.532494992017746,rxnhaystack-human-1.6.0,1.0,not_affected,True
rlm_x1000,x1000-openrouter-full-gemini-3.7-flash-tier3-task21-rlm-x1000-r04,gemini-3.7-flash,Gemini 3.7 Flash,rlm,3,tier3/task21,1000,1,1,succeeded,final,2026-09-22T15:51:29.937092+00:00,1,jed-gemini-rlm-x1000-s04,{},macro_f1,True,1.0,2,0.006873000000000001,0.00859125,8835,524,9359,8.58117288723588,0.12497048638761044,355.890625,0.0,355.890625,26.202162493020296,rxnhaystack-human-1.6.0,1.0,not_affected,True
rlm_x1000,x1000-openrouter-full-gemini-3.7-flash-tier3-task21-rlm-x1000-r05,gemini-3.7-flash,Gemini 3.7 Flash,rlm,3,tier3/task21,1000,1,1,succeeded,final,2026-09-22T15:51:30.610495+00:00,1,jed-gemini-rlm-x1000-s05,{},macro_f1,True,1.0,2,0.006938400000000001,0.008673,8744,564,9308,9.086559003219008,0.11977676674723625,353.93359375,0.0,353.93359375,14.096797525882721,rxnhaystack-human-1.6.0,1.0,not_affected,True
rlm_x1000,x1000-openrouter-full-gemini-3.7-flash-tier3-task22-rlm-x1000-r01,gemini-3.7-flash,Gemini 3.7 Flash,rlm,3,tier3/task22,1000,1,1,succeeded,final,2026-09-22T19:09:22.474051+00:00,1,jed-gemini-rlm-x1000-s06,{},macro_f1,True,1.0,6,0.02905218,0.036315225,51475,2320,53795,23.660968624055386,0.7298028264194727,355.26171875,0.0,355.26171875,31.16035171225667,rxnhaystack-human-1.6.0,1.0,not_affected,True
rlm_x1000,x1000-openrouter-full-gemini-3.7-flash-tier3-task22-rlm-x1000-r02,gemini-3.7-flash,Gemini 3.7 Flash,rlm,3,tier3/task22,1000,1,1,succeeded,final,2026-09-22T15:52:51.979145+00:00,1,jed-gemini-rlm-x1000-s07,{},macro_f1,True,1.0,8,0.040549140000000004,0.050686425,69064,3361,72425,37.233959844335914,1.2065378818660975,360.3125,0.0,360.3125,42.66189122758806,rxnhaystack-human-1.6.0,1.0,not_affected,True
rlm_x1000,x1000-openrouter-full-gemini-3.7-flash-tier3-task22-rlm-x1000-r03,gemini-3.7-flash,Gemini 3.7 Flash,rlm,3,tier3/task22,1000,1,1,succeeded,final,2026-09-22T15:55:13.280376+00:00,1,jed-gemini-rlm-x1000-s08,{},macro_f1,True,1.0,8,0.04301748,0.053771849999999996,143455,3277,146732,45.26021966896951,0.6968890931457281,362.76953125,0.0,362.76953125,50.25955268368125,rxnhaystack-human-1.6.0,1.0,not_affected,True
rlm_x1000,x1000-openrouter-full-gemini-3.7-flash-tier3-task22-rlm-x1000-r04,gemini-3.7-flash,Gemini 3.7 Flash,rlm,3,tier3/task22,1000,1,1,succeeded,final,2026-09-22T22:17:05.469877+00:00,1,jed-gemini-rlm-x1000-s09,{},macro_f1,True,1.0,6,0.0266691,0.033336375,51634,2225,53859,23.65720966272056,0.20504005253314972,352.9453125,0.0,352.9453125,29.55997865460813,rxnhaystack-human-1.6.0,1.0,not_affected,True
rlm_x1000,x1000-openrouter-full-gemini-3.7-flash-tier3-task22-rlm-x1000-r05,gemini-3.7-flash,Gemini 3.7 Flash,rlm,3,tier3/task22,1000,1,1,succeeded,final,2026-09-22T19:13:02.438581+00:00,1,jed-gemini-rlm-x1000-s10,{},macro_f1,True,1.0,7,0.03145242,0.039315525000000004,52734,2131,54865,43.75549413450062,0.6748973466455936,354.7578125,0.0,354.7578125,50.39539613947272,rxnhaystack-human-1.6.0,1.0,not_affected,True
rlm_x1000,x1000-openrouter-full-gemini-3.7-flash-tier3-task23-rlm-x1000-r01,gemini-3.7-flash,Gemini 3.7 Flash,rlm,3,tier3/task23,1000,1,1,succeeded,final,2026-09-22T19:16:57.582413+00:00,1,jed-gemini-rlm-x1000-s11;ground-truth:rxnhaystack-ground-truth-2026-09-25-v2;corrected-score-recovery:rxnhaystack-corrected-score-recovery-2026-09-25-v2,{},macro_f1,True,1.0,2,0.006939600000000001,0.0086745,8081,697,8778,9.578973026946187,0.4056985005736351,359.82421875,0.0,359.82421875,15.555826269090176,rxnhaystack-human-1.6.0,1.0,corrected_exact_rescore,True
rlm_x1000,x1000-openrouter-full-gemini-3.7-flash-tier3-task23-rlm-x1000-r02,gemini-3.7-flash,Gemini 3.7 Flash,rlm,3,tier3/task23,1000,1,1,succeeded,final,2026-09-22T19:11:42.558455+00:00,1,jed-gemini-rlm-x1000-s12;ground-truth:rxnhaystack-ground-truth-2026-09-25-v2;corrected-score-recovery:rxnhaystack-corrected-score-recovery-2026-09-25-v2,{},macro_f1,True,1.0,3,0.010935,0.01366875,14175,810,14985,11.612425358965993,0.994666013866663,383.359375,0.0,383.359375,16.84812472946942,rxnhaystack-human-1.6.0,1.0,corrected_exact_rescore,True
rlm_x1000,x1000-openrouter-full-gemini-3.7-flash-tier3-task23-rlm-x1000-r03,gemini-3.7-flash,Gemini 3.7 Flash,rlm,3,tier3/task23,1000,1,1,succeeded,final,2026-09-22T19:14:08.378413+00:00,1,jed-gemini-rlm-x1000-s13;ground-truth:rxnhaystack-ground-truth-2026-09-25-v2;corrected-score-recovery:rxnhaystack-corrected-score-recovery-2026-09-25-v2,{},macro_f1,True,1.0,5,0.02041422,0.025517775,30905,1354,32259,18.11921480856836,0.34860081784427166,366.46484375,0.0,366.46484375,25.440320029854774,rxnhaystack-human-1.6.0,1.0,corrected_exact_rescore,True
rlm_x1000,x1000-openrouter-full-gemini-3.7-flash-tier3-task23-rlm-x1000-r04,gemini-3.7-flash,Gemini 3.7 Flash,rlm,3,tier3/task23,1000,1,1,succeeded,final,2026-09-22T19:14:14.007833+00:00,1,jed-gemini-rlm-x1000-s14;ground-truth:rxnhaystack-ground-truth-2026-09-25-v2;corrected-score-recovery:rxnhaystack-corrected-score-recovery-2026-09-25-v2,{},macro_f1,True,1.0,4,0.015255600000000001,0.0190695,20586,968,21554,15.117523316293955,1.2205414045602083,366.68359375,0.0,366.68359375,20.27535767480731,rxnhaystack-human-1.6.0,1.0,corrected_exact_rescore,True
rlm_x1000,x1000-openrouter-full-gemini-3.7-flash-tier3-task23-rlm-x1000-r05,gemini-3.7-flash,Gemini 3.7 Flash,rlm,3,tier3/task23,1000,1,1,succeeded,final,2026-09-22T19:14:12.820446+00:00,1,jed-gemini-rlm-x1000-s15;ground-truth:rxnhaystack-ground-truth-2026-09-25-v2;corrected-score-recovery:rxnhaystack-corrected-score-recovery-2026-09-25-v2,{},macro_f1,True,1.0,3,0.0099822,0.01247775,12932,741,13673,11.594273272901773,0.39223379269242287,365.37890625,0.0,365.37890625,16.502078918740153,rxnhaystack-human-1.6.0,1.0,corrected_exact_rescore,True
rlm_x1000,x1000-openrouter-full-gemini-3.7-flash-tier3-task24-rlm-x1000-r01,gemini-3.7-flash,Gemini 3.7 Flash,rlm,3,tier3/task24,1000,1,1,succeeded,final,2026-09-22T15:57:32.138455+00:00,1,jed-gemini-rlm-x1000-s01,{},macro_f1,True,1.0,4,0.012479400000000002,0.015599250000000002,17379,684,18063,17.616384198889136,0.2181419748812914,352.8515625,0.0,352.8515625,24.363386005163193,rxnhaystack-human-1.6.0,1.0,not_affected,True
rlm_x1000,x1000-openrouter-full-gemini-3.7-flash-tier3-task24-rlm-x1000-r02,gemini-3.7-flash,Gemini 3.7 Flash,rlm,3,tier3/task24,1000,1,1,succeeded,final,2026-09-22T15:54:42.088098+00:00,1,jed-gemini-rlm-x1000-s02,{},macro_f1,True,1.0,3,0.009575400000000001,0.01196925,12929,606,13535,12.109259592369199,0.22558777034282684,351.296875,0.0,351.296875,18.37344522960484,rxnhaystack-human-1.6.0,1.0,not_affected,True
rlm_x1000,x1000-openrouter-full-gemini-3.7-flash-tier3-task24-rlm-x1000-r03,gemini-3.7-flash,Gemini 3.7 Flash,rlm,3,tier3/task24,1000,1,1,succeeded,final,2026-09-22T15:50:28.347192+00:00,1,jed-gemini-rlm-x1000-s03,{},macro_f1,True,1.0,3,0.0106902,0.01336275,13607,842,14449,13.605241402983665,0.2256055623292923,357.22265625,0.0,357.22265625,67.69827096909285,rxnhaystack-human-1.6.0,1.0,not_affected,True
rlm_x1000,x1000-openrouter-full-gemini-3.7-flash-tier3-task24-rlm-x1000-r04,gemini-3.7-flash,Gemini 3.7 Flash,rlm,3,tier3/task24,1000,1,1,succeeded,final,2026-09-22T15:51:56.817835+00:00,1,jed-gemini-rlm-x1000-s04,{},macro_f1,True,1.0,4,0.014837999999999999,0.018547499999999998,19515,1043,20558,19.122398173436522,0.21541633643209934,347.62890625,0.0,347.62890625,26.210027949884534,rxnhaystack-human-1.6.0,1.0,not_affected,True
rlm_x1000,x1000-openrouter-full-gemini-3.7-flash-tier3-task24-rlm-x1000-r05,gemini-3.7-flash,Gemini 3.7 Flash,rlm,3,tier3/task24,1000,1,1,succeeded,final,2026-09-22T15:51:48.204154+00:00,1,jed-gemini-rlm-x1000-s05,{},macro_f1,True,1.0,3,0.0087282,0.01091025,12072,495,12567,11.584521820768714,0.2003197781741619,350.5625,0.0,350.5625,17.176172288134694,rxnhaystack-human-1.6.0,1.0,not_affected,True
rlm_x1000,x1000-openrouter-full-gemini-3.7-flash-tier3-task6-rlm-x1000-r01,gemini-3.7-flash,Gemini 3.7 Flash,rlm,3,tier3/task6,1000,1,4,succeeded,final,2026-09-22T15:52:29.397791+00:00,1,jed-gemini-rlm-x1000-s01;ground-truth:rxnhaystack-ground-truth-2026-09-25-v2;corrected-score-recovery:rxnhaystack-corrected-score-recovery-2026-09-25-v2,{},macro_f1,True,0.6802631578947369,41,0.21433248000000005,0.26791560000000003,487947,23664,511611,263.0604845955968,6.596822455525398,375.4375,0.0,375.4375,271.1764174476266,rxnhaystack-human-1.6.0,0.668421052631579,corrected_exact_rescore,True
rlm_x1000,x1000-openrouter-full-gemini-3.7-flash-tier3-task6-rlm-x1000-r02,gemini-3.7-flash,Gemini 3.7 Flash,rlm,3,tier3/task6,1000,1,4,succeeded,final,2026-09-22T15:51:01.265752+00:00,1,jed-gemini-rlm-x1000-s02;ground-truth:rxnhaystack-ground-truth-2026-09-25-v2;corrected-score-recovery:rxnhaystack-corrected-score-recovery-2026-09-25-v2,{},macro_f1,True,0.702485380116959,36,0.17582796,0.21978494999999998,388659,16767,405426,211.01889598183334,6.8852588925510645,372.62109375,0.0,372.62109375,219.25506836362183,rxnhaystack-human-1.6.0,0.6906432748538012,corrected_exact_rescore,True
rlm_x1000,x1000-openrouter-full-gemini-3.7-flash-tier3-task6-rlm-x1000-r03,gemini-3.7-flash,Gemini 3.7 Flash,rlm,3,tier3/task6,1000,1,4,succeeded,final,2026-09-22T15:45:30.692871+00:00,1,jed-gemini-rlm-x1000-s03;ground-truth:rxnhaystack-ground-truth-2026-09-25-v2;corrected-score-recovery:rxnhaystack-corrected-score-recovery-2026-09-25-v2,{},macro_f1,True,0.668092105263158,28,0.13681434,0.171017925,260964,13192,274156,142.8535454366356,1.7455529253929853,373.22265625,0.0,373.22265625,179.33672863803804,rxnhaystack-human-1.6.0,0.65625,corrected_exact_rescore,True
rlm_x1000,x1000-openrouter-full-gemini-3.7-flash-tier3-task6-rlm-x1000-r04,gemini-3.7-flash,Gemini 3.7 Flash,rlm,3,tier3/task6,1000,1,4,succeeded,final,2026-09-22T15:46:31.668802+00:00,1,jed-gemini-rlm-x1000-s04;ground-truth:rxnhaystack-ground-truth-2026-09-25-v2;corrected-score-recovery:rxnhaystack-corrected-score-recovery-2026-09-25-v2,{},macro_f1,True,0.668092105263158,43,0.21965274,0.274565925,585887,23468,609355,232.82900745235384,7.042182022705674,372.56640625,0.0,372.56640625,271.86955276317894,rxnhaystack-human-1.6.0,0.65625,corrected_exact_rescore,True
rlm_x1000,x1000-openrouter-full-gemini-3.7-flash-tier3-task6-rlm-x1000-r05,gemini-3.7-flash,Gemini 3.7 Flash,rlm,3,tier3/task6,1000,1,4,succeeded,final,2026-09-22T15:46:15.262502+00:00,1,jed-gemini-rlm-x1000-s05;ground-truth:rxnhaystack-ground-truth-2026-09-25-v2;corrected-score-recovery:rxnhaystack-corrected-score-recovery-2026-09-25-v2,{},macro_f1,True,0.668092105263158,39,0.18106668000000004,0.22633335000000002,431117,17330,448447,196.16298949159682,4.101168025285006,370.70703125,0.0,370.70703125,255.66999447345734,rxnhaystack-human-1.6.0,0.65625,corrected_exact_rescore,True
rlm_x1000,x1000-openrouter-full-gemini-3.7-flash-tier3-task7-rlm-x1000-r01,gemini-3.7-flash,Gemini 3.7 Flash,rlm,3,tier3/task7,1000,1,5,failed,final,2026-09-22T15:46:46.809065+00:00,1,jed-gemini-rlm-x1000-s11,"{""interrupted"": 1}",macro_f1,False,,,,,,,,,,,,,,rxnhaystack-human-1.6.0,,affected_without_historical_score,True
rlm_x1000,x1000-openrouter-full-gemini-3.7-flash-tier3-task7-rlm-x1000-r02,gemini-3.7-flash,Gemini 3.7 Flash,rlm,3,tier3/task7,1000,1,5,succeeded,final,2026-09-22T22:24:37.792966+00:00,3,jed-gemini-rlm-x1000-s12;ground-truth:rxnhaystack-ground-truth-2026-09-25-v2;corrected-score-recovery:rxnhaystack-corrected-score-recovery-2026-09-25-v2,"{""unknown"": 2}",macro_f1,True,0.9389473684210525,34,0.13870014,0.173375175,265019,11512,276531,142.4281218019969,2.4508836359818815,376.57421875,0.0,376.57421875,152.03597691300092,rxnhaystack-human-1.6.0,0.9063063063063062,corrected_exact_rescore,True
rlm_x1000,x1000-openrouter-full-gemini-3.7-flash-tier3-task7-rlm-x1000-r03,gemini-3.7-flash,Gemini 3.7 Flash,rlm,3,tier3/task7,1000,1,5,succeeded,final,2026-09-22T15:43:30.285784+00:00,1,jed-gemini-rlm-x1000-s13;ground-truth:rxnhaystack-ground-truth-2026-09-25-v2;corrected-score-recovery:rxnhaystack-corrected-score-recovery-2026-09-25-v2,{},macro_f1,True,0.9389473684210525,27,0.14413362000000002,0.180167025,214123,10344,224467,151.99021726101637,1.8386820163577795,372.8046875,0.0,372.8046875,182.3981286995113,rxnhaystack-human-1.6.0,0.9063063063063062,corrected_exact_rescore,True
rlm_x1000,x1000-openrouter-full-gemini-3.7-flash-tier3-task7-rlm-x1000-r04,gemini-3.7-flash,Gemini 3.7 Flash,rlm,3,tier3/task7,1000,1,5,succeeded,final,2026-09-22T15:44:50.225028+00:00,1,jed-gemini-rlm-x1000-s14;ground-truth:rxnhaystack-ground-truth-2026-09-25-v2;corrected-score-recovery:rxnhaystack-corrected-score-recovery-2026-09-25-v2,{},macro_f1,True,0.9343589743589742,31,0.1279257,0.159907125,228748,9333,238081,142.91861596237868,2.346510066650808,373.2734375,0.0,373.2734375,147.91103062219918,rxnhaystack-human-1.6.0,0.9017543859649123,corrected_exact_rescore,True
rlm_x1000,x1000-openrouter-full-gemini-3.7-flash-tier3-task7-rlm-x1000-r05,gemini-3.7-flash,Gemini 3.7 Flash,rlm,3,tier3/task7,1000,1,5,succeeded,final,2026-09-22T15:45:12.622735+00:00,1,jed-gemini-rlm-x1000-s15;ground-truth:rxnhaystack-ground-truth-2026-09-25-v2;corrected-score-recovery:rxnhaystack-corrected-score-recovery-2026-09-25-v2,{},macro_f1,True,0.9389473684210525,33,0.17270249999999998,0.21587812499999998,308548,11976,320524,165.49130803532898,2.710791938006878,370.86328125,0.0,370.86328125,170.3301358949393,rxnhaystack-human-1.6.0,0.9063063063063062,corrected_exact_rescore,True
rlm_x1000,x1000-openrouter-full-gemini-3.7-flash-tier3-task8-rlm-x1000-r01,gemini-3.7-flash,Gemini 3.7 Flash,rlm,3,tier3/task8,1000,1,2,succeeded,final,2026-09-22T15:51:09.164472+00:00,1,jed-gemini-rlm-x1000-s06,{},macro_f1,True,0.9933333333333333,16,0.08372076,0.10465094999999999,183390,7358,190748,83.50016875937581,2.1902751084417105,368.1875,0.0,368.1875,88.21043780446053,rxnhaystack-human-1.6.0,0.9933333333333333,not_affected,True
rlm_x1000,x1000-openrouter-full-gemini-3.7-flash-tier3-task8-rlm-x1000-r02,gemini-3.7-flash,Gemini 3.7 Flash,rlm,3,tier3/task8,1000,1,2,succeeded,final,2026-09-22T15:50:13.283075+00:00,1,jed-gemini-rlm-x1000-s07,{},macro_f1,True,0.9021739130434783,33,0.22208874,0.277610925,844816,18846,863662,210.23001016303897,17.855042109265924,460.95703125,0.0,460.95703125,217.8500904571265,rxnhaystack-human-1.6.0,0.9021739130434783,not_affected,True
rlm_x1000,x1000-openrouter-full-gemini-3.7-flash-tier3-task8-rlm-x1000-r03,gemini-3.7-flash,Gemini 3.7 Flash,rlm,3,tier3/task8,1000,1,2,succeeded,final,2026-09-22T15:52:13.475922+00:00,1,jed-gemini-rlm-x1000-s08,{},macro_f1,True,0.8894736842105264,25,0.13835538,0.172944225,390646,11233,401879,128.74686559289694,3.278356796130538,368.3828125,0.0,368.3828125,152.54897825606167,rxnhaystack-human-1.6.0,0.8894736842105264,not_affected,True
rlm_x1000,x1000-openrouter-full-gemini-3.7-flash-tier3-task8-rlm-x1000-r04,gemini-3.7-flash,Gemini 3.7 Flash,rlm,3,tier3/task8,1000,1,2,succeeded,final,2026-09-22T19:15:52.630441+00:00,1,jed-gemini-rlm-x1000-s09,{},macro_f1,True,0.9933333333333333,17,0.07371018,0.092137725,152611,7948,160559,96.17524039186537,3.6387234795838594,367.6171875,0.0,367.6171875,101.5619778688997,rxnhaystack-human-1.6.0,0.9933333333333333,not_affected,True
rlm_x1000,x1000-openrouter-full-gemini-3.7-flash-tier3-task8-rlm-x1000-r05,gemini-3.7-flash,Gemini 3.7 Flash,rlm,3,tier3/task8,1000,1,2,failed,final,2026-09-22T22:17:05.120114+00:00,1,jed-gemini-rlm-x1000-s10,"{""interrupted"": 1}",macro_f1,False,,,,,,,,,,,,,,rxnhaystack-human-1.6.0,,not_affected,True
rlm_x1000,x1000-openrouter-full-gemini-3.7-flash-tier3-task9-rlm-x1000-r01,gemini-3.7-flash,Gemini 3.7 Flash,rlm,3,tier3/task9,1000,1,4,succeeded,final,2026-09-22T15:49:38.867974+00:00,1,jed-gemini-rlm-x1000-s06,{},macro_f1,True,0.9741379310344828,31,0.15581982000000003,0.194774775,339874,14750,354624,168.58989577367902,2.8878310844302177,375.03125,0.0,375.03125,174.3994029685855,rxnhaystack-human-1.6.0,0.9741379310344828,not_affected,True
rlm_x1000,x1000-openrouter-full-gemini-3.7-flash-tier3-task9-rlm-x1000-r02,gemini-3.7-flash,Gemini 3.7 Flash,rlm,3,tier3/task9,1000,1,4,succeeded,final,2026-09-22T15:46:34.193617+00:00,1,jed-gemini-rlm-x1000-s07,{},macro_f1,True,0.961764705882353,33,0.19252626000000003,0.24065782500000002,455367,14189,469556,153.95365621335804,3.3272211756557226,372.453125,0.0,372.453125,160.10215018503368,rxnhaystack-human-1.6.0,0.961764705882353,not_affected,True
rlm_x1000,x1000-openrouter-full-gemini-3.7-flash-tier3-task9-rlm-x1000-r03,gemini-3.7-flash,Gemini 3.7 Flash,rlm,3,tier3/task9,1000,1,4,succeeded,final,2026-09-22T15:49:24.630976+00:00,1,jed-gemini-rlm-x1000-s08,{},macro_f1,True,0.9316542709037638,28,0.14565150000000002,0.182064375,339483,13674,353157,147.87764034233987,2.6557168029248714,375.03125,0.0,375.03125,152.58955505676568,rxnhaystack-human-1.6.0,0.9316542709037638,not_affected,True
rlm_x1000,x1000-openrouter-full-gemini-3.7-flash-tier3-task9-rlm-x1000-r04,gemini-3.7-flash,Gemini 3.7 Flash,rlm,3,tier3/task9,1000,1,4,succeeded,final,2026-09-22T19:14:09.943185+00:00,1,jed-gemini-rlm-x1000-s09,{},macro_f1,True,0.9645225464190982,36,0.20986914000000004,0.26233642500000004,547502,19899,567401,194.4888387788087,17.558922421187162,382.45703125,0.0,382.45703125,203.36781001836061,rxnhaystack-human-1.6.0,0.9645225464190982,not_affected,True
rlm_x1000,x1000-openrouter-full-gemini-3.7-flash-tier3-task9-rlm-x1000-r05,gemini-3.7-flash,Gemini 3.7 Flash,rlm,3,tier3/task9,1000,1,4,succeeded,final,2026-09-22T15:45:58.509837+00:00,1,jed-gemini-rlm-x1000-s10,{},macro_f1,True,0.969235970250169,34,0.17855358,0.223191975,478603,13719,492322,154.97911151871085,2.542903183028102,374.2578125,0.0,374.2578125,184.26381768472493,rxnhaystack-human-1.6.0,0.969235970250169,not_affected,True
rlm_x1000,x1000-openrouter-full-gemini-3.7-flash-tier4-task11-rlm-x1000-r01,gemini-3.7-flash,Gemini 3.7 Flash,rlm,4,tier4/task11,1000,1,2,succeeded,final,2026-09-22T19:14:23.569814+00:00,1,jed-gemini-rlm-x1000-s11,{},macro_f1,True,1.0,5,0.0185664,0.023208,22369,1715,24084,22.14754058420658,1.005723224952817,361.67578125,0.0,361.67578125,27.459755146875978,rxnhaystack-human-1.6.0,1.0,not_affected,True
rlm_x1000,x1000-openrouter-full-gemini-3.7-flash-tier4-task11-rlm-x1000-r02,gemini-3.7-flash,Gemini 3.7 Flash,rlm,4,tier4/task11,1000,1,2,succeeded,final,2026-09-22T15:45:50.782097+00:00,1,jed-gemini-rlm-x1000-s12,{},macro_f1,True,1.0,4,0.0154632,0.019329,17017,1751,18768,19.70237814076245,1.169701486825943,363.234375,0.0,363.234375,27.069426929578185,rxnhaystack-human-1.6.0,1.0,not_affected,True
rlm_x1000,x1000-openrouter-full-gemini-3.7-flash-tier4-task11-rlm-x1000-r03,gemini-3.7-flash,Gemini 3.7 Flash,rlm,4,tier4/task11,1000,1,2,succeeded,final,2026-09-22T19:11:20.702714+00:00,1,jed-gemini-rlm-x1000-s13,{},macro_f1,True,1.0,4,0.0148806,0.01860075,16661,1628,18289,21.161838667467237,1.3281336352229118,368.55859375,0.0,368.55859375,31.718550439924,rxnhaystack-human-1.6.0,1.0,not_affected,True
rlm_x1000,x1000-openrouter-full-gemini-3.7-flash-tier4-task11-rlm-x1000-r04,gemini-3.7-flash,Gemini 3.7 Flash,rlm,4,tier4/task11,1000,1,2,succeeded,final,2026-09-22T19:11:21.852779+00:00,1,jed-gemini-rlm-x1000-s14,{},macro_f1,True,1.0,6,0.0210972,0.0263715,26662,1700,28362,24.21496669203043,1.0610545948147774,372.50390625,0.0,372.50390625,33.163133930414915,rxnhaystack-human-1.6.0,1.0,not_affected,True
rlm_x1000,x1000-openrouter-full-gemini-3.7-flash-tier4-task11-rlm-x1000-r05,gemini-3.7-flash,Gemini 3.7 Flash,rlm,4,tier4/task11,1000,1,2,succeeded,final,2026-09-22T19:11:24.481198+00:00,1,jed-gemini-rlm-x1000-s15,{},macro_f1,True,1.0,6,0.0211356,0.0264195,26471,1751,28222,25.17913999594748,0.9047446642071009,371.3125,0.0,371.3125,34.80248909443617,rxnhaystack-human-1.6.0,1.0,not_affected,True
rlm_x1000,x1000-openrouter-full-gemini-3.7-flash-tier4-task12-rlm-x1000-r01,gemini-3.7-flash,Gemini 3.7 Flash,rlm,4,tier4/task12,1000,1,2,succeeded,final,2026-09-22T15:51:54.032049+00:00,1,jed-gemini-rlm-x1000-s06,{},macro_f1,True,1.0,6,0.027410999999999998,0.034263749999999996,31610,2815,34425,32.153304409235716,1.0143395476043224,360.7734375,0.0,360.7734375,44.351826110854745,rxnhaystack-human-1.6.0,1.0,not_affected,True
rlm_x1000,x1000-openrouter-full-gemini-3.7-flash-tier4-task12-rlm-x1000-r02,gemini-3.7-flash,Gemini 3.7 Flash,rlm,4,tier4/task12,1000,1,2,succeeded,final,2026-09-22T15:50:54.790160+00:00,1,jed-gemini-rlm-x1000-s07,{},macro_f1,True,1.0,4,0.0166326,0.02079075,17571,2030,19601,23.19957677461207,1.1045704521238804,362.46875,0.0,362.46875,27.976199747994542,rxnhaystack-human-1.6.0,1.0,not_affected,True
rlm_x1000,x1000-openrouter-full-gemini-3.7-flash-tier4-task12-rlm-x1000-r03,gemini-3.7-flash,Gemini 3.7 Flash,rlm,4,tier4/task12,1000,1,2,succeeded,final,2026-09-22T15:53:06.101775+00:00,1,jed-gemini-rlm-x1000-s08,{},macro_f1,True,1.0,4,0.0208422,0.02605275,19612,3025,22637,46.73047333210707,0.8564168307930231,363.58203125,0.0,363.58203125,52.19077633135021,rxnhaystack-human-1.6.0,1.0,not_affected,True
rlm_x1000,x1000-openrouter-full-gemini-3.7-flash-tier4-task12-rlm-x1000-r04,gemini-3.7-flash,Gemini 3.7 Flash,rlm,4,tier4/task12,1000,1,2,succeeded,final,2026-09-22T19:16:30.201865+00:00,1,jed-gemini-rlm-x1000-s09,{},macro_f1,True,1.0,6,0.026860799999999997,0.033575999999999995,30808,2792,33600,31.668390687555075,1.0521989203989506,372.06640625,0.0,372.06640625,36.8238589335233,rxnhaystack-human-1.6.0,1.0,not_affected,True
rlm_x1000,x1000-openrouter-full-gemini-3.7-flash-tier4-task12-rlm-x1000-r05,gemini-3.7-flash,Gemini 3.7 Flash,rlm,4,tier4/task12,1000,1,2,succeeded,final,2026-09-22T19:11:23.993458+00:00,1,jed-gemini-rlm-x1000-s10,{},macro_f1,True,1.0,5,0.023047800000000004,0.028809750000000002,25268,2629,27897,28.68392146937549,0.8944698255509138,373.0859375,0.0,373.0859375,37.33912748657167,rxnhaystack-human-1.6.0,1.0,not_affected,True
rlm_x1000,x1000-openrouter-full-gemini-3.7-flash-tier4-task12b-rlm-x1000-r01,gemini-3.7-flash,Gemini 3.7 Flash,rlm,4,tier4/task12b,1000,1,1,succeeded,final,2026-09-22T19:10:33.473617+00:00,1,jed-gemini-rlm-x1000-s06,{},macro_f1,True,1.0,2,0.0065592,0.008199,7762,634,8396,62.027246141806245,0.4512887801975012,345.1953125,0.0,345.1953125,69.03046222776175,rxnhaystack-human-1.6.0,1.0,not_affected,True
rlm_x1000,x1000-openrouter-full-gemini-3.7-flash-tier4-task12b-rlm-x1000-r02,gemini-3.7-flash,Gemini 3.7 Flash,rlm,4,tier4/task12b,1000,1,1,succeeded,final,2026-09-22T15:53:59.697084+00:00,1,jed-gemini-rlm-x1000-s07,{},macro_f1,True,1.0,2,0.0068574,0.00857175,7929,700,8629,61.76192161813378,0.43589847534894943,345.38671875,0.0,345.38671875,66.72118223644793,rxnhaystack-human-1.6.0,1.0,not_affected,True
rlm_x1000,x1000-openrouter-full-gemini-3.7-flash-tier4-task12b-rlm-x1000-r03,gemini-3.7-flash,Gemini 3.7 Flash,rlm,4,tier4/task12b,1000,1,1,succeeded,final,2026-09-22T15:56:20.796272+00:00,1,jed-gemini-rlm-x1000-s08,{},macro_f1,True,1.0,3,0.010094400000000002,0.012618,13039,757,13796,61.87965662777424,0.43763343058526516,344.6796875,0.0,344.6796875,66.67603307962418,rxnhaystack-human-1.6.0,1.0,not_affected,True
rlm_x1000,x1000-openrouter-full-gemini-3.7-flash-tier4-task12b-rlm-x1000-r04,gemini-3.7-flash,Gemini 3.7 Flash,rlm,4,tier4/task12b,1000,1,1,succeeded,final,2026-09-22T22:18:13.441186+00:00,1,jed-gemini-rlm-x1000-s09,{},macro_f1,True,1.0,3,0.01056,0.0132,14000,720,14720,61.53843731433153,0.43812568858265877,346.75390625,0.0,346.75390625,66.99962404184043,rxnhaystack-human-1.6.0,1.0,not_affected,True
rlm_x1000,x1000-openrouter-full-gemini-3.7-flash-tier4-task12b-rlm-x1000-r05,gemini-3.7-flash,Gemini 3.7 Flash,rlm,4,tier4/task12b,1000,1,1,succeeded,final,2026-09-22T19:14:17.641205+00:00,1,jed-gemini-rlm-x1000-s10,{},macro_f1,True,1.0,4,0.014551799999999998,0.018189749999999998,19618,927,20545,68.46303284354508,0.44804967753589153,344.3359375,0.0,344.3359375,74.35803254321218,rxnhaystack-human-1.6.0,1.0,not_affected,True
rlm_x1000,x1000-openrouter-full-gemini-3.7-flash-tier4-task13-rlm-x1000-r01,gemini-3.7-flash,Gemini 3.7 Flash,rlm,4,tier4/task13,1000,1,4,succeeded,final,2026-09-22T19:13:53.854011+00:00,1,jed-gemini-rlm-x1000-s11,{},macro_f1,True,1.0,31,0.15359442,0.19199302499999998,241218,13907,255125,180.45972621440887,3.228095019236207,471.95703125,0.0,471.95703125,189.124460529536,rxnhaystack-human-1.6.0,1.0,not_affected,True
rlm_x1000,x1000-openrouter-full-gemini-3.7-flash-tier4-task13-rlm-x1000-r02,gemini-3.7-flash,Gemini 3.7 Flash,rlm,4,tier4/task13,1000,1,4,succeeded,final,2026-09-22T15:45:21.891282+00:00,1,jed-gemini-rlm-x1000-s12,{},macro_f1,True,1.0,34,0.15073842,0.188423025,268701,14725,283426,163.4537288863212,3.259677428752184,460.1875,0.0,460.1875,201.01063418015838,rxnhaystack-human-1.6.0,1.0,not_affected,True
rlm_x1000,x1000-openrouter-full-gemini-3.7-flash-tier4-task13-rlm-x1000-r03,gemini-3.7-flash,Gemini 3.7 Flash,rlm,4,tier4/task13,1000,1,4,failed,final,2026-09-22T22:17:05.197691+00:00,1,jed-gemini-rlm-x1000-s13,"{""interrupted"": 1}",macro_f1,False,,,,,,,,,,,,,,rxnhaystack-human-1.6.0,,not_affected,True
rlm_x1000,x1000-openrouter-full-gemini-3.7-flash-tier4-task13-rlm-x1000-r04,gemini-3.7-flash,Gemini 3.7 Flash,rlm,4,tier4/task13,1000,1,4,failed,final,2026-09-22T22:17:05.265996+00:00,1,jed-gemini-rlm-x1000-s14,"{""interrupted"": 1}",macro_f1,False,,,,,,,,,,,,,,rxnhaystack-human-1.6.0,,not_affected,True
rlm_x1000,x1000-openrouter-full-gemini-3.7-flash-tier4-task13-rlm-x1000-r05,gemini-3.7-flash,Gemini 3.7 Flash,rlm,4,tier4/task13,1000,1,4,failed,final,2026-09-22T15:46:46.806550+00:00,1,jed-gemini-rlm-x1000-s15,"{""interrupted"": 1}",macro_f1,False,,,,,,,,,,,,,,rxnhaystack-human-1.6.0,,not_affected,True
rlm_x1000,x1000-openrouter-full-gemini-3.7-flash-tier4-task14-rlm-x1000-r01,gemini-3.7-flash,Gemini 3.7 Flash,rlm,4,tier4/task14,1000,1,2,succeeded,final,2026-09-22T19:16:11.557157+00:00,1,jed-gemini-rlm-x1000-s11,{},macro_f1,True,1.0,22,0.09641052000000003,0.12051315000000003,223771,9316,233087,102.0818213224411,3.474868757650256,379.2734375,0.0,379.2734375,107.41759498789907,rxnhaystack-human-1.6.0,1.0,not_affected,True
rlm_x1000,x1000-openrouter-full-gemini-3.7-flash-tier4-task14-rlm-x1000-r02,gemini-3.7-flash,Gemini 3.7 Flash,rlm,4,tier4/task14,1000,1,2,failed,final,2026-09-22T15:46:46.744988+00:00,1,jed-gemini-rlm-x1000-s12,"{""interrupted"": 1}",macro_f1,False,,,,,,,,,,,,,,rxnhaystack-human-1.6.0,,not_affected,True
rlm_x1000,x1000-openrouter-full-gemini-3.7-flash-tier4-task14-rlm-x1000-r03,gemini-3.7-flash,Gemini 3.7 Flash,rlm,4,tier4/task14,1000,1,2,succeeded,final,2026-09-22T19:13:11.499685+00:00,1,jed-gemini-rlm-x1000-s13,{},macro_f1,True,1.0,22,0.099834,0.1247925,221913,10103,232016,103.05914474278688,2.075056066736579,375.50390625,0.0,375.50390625,109.44296953640878,rxnhaystack-human-1.6.0,1.0,not_affected,True
rlm_x1000,x1000-openrouter-full-gemini-3.7-flash-tier4-task14-rlm-x1000-r04,gemini-3.7-flash,Gemini 3.7 Flash,rlm,4,tier4/task14,1000,1,2,succeeded,final,2026-09-22T19:13:21.847461+00:00,1,jed-gemini-rlm-x1000-s14,{},macro_f1,True,1.0,25,0.11828730000000001,0.147859125,274328,11613,285941,114.17603033781052,3.1277006790041924,374.140625,0.0,374.140625,119.43662185966969,rxnhaystack-human-1.6.0,1.0,not_affected,True
rlm_x1000,x1000-openrouter-full-gemini-3.7-flash-tier4-task14-rlm-x1000-r05,gemini-3.7-flash,Gemini 3.7 Flash,rlm,4,tier4/task14,1000,1,2,succeeded,final,2026-09-22T19:13:23.200950+00:00,1,jed-gemini-rlm-x1000-s15,{},macro_f1,True,1.0,22,0.10325850000000002,0.129073125,251942,10375,262317,105.26350278407335,3.769019577652216,377.0,0.0,377.0,113.45845505222678,rxnhaystack-human-1.6.0,1.0,not_affected,True
rlm_x1000,x1000-openrouter-full-gemini-3.7-flash-tier4-task15-rlm-x1000-r01,gemini-3.7-flash,Gemini 3.7 Flash,rlm,4,tier4/task15,1000,1,4,succeeded,final,2026-09-22T15:54:54.378497+00:00,1,jed-gemini-rlm-x1000-s01;ground-truth:rxnhaystack-ground-truth-2026-09-25-v2;corrected-score-recovery:rxnhaystack-corrected-score-recovery-2026-09-25-v2,{},macro_reaction_f1,True,1.0,17,0.0778809,0.097351125,102172,8450,110622,90.25923782214522,3.482025871053338,454.3046875,0.0,454.3046875,116.37274111621082,rxnhaystack-human-1.6.0,1.0,corrected_exact_rescore,True
rlm_x1000,x1000-openrouter-full-gemini-3.7-flash-tier4-task15-rlm-x1000-r02,gemini-3.7-flash,Gemini 3.7 Flash,rlm,4,tier4/task15,1000,1,4,succeeded,final,2026-09-22T15:52:22.700846+00:00,1,jed-gemini-rlm-x1000-s02;ground-truth:rxnhaystack-ground-truth-2026-09-25-v2;corrected-score-recovery:rxnhaystack-corrected-score-recovery-2026-09-25-v2,{},macro_reaction_f1,True,0.5,10,0.04997634,0.062470424999999996,53521,7416,60937,71.80529446341097,2.9803319331258535,445.9453125,0.0,445.9453125,78.38530910201371,rxnhaystack-human-1.6.0,0.5,corrected_exact_rescore,True
rlm_x1000,x1000-openrouter-full-gemini-3.7-flash-tier4-task15-rlm-x1000-r03,gemini-3.7-flash,Gemini 3.7 Flash,rlm,4,tier4/task15,1000,1,4,succeeded,final,2026-09-22T15:47:19.752020+00:00,1,jed-gemini-rlm-x1000-s03;ground-truth:rxnhaystack-ground-truth-2026-09-25-v2;corrected-score-recovery:rxnhaystack-corrected-score-recovery-2026-09-25-v2,{},macro_reaction_f1,True,1.0,17,0.07426920000000002,0.09283650000000002,100608,7558,108166,76.4633331540972,2.8238145858049393,503.09375,0.0,503.09375,81.59583311527967,rxnhaystack-human-1.6.0,1.0,corrected_exact_rescore,True
rlm_x1000,x1000-openrouter-full-gemini-3.7-flash-tier4-task15-rlm-x1000-r04,gemini-3.7-flash,Gemini 3.7 Flash,rlm,4,tier4/task15,1000,1,4,succeeded,final,2026-09-22T15:48:40.508142+00:00,1,jed-gemini-rlm-x1000-s04;ground-truth:rxnhaystack-ground-truth-2026-09-25-v2;corrected-score-recovery:rxnhaystack-corrected-score-recovery-2026-09-25-v2,{},macro_reaction_f1,True,1.0,15,0.07857138000000001,0.098214225,89993,10383,100376,102.58049147576094,3.020924549549818,496.30078125,0.0,496.30078125,128.30878813192248,rxnhaystack-human-1.6.0,1.0,corrected_exact_rescore,True
rlm_x1000,x1000-openrouter-full-gemini-3.7-flash-tier4-task15-rlm-x1000-r05,gemini-3.7-flash,Gemini 3.7 Flash,rlm,4,tier4/task15,1000,1,4,succeeded,final,2026-09-22T15:48:38.528474+00:00,1,jed-gemini-rlm-x1000-s05;ground-truth:rxnhaystack-ground-truth-2026-09-25-v2;corrected-score-recovery:rxnhaystack-corrected-score-recovery-2026-09-25-v2,{},macro_reaction_f1,True,1.0,15,0.06870078,0.085875975,90565,7711,98276,87.49775020591915,2.6439384762197733,493.14453125,0.0,493.14453125,108.47857009619474,rxnhaystack-human-1.6.0,1.0,corrected_exact_rescore,True
