study,arm,model,model_label,context,condition,tier,task,repetition,question_count,status,f1,score_available,original_f1,score_correction_status,ground_truth_version,calls,cost_usd,input_tokens,output_tokens,total_tokens,latency_seconds,tool_time_seconds,process_wall_time_seconds,peak_combined_memory_mib,run_id,result_updated_at,sources
matched_cardinality,matched-provisional,RCP-AIaaS/Qwen/Qwen3.5-397B-A17B,Qwen 3.5,100,scale-x100-k1,1,tier1/task1,1,10,succeeded,1.0,True,1.0,not_affected,rxnhaystack-human-1.6.0,70,0.23628552999999997,544929,22748,567677,629.9233348648995,0.014466026797890663,653.5650150123984,390.62109375,matched-qwen3.5-397b-tier1-task1-scale-x100-k1-r01,2026-09-19T20:06:46.984135+00:00,jed25-qwen-matched-openrouter-pilot
matched_cardinality,matched-provisional,RCP-AIaaS/Qwen/Qwen3.5-397B-A17B,Qwen 3.5,100,scale-x100-k1,1,tier1/task1,2,10,succeeded,1.0,True,1.0,not_affected,rxnhaystack-human-1.6.0,86,0.28339165000000005,743155,22386,765541,600.4079471509904,0.015170152299106121,606.8687426359393,389.8203125,matched-qwen3.5-397b-tier1-task1-scale-x100-k1-r02,2026-09-19T20:16:59.702632+00:00,jed25-qwen-matched-openrouter-s1
matched_cardinality,matched-provisional,RCP-AIaaS/Qwen/Qwen3.5-397B-A17B,Qwen 3.5,100,scale-x100-k1,1,tier1/task1,3,10,succeeded,0.9,True,0.9,not_affected,rxnhaystack-human-1.6.0,71,0.25248791000000004,488615,30352,518967,568.720839837566,22.671806877478957,575.6847384124994,392.2109375,matched-qwen3.5-397b-tier1-task1-scale-x100-k1-r03,2026-09-19T20:17:26.196981+00:00,jed25-qwen-matched-openrouter-s2
matched_cardinality,matched-provisional,RCP-AIaaS/Qwen/Qwen3.5-397B-A17B,Qwen 3.5,100,scale-x100-k1,1,tier1/task1,4,10,succeeded,0.9,True,0.9,not_affected,rxnhaystack-human-1.6.0,95,0.27340986,705941,26047,731988,565.704798379913,0.02746758423745632,630.6688519474119,388.3828125,matched-qwen3.5-397b-tier1-task1-scale-x100-k1-r04,2026-09-19T22:44:17.176410+00:00,jed25-qwen-matched-openrouter-s3;jed25-r2-qwen-matched-openrouter-repair1
matched_cardinality,matched-provisional,RCP-AIaaS/Qwen/Qwen3.5-397B-A17B,Qwen 3.5,100,scale-x100-k1,1,tier1/task1,5,10,succeeded,1.0,True,1.0,not_affected,rxnhaystack-human-1.6.0,67,0.22071835,430713,28422,459135,675.3351657139137,161.24823929462582,681.8574927998707,393.37890625,matched-qwen3.5-397b-tier1-task1-scale-x100-k1-r05,2026-09-19T20:18:17.227884+00:00,jed25-qwen-matched-openrouter-s4
matched_cardinality,matched-provisional,RCP-AIaaS/Qwen/Qwen3.5-397B-A17B,Qwen 3.5,500,scale-x500-k1,1,tier1/task1,1,10,succeeded,1.0,True,1.0,not_affected,rxnhaystack-human-1.6.0,73,0.20064087,466341,20125,486466,485.511421576608,0.01883932901546359,489.0713688940741,385.61328125,matched-qwen3.5-397b-tier1-task1-scale-x500-k1-r01,2026-09-19T20:25:09.654318+00:00,jed25-qwen-matched-openrouter-s1
matched_cardinality,matched-provisional,RCP-AIaaS/Qwen/Qwen3.5-397B-A17B,Qwen 3.5,500,scale-x500-k1,1,tier1/task1,2,10,succeeded,1.0,True,1.0,not_affected,rxnhaystack-human-1.6.0,72,0.24084441,489562,28666,518228,798.2353684324771,113.70109583996236,885.2512029763311,382.38671875,matched-qwen3.5-397b-tier1-task1-scale-x500-k1-r02,2026-09-19T20:32:19.562532+00:00,jed25-qwen-matched-openrouter-s2
matched_cardinality,matched-provisional,RCP-AIaaS/Qwen/Qwen3.5-397B-A17B,Qwen 3.5,500,scale-x500-k1,1,tier1/task1,3,10,succeeded,1.0,True,1.0,not_affected,rxnhaystack-human-1.6.0,85,0.25184850000000003,576548,25801,602349,532.3626390136778,0.027896729297935963,536.3564956625924,381.3828125,matched-qwen3.5-397b-tier1-task1-scale-x500-k1-r03,2026-09-19T20:18:47.954147+00:00,jed25-qwen-matched-openrouter-s3
matched_cardinality,matched-provisional,RCP-AIaaS/Qwen/Qwen3.5-397B-A17B,Qwen 3.5,500,scale-x500-k1,1,tier1/task1,4,10,succeeded,1.0,True,1.0,not_affected,rxnhaystack-human-1.6.0,67,0.17824558,413772,18947,432719,584.7307006772608,0.021260096691548824,588.8975580269471,380.94140625,matched-qwen3.5-397b-tier1-task1-scale-x500-k1-r04,2026-09-19T20:28:40.724522+00:00,jed25-qwen-matched-openrouter-s4
matched_cardinality,matched-provisional,RCP-AIaaS/Qwen/Qwen3.5-397B-A17B,Qwen 3.5,500,scale-x500-k1,1,tier1/task1,5,10,succeeded,1.0,True,1.0,not_affected,rxnhaystack-human-1.6.0,77,0.30498044999999996,504965,51381,556346,788.8671329831704,206.35028371959925,792.397505399771,381.9296875,matched-qwen3.5-397b-tier1-task1-scale-x500-k1-r05,2026-09-19T20:38:22.894559+00:00,jed25-qwen-matched-openrouter-s1
matched_cardinality,matched-provisional,RCP-AIaaS/Qwen/Qwen3.5-397B-A17B,Qwen 3.5,5000,scale-x5000-k1,1,tier1/task1,1,10,succeeded,1.0,True,1.0,not_affected,rxnhaystack-human-1.6.0,72,0.23736980999999996,469838,24438,494276,554.4755233433098,0.0699712336063385,559.2967591546476,385.22265625,matched-qwen3.5-397b-tier1-task1-scale-x5000-k1-r01,2026-09-19T20:41:41.010765+00:00,jed25-qwen-matched-openrouter-s2
matched_cardinality,matched-provisional,RCP-AIaaS/Qwen/Qwen3.5-397B-A17B,Qwen 3.5,5000,scale-x5000-k1,1,tier1/task1,2,10,succeeded,1.0,True,1.0,not_affected,rxnhaystack-human-1.6.0,73,0.2620915,486515,24820,511335,415.2086016125977,0.09272356145083904,422.2859312649816,398.28125,matched-qwen3.5-397b-tier1-task1-scale-x5000-k1-r02,2026-09-19T22:38:27.294797+00:00,jed25-qwen-matched-openrouter-s3;jed25-r2-qwen-matched-openrouter-repair2
matched_cardinality,matched-provisional,RCP-AIaaS/Qwen/Qwen3.5-397B-A17B,Qwen 3.5,5000,scale-x5000-k1,1,tier1/task1,3,10,succeeded,1.0,True,1.0,not_affected,rxnhaystack-human-1.6.0,65,0.18531837,377444,21421,398865,638.3653393136337,0.06510408222675323,736.288664936088,393.36328125,matched-qwen3.5-397b-tier1-task1-scale-x5000-k1-r03,2026-09-19T20:41:17.159669+00:00,jed25-qwen-matched-openrouter-s4
matched_cardinality,matched-provisional,RCP-AIaaS/Qwen/Qwen3.5-397B-A17B,Qwen 3.5,5000,scale-x5000-k1,1,tier1/task1,4,10,succeeded,1.0,True,1.0,not_affected,rxnhaystack-human-1.6.0,70,0.23397017,419232,22594,441826,490.08833909779787,0.05048463074490428,493.45087635470554,393.6796875,matched-qwen3.5-397b-tier1-task1-scale-x5000-k1-r04,2026-09-19T20:46:37.183602+00:00,jed25-qwen-matched-openrouter-s1
matched_cardinality,matched-provisional,RCP-AIaaS/Qwen/Qwen3.5-397B-A17B,Qwen 3.5,5000,scale-x5000-k1,1,tier1/task1,5,10,succeeded,1.0,True,1.0,not_affected,rxnhaystack-human-1.6.0,91,0.28136451999999995,611735,30792,642527,893.1161419134587,0.06091325543820858,896.7569454759359,388.82421875,matched-qwen3.5-397b-tier1-task1-scale-x5000-k1-r05,2026-09-19T20:57:20.510570+00:00,jed25-qwen-matched-openrouter-s2
matched_cardinality,matched-provisional,RCP-AIaaS/Qwen/Qwen3.5-397B-A17B,Qwen 3.5,50000,scale-x50000-k1,1,tier1/task1,1,10,succeeded,0.9,True,0.9,not_affected,rxnhaystack-human-1.6.0,70,0.22594686000000003,413044,26246,439290,714.2901386190206,0.5552191138267517,718.0956309353933,444.85546875,matched-qwen3.5-397b-tier1-task1-scale-x50000-k1-r01,2026-09-19T20:32:31.310610+00:00,jed25-qwen-matched-openrouter-s3
matched_cardinality,matched-provisional,RCP-AIaaS/Qwen/Qwen3.5-397B-A17B,Qwen 3.5,50000,scale-x50000-k1,1,tier1/task1,2,10,succeeded,1.0,True,1.0,not_affected,rxnhaystack-human-1.6.0,79,0.28031321,582078,27569,609647,555.9613985307515,0.7705351887270808,595.2728514717892,454.46875,matched-qwen3.5-397b-tier1-task1-scale-x50000-k1-r02,2026-09-19T20:51:13.434226+00:00,jed25-qwen-matched-openrouter-s4
matched_cardinality,matched-provisional,RCP-AIaaS/Qwen/Qwen3.5-397B-A17B,Qwen 3.5,50000,scale-x50000-k1,1,tier1/task1,3,10,succeeded,1.0,True,1.0,not_affected,rxnhaystack-human-1.6.0,84,0.28335433,608780,30335,639115,871.6137633537874,0.2774223699234426,875.2881841468625,446.06640625,matched-qwen3.5-397b-tier1-task1-scale-x50000-k1-r03,2026-09-19T21:01:13.266025+00:00,jed25-qwen-matched-openrouter-s1
matched_cardinality,matched-provisional,RCP-AIaaS/Qwen/Qwen3.5-397B-A17B,Qwen 3.5,50000,scale-x50000-k1,1,tier1/task1,4,10,succeeded,1.0,True,1.0,not_affected,rxnhaystack-human-1.6.0,83,,441691,26042,467733,804.8769039995968,42.682772321626544,,,matched-qwen3.5-397b-tier1-task1-scale-x50000-k1-r04,2026-09-19T22:20:49.448848+00:00,jed25-qwen-matched-openrouter-s2
matched_cardinality,matched-provisional,RCP-AIaaS/Qwen/Qwen3.5-397B-A17B,Qwen 3.5,50000,scale-x50000-k1,1,tier1/task1,5,10,succeeded,1.0,True,1.0,not_affected,rxnhaystack-human-1.6.0,68,0.23282672,443584,25758,469342,566.9068466918543,0.39509983640164137,612.664253228344,457.10546875,matched-qwen3.5-397b-tier1-task1-scale-x50000-k1-r05,2026-09-19T20:42:45.798603+00:00,jed25-qwen-matched-openrouter-s3
matched_cardinality,matched-provisional,RCP-AIaaS/Qwen/Qwen3.5-397B-A17B,Qwen 3.5,full,scale-xfull-k1,1,tier1/task1,1,10,succeeded,1.0,True,1.0,not_affected,rxnhaystack-human-1.6.0,67,0.19630416,387495,22794,410289,1175.0041957870126,0.9633008874952793,1229.6933592353016,555.41015625,matched-qwen3.5-397b-tier1-task1-scale-xfull-k1-r01,2026-09-19T21:11:45.360514+00:00,jed25-qwen-matched-openrouter-s4
matched_cardinality,matched-provisional,RCP-AIaaS/Qwen/Qwen3.5-397B-A17B,Qwen 3.5,full,scale-xfull-k1,1,tier1/task1,2,10,succeeded,1.0,True,1.0,not_affected,rxnhaystack-human-1.6.0,73,0.21982195999999998,497335,21639,518974,1472.417426991742,0.7759585659950972,1500.4838319183327,538.13671875,matched-qwen3.5-397b-tier1-task1-scale-xfull-k1-r02,2026-09-19T21:26:14.595877+00:00,jed25-qwen-matched-openrouter-s1
matched_cardinality,matched-provisional,RCP-AIaaS/Qwen/Qwen3.5-397B-A17B,Qwen 3.5,full,scale-xfull-k1,1,tier1/task1,3,10,succeeded,1.0,True,1.0,not_affected,rxnhaystack-human-1.6.0,68,0.19987425000000003,448713,22132,470845,2180.8297931794077,1.002217011526227,2220.8032633718103,572.359375,matched-qwen3.5-397b-tier1-task1-scale-xfull-k1-r03,2026-09-19T21:49:24.231476+00:00,jed25-qwen-matched-openrouter-s2
matched_cardinality,matched-provisional,RCP-AIaaS/Qwen/Qwen3.5-397B-A17B,Qwen 3.5,full,scale-xfull-k1,1,tier1/task1,4,10,succeeded,1.0,True,1.0,not_affected,rxnhaystack-human-1.6.0,98,,509724,27318,537042,1200.328975358978,30.40522218402475,,,matched-qwen3.5-397b-tier1-task1-scale-xfull-k1-r04,2026-09-19T22:22:00.303195+00:00,jed25-qwen-matched-openrouter-s3
matched_cardinality,matched-provisional,RCP-AIaaS/Qwen/Qwen3.5-397B-A17B,Qwen 3.5,full,scale-xfull-k1,1,tier1/task1,5,10,succeeded,1.0,True,1.0,not_affected,rxnhaystack-human-1.6.0,71,0.20059765,424289,23080,447369,2054.2245538076386,0.9394770031794906,2104.424450906925,574.5390625,matched-qwen3.5-397b-tier1-task1-scale-xfull-k1-r05,2026-09-19T21:48:42.678686+00:00,jed25-qwen-matched-openrouter-s4
matched_cardinality,matched-provisional,RCP-AIaaS/Qwen/Qwen3.5-397B-A17B,Qwen 3.5,5000,cardinality-x5000-k20,2,tier2/task2,1,6,succeeded,1.0,True,1.0,not_affected,rxnhaystack-human-1.6.0,53,0.21905502,440783,23617,464400,523.0187332350761,9.909076573327184,531.8192841205746,408.2578125,matched-qwen3.5-397b-tier2-task2-cardinality-x5000-k20-r01,2026-09-19T22:40:16.822260+00:00,jed25-qwen-matched-openrouter-s1;jed25-r2-qwen-matched-openrouter-repair3
matched_cardinality,matched-provisional,RCP-AIaaS/Qwen/Qwen3.5-397B-A17B,Qwen 3.5,5000,cardinality-x5000-k20,2,tier2/task2,2,6,succeeded,0.9722222222222222,True,0.9722222222222222,not_affected,rxnhaystack-human-1.6.0,79,0.29477874000000004,710001,29749,739750,703.5619371738285,8.271267883479595,822.803857985884,414.97265625,matched-qwen3.5-397b-tier2-task2-cardinality-x5000-k20-r02,2026-09-19T22:46:38.315684+00:00,jed25-qwen-matched-openrouter-s2;jed25-r2-qwen-matched-openrouter-repair4
matched_cardinality,matched-provisional,RCP-AIaaS/Qwen/Qwen3.5-397B-A17B,Qwen 3.5,5000,cardinality-x5000-k20,2,tier2/task2,3,6,succeeded,1.0,True,1.0,not_affected,rxnhaystack-human-1.6.0,53,0.22666719,447046,23806,470852,903.0151106258854,9.84521615691483,932.3467889903113,410.40234375,matched-qwen3.5-397b-tier2-task2-cardinality-x5000-k20-r03,2026-09-19T21:21:39.959856+00:00,jed25-qwen-matched-openrouter-s3
matched_cardinality,matched-provisional,RCP-AIaaS/Qwen/Qwen3.5-397B-A17B,Qwen 3.5,5000,cardinality-x5000-k20,2,tier2/task2,4,6,succeeded,0.8333333333333334,True,0.8333333333333334,not_affected,rxnhaystack-human-1.6.0,49,0.17812014,357249,20464,377713,484.6834466215223,8.271123507991433,547.8706730268896,401.66015625,matched-qwen3.5-397b-tier2-task2-cardinality-x5000-k20-r04,2026-09-19T22:55:13.214731+00:00,jed25-qwen-matched-openrouter-s4;jed25-r2-qwen-matched-openrouter-repair1
matched_cardinality,matched-provisional,RCP-AIaaS/Qwen/Qwen3.5-397B-A17B,Qwen 3.5,5000,cardinality-x5000-k20,2,tier2/task2,5,6,succeeded,0.9920634920634921,True,0.9920634920634921,not_affected,rxnhaystack-human-1.6.0,73,0.28587040999999996,626085,33341,659426,740.5823897626251,9.551173567771912,909.6835977714509,417.0078125,matched-qwen3.5-397b-tier2-task2-cardinality-x5000-k20-r05,2026-09-19T22:55:15.963211+00:00,jed25-qwen-matched-openrouter-s1;jed25-r2-qwen-matched-openrouter-repair2
matched_cardinality,matched-provisional,RCP-AIaaS/Qwen/Qwen3.5-397B-A17B,Qwen 3.5,5000,cardinality-x5000-k5,2,tier2/task2,1,6,succeeded,0.9722222222222222,True,0.9722222222222222,not_affected,rxnhaystack-human-1.6.0,162,0.55077484,1446120,54955,1501075,1390.0972208306193,8.296256508678198,1459.70200538449,407.0703125,matched-qwen3.5-397b-tier2-task2-cardinality-x5000-k5-r01,2026-09-19T23:04:38.641229+00:00,jed25-qwen-matched-openrouter-s2;jed25-r2-qwen-matched-openrouter-repair3
matched_cardinality,matched-provisional,RCP-AIaaS/Qwen/Qwen3.5-397B-A17B,Qwen 3.5,5000,cardinality-x5000-k5,2,tier2/task2,2,6,succeeded,1.0,True,1.0,not_affected,rxnhaystack-human-1.6.0,60,0.22394255,475296,26468,501764,1892.6595149431378,11.224176284857094,1973.470288330689,415.82421875,matched-qwen3.5-397b-tier2-task2-cardinality-x5000-k5-r02,2026-09-19T21:55:54.755783+00:00,jed25-qwen-matched-openrouter-s3
matched_cardinality,matched-provisional,RCP-AIaaS/Qwen/Qwen3.5-397B-A17B,Qwen 3.5,5000,cardinality-x5000-k5,2,tier2/task2,3,6,succeeded,0.9848484848484849,True,0.9848484848484849,not_affected,rxnhaystack-human-1.6.0,162,0.6403018600000001,1736968,62526,1799494,1602.2070816494524,8.094187749549747,1761.8726681396365,422.74609375,matched-qwen3.5-397b-tier2-task2-cardinality-x5000-k5-r03,2026-09-19T23:16:44.874098+00:00,jed25-r2-qwen-matched-openrouter-repair4
matched_cardinality,matched-provisional,RCP-AIaaS/Qwen/Qwen3.5-397B-A17B,Qwen 3.5,5000,cardinality-x5000-k5,2,tier2/task2,4,6,succeeded,0.9848484848484849,True,0.9848484848484849,not_affected,rxnhaystack-human-1.6.0,139,0.5161508,1388200,50691,1438891,1370.6821274925023,12.699520444497466,1432.7590645011514,412.3125,matched-qwen3.5-397b-tier2-task2-cardinality-x5000-k5-r04,2026-09-19T23:19:53.155728+00:00,jed25-qwen-matched-openrouter-s1;jed25-r2-qwen-matched-openrouter-repair1
matched_cardinality,matched-provisional,RCP-AIaaS/Qwen/Qwen3.5-397B-A17B,Qwen 3.5,5000,cardinality-x5000-k5,2,tier2/task2,5,6,succeeded,1.0,True,1.0,not_affected,rxnhaystack-human-1.6.0,137,0.5397331200000001,1360728,59751,1420479,1428.3883300554007,10.779723580926657,1474.1895389072597,405.34765625,matched-qwen3.5-397b-tier2-task2-cardinality-x5000-k5-r05,2026-09-19T23:21:29.182099+00:00,jed25-r2-qwen-matched-openrouter-repair2
matched_cardinality,matched-provisional,RCP-AIaaS/Qwen/Qwen3.5-397B-A17B,Qwen 3.5,100,scale-x100-k1,2,tier2/task2,1,6,succeeded,1.0,True,1.0,not_affected,rxnhaystack-human-1.6.0,75,0.34802025000000003,827228,32103,859331,876.0491029545665,0.32328260503709316,921.1052378155291,399.0,matched-qwen3.5-397b-tier2-task2-scale-x100-k1-r01,2026-09-19T23:21:30.901909+00:00,jed25-qwen-matched-openrouter-s3;jed25-r2-qwen-matched-openrouter-repair3
matched_cardinality,matched-provisional,RCP-AIaaS/Qwen/Qwen3.5-397B-A17B,Qwen 3.5,100,scale-x100-k1,2,tier2/task2,2,6,succeeded,1.0,True,1.0,not_affected,rxnhaystack-human-1.6.0,60,0.28771255,593053,22535,615588,494.03435631096363,0.29046473279595375,537.9152469113469,401.05078125,matched-qwen3.5-397b-tier2-task2-scale-x100-k1-r02,2026-09-19T23:26:21.325553+00:00,jed25-r2-qwen-matched-openrouter-repair4
matched_cardinality,matched-provisional,RCP-AIaaS/Qwen/Qwen3.5-397B-A17B,Qwen 3.5,100,scale-x100-k1,2,tier2/task2,3,6,succeeded,1.0,True,1.0,not_affected,rxnhaystack-human-1.6.0,52,0.22313576999999998,451646,21575,473221,656.3401845153421,0.28582387045025826,764.1426884569228,403.33203125,matched-qwen3.5-397b-tier2-task2-scale-x100-k1-r03,2026-09-19T23:33:35.493625+00:00,jed25-qwen-matched-openrouter-s1;jed25-r2-qwen-matched-openrouter-repair1
matched_cardinality,matched-provisional,RCP-AIaaS/Qwen/Qwen3.5-397B-A17B,Qwen 3.5,100,scale-x100-k1,2,tier2/task2,4,6,succeeded,1.0,True,1.0,not_affected,rxnhaystack-human-1.6.0,58,0.28426854,691524,24490,716014,779.4298139046878,0.38179947063326836,815.9411903936416,398.05859375,matched-qwen3.5-397b-tier2-task2-scale-x100-k1-r04,2026-09-19T23:35:25.526617+00:00,jed25-r2-qwen-matched-openrouter-repair2
matched_cardinality,matched-provisional,RCP-AIaaS/Qwen/Qwen3.5-397B-A17B,Qwen 3.5,100,scale-x100-k1,2,tier2/task2,5,6,succeeded,1.0,True,1.0,not_affected,rxnhaystack-human-1.6.0,51,0.24985974,598216,20610,618826,702.0004480239004,0.28891383670270443,802.221038363874,401.0234375,matched-qwen3.5-397b-tier2-task2-scale-x100-k1-r05,2026-09-19T23:34:53.805792+00:00,jed25-qwen-matched-openrouter-s3;jed25-r2-qwen-matched-openrouter-repair3
matched_cardinality,matched-provisional,RCP-AIaaS/Qwen/Qwen3.5-397B-A17B,Qwen 3.5,500,scale-x500-k1,2,tier2/task2,1,6,succeeded,1.0,True,1.0,not_affected,rxnhaystack-human-1.6.0,62,0.25223431,542135,26727,568862,478.7815936990082,1.665100945159793,521.6658097170293,401.2265625,matched-qwen3.5-397b-tier2-task2-scale-x500-k1-r01,2026-09-19T23:37:05.319031+00:00,jed25-r2-qwen-matched-openrouter-repair4
matched_cardinality,matched-provisional,RCP-AIaaS/Qwen/Qwen3.5-397B-A17B,Qwen 3.5,500,scale-x500-k1,2,tier2/task2,2,6,succeeded,1.0,True,1.0,not_affected,rxnhaystack-human-1.6.0,57,0.22179625999999997,463747,24410,488157,383.32205621898174,1.4565180093050003,390.304895542562,392.12109375,matched-qwen3.5-397b-tier2-task2-scale-x500-k1-r02,2026-09-19T23:40:08.500889+00:00,jed25-r2-qwen-matched-openrouter-repair1
matched_cardinality,matched-provisional,RCP-AIaaS/Qwen/Qwen3.5-397B-A17B,Qwen 3.5,500,scale-x500-k1,2,tier2/task2,3,6,succeeded,1.0,True,1.0,not_affected,rxnhaystack-human-1.6.0,53,0.22436273,456678,24417,481095,386.4040426630527,1.6507130060344934,453.1226097457111,391.765625,matched-qwen3.5-397b-tier2-task2-scale-x500-k1-r03,2026-09-19T23:43:52.753473+00:00,jed25-r2-qwen-matched-openrouter-repair2
matched_cardinality,matched-provisional,RCP-AIaaS/Qwen/Qwen3.5-397B-A17B,Qwen 3.5,500,scale-x500-k1,2,tier2/task2,4,6,succeeded,1.0,True,1.0,not_affected,rxnhaystack-human-1.6.0,66,0.24350524000000004,548155,25782,573937,541.37591515854,1.154399985447526,637.1491752006114,397.2265625,matched-qwen3.5-397b-tier2-task2-scale-x500-k1-r04,2026-09-19T23:46:34.877197+00:00,jed25-r2-qwen-matched-openrouter-repair3
matched_cardinality,matched-provisional,RCP-AIaaS/Qwen/Qwen3.5-397B-A17B,Qwen 3.5,500,scale-x500-k1,2,tier2/task2,5,6,succeeded,1.0,True,1.0,not_affected,rxnhaystack-human-1.6.0,66,0.25424705000000003,584938,25844,610782,560.4272977355868,1.1437735501676798,599.6831313911825,397.37890625,matched-qwen3.5-397b-tier2-task2-scale-x500-k1-r05,2026-09-19T23:48:22.461755+00:00,jed25-r2-qwen-matched-openrouter-repair4
matched_cardinality,matched-provisional,RCP-AIaaS/Qwen/Qwen3.5-397B-A17B,Qwen 3.5,5000,scale-x5000-k1,2,tier2/task2,1,6,succeeded,1.0,True,1.0,not_affected,rxnhaystack-human-1.6.0,54,0.25153726000000004,458061,25274,483335,562.4824229013175,14.422423299401999,611.4967151079327,409.96484375,matched-qwen3.5-397b-tier2-task2-scale-x5000-k1-r01,2026-09-19T23:51:06.643275+00:00,jed25-r2-qwen-matched-openrouter-repair1
matched_cardinality,matched-provisional,RCP-AIaaS/Qwen/Qwen3.5-397B-A17B,Qwen 3.5,5000,scale-x5000-k1,2,tier2/task2,2,6,succeeded,1.0,True,1.0,not_affected,rxnhaystack-human-1.6.0,50,0.22450050000000002,421394,25142,446536,490.7050024177879,14.903565367683768,516.1909385416657,405.29296875,matched-qwen3.5-397b-tier2-task2-scale-x5000-k1-r02,2026-09-19T23:53:29.548031+00:00,jed25-r2-qwen-matched-openrouter-repair2
matched_cardinality,matched-provisional,RCP-AIaaS/Qwen/Qwen3.5-397B-A17B,Qwen 3.5,5000,scale-x5000-k1,2,tier2/task2,3,6,succeeded,1.0,True,1.0,not_affected,rxnhaystack-human-1.6.0,51,0.20245739000000001,394758,22969,417727,387.06209932640195,12.266862832009792,413.525099972263,406.30859375,matched-qwen3.5-397b-tier2-task2-scale-x5000-k1-r03,2026-09-19T23:53:29.245720+00:00,jed25-r2-qwen-matched-openrouter-repair3
matched_cardinality,matched-provisional,RCP-AIaaS/Qwen/Qwen3.5-397B-A17B,Qwen 3.5,5000,scale-x5000-k1,2,tier2/task2,4,6,succeeded,1.0,True,1.0,not_affected,rxnhaystack-human-1.6.0,43,0.1598554,293678,19395,313073,305.60255099087954,9.526405166834593,371.60918586328626,401.50390625,matched-qwen3.5-397b-tier2-task2-scale-x5000-k1-r04,2026-09-19T23:56:27.271142+00:00,jed25-r2-qwen-matched-openrouter-repair4
matched_cardinality,matched-provisional,RCP-AIaaS/Qwen/Qwen3.5-397B-A17B,Qwen 3.5,5000,scale-x5000-k1,2,tier2/task2,5,6,succeeded,1.0,True,1.0,not_affected,rxnhaystack-human-1.6.0,58,0.22365893000000006,469469,25940,495409,542.9423632286489,17.515800077468157,663.9307243078947,408.265625,matched-qwen3.5-397b-tier2-task2-scale-x5000-k1-r05,2026-09-20T00:04:10.551049+00:00,jed25-r2-qwen-matched-openrouter-repair1
matched_cardinality,matched-provisional,RCP-AIaaS/Qwen/Qwen3.5-397B-A17B,Qwen 3.5,50000,scale-x50000-k1,2,tier2/task2,1,6,succeeded,1.0,True,1.0,not_affected,rxnhaystack-human-1.6.0,54,0.22947036000000004,449049,23529,472578,560.2028222046793,93.19997351430357,602.3637678734958,516.24609375,matched-qwen3.5-397b-tier2-task2-scale-x50000-k1-r01,2026-09-20T00:04:08.355912+00:00,jed25-r2-qwen-matched-openrouter-repair2
matched_cardinality,matched-provisional,RCP-AIaaS/Qwen/Qwen3.5-397B-A17B,Qwen 3.5,50000,scale-x50000-k1,2,tier2/task2,2,6,succeeded,1.0,True,1.0,not_affected,rxnhaystack-human-1.6.0,54,0.22876581999999995,456315,26112,482427,621.3244029395282,122.91321972571313,640.3486204948276,518.296875,matched-qwen3.5-397b-tier2-task2-scale-x50000-k1-r02,2026-09-20T00:04:10.517944+00:00,jed25-r2-qwen-matched-openrouter-repair3
matched_cardinality,matched-provisional,RCP-AIaaS/Qwen/Qwen3.5-397B-A17B,Qwen 3.5,50000,scale-x50000-k1,2,tier2/task2,3,6,succeeded,1.0,True,1.0,not_affected,rxnhaystack-human-1.6.0,55,0.22045636,431917,24605,456522,649.8042461536825,106.04878953658044,751.140870494768,522.5390625,matched-qwen3.5-397b-tier2-task2-scale-x50000-k1-r03,2026-09-20T00:10:28.365936+00:00,jed25-r2-qwen-matched-openrouter-repair4
matched_cardinality,matched-provisional,RCP-AIaaS/Qwen/Qwen3.5-397B-A17B,Qwen 3.5,50000,scale-x50000-k1,2,tier2/task2,4,6,succeeded,1.0,True,1.0,not_affected,rxnhaystack-human-1.6.0,55,0.22446794999999997,463510,24300,487810,833.6492038946599,97.87575922720134,986.8451302368194,479.12109375,matched-qwen3.5-397b-tier2-task2-scale-x50000-k1-r04,2026-09-20T00:23:42.592603+00:00,jed25-r2-qwen-matched-openrouter-repair1
matched_cardinality,matched-provisional,RCP-AIaaS/Qwen/Qwen3.5-397B-A17B,Qwen 3.5,50000,scale-x50000-k1,2,tier2/task2,5,6,succeeded,1.0,True,1.0,not_affected,rxnhaystack-human-1.6.0,53,0.22270804,471111,24711,495822,784.1613317281008,119.14830645546317,828.4477411676198,558.33984375,matched-qwen3.5-397b-tier2-task2-scale-x50000-k1-r05,2026-09-20T00:18:05.030167+00:00,jed25-r2-qwen-matched-openrouter-repair2
matched_cardinality,matched-provisional,RCP-AIaaS/Qwen/Qwen3.5-397B-A17B,Qwen 3.5,full,scale-xfull-k1,2,tier2/task2,1,6,succeeded,0.8703703703703703,True,0.8703703703703703,not_affected,rxnhaystack-human-1.6.0,142,0.6015862399999999,1651754,57073,1708827,2624.5608014967293,912.7157857008278,2630.0974140688777,1020.75390625,matched-qwen3.5-397b-tier2-task2-scale-xfull-k1-r01,2026-09-20T00:48:07.358617+00:00,jed25-r2-qwen-matched-openrouter-repair3
matched_cardinality,matched-provisional,RCP-AIaaS/Qwen/Qwen3.5-397B-A17B,Qwen 3.5,full,scale-xfull-k1,2,tier2/task2,2,6,succeeded,0.7277777777777779,True,0.7277777777777779,not_affected,rxnhaystack-human-1.6.0,142,0.56979509,1587865,50877,1638742,2022.5488665830344,528.9328425657004,2117.8553393203765,793.62109375,matched-qwen3.5-397b-tier2-task2-scale-xfull-k1-r02,2026-09-20T00:45:47.239962+00:00,jed25-r2-qwen-matched-openrouter-repair4
matched_cardinality,matched-provisional,RCP-AIaaS/Qwen/Qwen3.5-397B-A17B,Qwen 3.5,full,scale-xfull-k1,2,tier2/task2,3,6,succeeded,1.0,True,1.0,not_affected,rxnhaystack-human-1.6.0,147,0.62693469,1721875,63310,1785185,2146.034296190366,427.28814796730876,2235.6143605131656,841.16015625,matched-qwen3.5-397b-tier2-task2-scale-xfull-k1-r03,2026-09-20T01:03:09.074178+00:00,jed25-r2-qwen-matched-openrouter-repair1
matched_cardinality,matched-provisional,RCP-AIaaS/Qwen/Qwen3.5-397B-A17B,Qwen 3.5,full,scale-xfull-k1,2,tier2/task2,4,6,succeeded,0.7333333333333334,True,0.7333333333333334,not_affected,rxnhaystack-human-1.6.0,138,0.5858894400000001,1602970,57224,1660194,1839.5693026762456,300.4716939087957,1996.4688677731901,817.828125,matched-qwen3.5-397b-tier2-task2-scale-xfull-k1-r04,2026-09-20T00:52:53.438871+00:00,jed25-r2-qwen-matched-openrouter-repair2
matched_cardinality,matched-provisional,RCP-AIaaS/Qwen/Qwen3.5-397B-A17B,Qwen 3.5,full,scale-xfull-k1,2,tier2/task2,5,6,succeeded,1.0,True,1.0,not_affected,rxnhaystack-human-1.6.0,89,0.35627261,938646,34971,973617,1249.3180600218475,270.6783054154366,1336.0119418650866,927.97265625,matched-qwen3.5-397b-tier2-task2-scale-xfull-k1-r05,2026-09-20T01:10:49.765106+00:00,jed25-r2-qwen-matched-openrouter-repair3
matched_cardinality,matched-provisional,RCP-AIaaS/Qwen/Qwen3.5-397B-A17B,Qwen 3.5,5000,cardinality-x5000-k20,2,tier2/task3,1,5,succeeded,0.8045602605863191,True,0.8045602605863191,not_affected,rxnhaystack-human-1.6.0,65,0.27112877999999996,656559,23574,680133,829.3312572408468,7.415021864697337,893.0153921153396,411.1328125,matched-qwen3.5-397b-tier2-task3-cardinality-x5000-k20-r01,2026-09-20T01:01:20.296697+00:00,jed25-r2-qwen-matched-openrouter-repair4
matched_cardinality,matched-provisional,RCP-AIaaS/Qwen/Qwen3.5-397B-A17B,Qwen 3.5,5000,cardinality-x5000-k20,2,tier2/task3,2,5,succeeded,1.0,True,1.0,not_affected,rxnhaystack-human-1.6.0,71,0.27965492000000003,696292,28968,725260,1312.1581847779453,6.82231255993247,1383.716191103682,418.09375,matched-qwen3.5-397b-tier2-task3-cardinality-x5000-k20-r02,2026-09-20T01:26:22.604337+00:00,jed25-r2-qwen-matched-openrouter-repair1
matched_cardinality,matched-provisional,RCP-AIaaS/Qwen/Qwen3.5-397B-A17B,Qwen 3.5,5000,cardinality-x5000-k20,2,tier2/task3,3,5,succeeded,1.0,True,1.0,not_affected,rxnhaystack-human-1.6.0,60,0.21995225000000002,485337,22237,507574,924.3446654025465,6.824577352032065,965.9587727449834,416.0,matched-qwen3.5-397b-tier2-task3-cardinality-x5000-k20-r03,2026-09-20T01:10:28.606649+00:00,jed25-r2-qwen-matched-openrouter-repair2
matched_cardinality,matched-provisional,RCP-AIaaS/Qwen/Qwen3.5-397B-A17B,Qwen 3.5,5000,cardinality-x5000-k20,2,tier2/task3,4,5,succeeded,1.0,True,1.0,not_affected,rxnhaystack-human-1.6.0,63,0.2303774,521202,27625,548827,925.7663294691592,6.960836531594396,968.0063953176141,405.62109375,matched-qwen3.5-397b-tier2-task3-cardinality-x5000-k20-r04,2026-09-20T01:26:58.370424+00:00,jed25-r2-qwen-matched-openrouter-repair3
matched_cardinality,matched-provisional,RCP-AIaaS/Qwen/Qwen3.5-397B-A17B,Qwen 3.5,5000,cardinality-x5000-k20,2,tier2/task3,5,5,succeeded,1.0,True,1.0,not_affected,rxnhaystack-human-1.6.0,58,0.19963563,455103,23402,478505,800.1696341596544,6.94890015758574,847.125599488616,408.70703125,matched-qwen3.5-397b-tier2-task3-cardinality-x5000-k20-r05,2026-09-20T01:15:28.426397+00:00,jed25-r2-qwen-matched-openrouter-repair4
matched_cardinality,matched-provisional,RCP-AIaaS/Qwen/Qwen3.5-397B-A17B,Qwen 3.5,5000,cardinality-x5000-k5,2,tier2/task3,1,5,succeeded,0.9818181818181818,True,0.9818181818181818,not_affected,rxnhaystack-human-1.6.0,82,0.28962500999999996,749937,26735,776672,742.2030279468745,17.873421555384994,790.3631205316633,404.4609375,matched-qwen3.5-397b-tier2-task3-cardinality-x5000-k5-r01,2026-09-20T01:39:35.029580+00:00,jed25-r2-qwen-matched-openrouter-repair1
matched_cardinality,matched-provisional,RCP-AIaaS/Qwen/Qwen3.5-397B-A17B,Qwen 3.5,5000,cardinality-x5000-k5,2,tier2/task3,2,5,succeeded,1.0,True,1.0,not_affected,rxnhaystack-human-1.6.0,116,0.5048047800000001,1273321,51119,1324440,1437.201287733391,14.048266977071762,1475.115595445037,414.15625,matched-qwen3.5-397b-tier2-task3-cardinality-x5000-k5-r02,2026-09-20T01:36:10.779222+00:00,jed25-r2-qwen-matched-openrouter-repair2
matched_cardinality,matched-provisional,RCP-AIaaS/Qwen/Qwen3.5-397B-A17B,Qwen 3.5,5000,cardinality-x5000-k5,2,tier2/task3,3,5,succeeded,1.0,True,1.0,not_affected,rxnhaystack-human-1.6.0,112,0.39871098000000005,1014556,40365,1054921,1143.7628796994686,11.321156365796924,1190.7051036134362,408.30078125,matched-qwen3.5-397b-tier2-task3-cardinality-x5000-k5-r03,2026-09-20T01:46:49.962717+00:00,jed25-r2-qwen-matched-openrouter-repair3
matched_cardinality,matched-provisional,RCP-AIaaS/Qwen/Qwen3.5-397B-A17B,Qwen 3.5,5000,cardinality-x5000-k5,2,tier2/task3,4,5,succeeded,0.8,True,0.8,not_affected,rxnhaystack-human-1.6.0,109,0.43038016,1145869,34420,1180289,988.1433847341686,7.076310336589813,993.6925208456814,401.5,matched-qwen3.5-397b-tier2-task3-cardinality-x5000-k5-r04,2026-09-20T01:33:18.896918+00:00,jed25-r2-qwen-matched-openrouter-repair4
matched_cardinality,matched-provisional,RCP-AIaaS/Qwen/Qwen3.5-397B-A17B,Qwen 3.5,5000,cardinality-x5000-k5,2,tier2/task3,5,5,succeeded,1.0,True,1.0,not_affected,rxnhaystack-human-1.6.0,95,0.35455431000000004,918509,34162,952671,981.769886109978,6.8390189334750175,1009.0870639886707,398.08984375,matched-qwen3.5-397b-tier2-task3-cardinality-x5000-k5-r05,2026-09-20T01:57:01.458243+00:00,jed25-r2-qwen-matched-openrouter-repair1
matched_cardinality,matched-provisional,RCP-AIaaS/Qwen/Qwen3.5-397B-A17B,Qwen 3.5,100,scale-x100-k1,2,tier2/task3,1,5,succeeded,1.0,True,1.0,not_affected,rxnhaystack-human-1.6.0,82,0.36002019,956161,29808,985969,874.6260550320148,0.30462206341326237,896.1437211725861,397.49609375,matched-qwen3.5-397b-tier2-task3-scale-x100-k1-r01,2026-09-20T01:51:07.818996+00:00,jed25-r2-qwen-matched-openrouter-repair2
matched_cardinality,matched-provisional,RCP-AIaaS/Qwen/Qwen3.5-397B-A17B,Qwen 3.5,100,scale-x100-k1,2,tier2/task3,2,5,succeeded,0.76,True,0.76,not_affected,rxnhaystack-human-1.6.0,93,0.52177317,1617649,38223,1655872,1325.4845662061125,0.5170792229473591,1330.928682975471,402.02734375,matched-qwen3.5-397b-tier2-task3-scale-x100-k1-r02,2026-09-20T02:09:42.077719+00:00,jed25-r2-qwen-matched-openrouter-repair3
matched_cardinality,matched-provisional,RCP-AIaaS/Qwen/Qwen3.5-397B-A17B,Qwen 3.5,100,scale-x100-k1,2,tier2/task3,3,5,succeeded,1.0,True,1.0,not_affected,rxnhaystack-human-1.6.0,63,0.27414645000000004,634178,24219,658397,687.1427821293473,0.23559622652828693,753.2724116910249,396.5546875,matched-qwen3.5-397b-tier2-task3-scale-x100-k1-r03,2026-09-20T01:45:53.078840+00:00,jed25-r2-qwen-matched-openrouter-repair4
matched_cardinality,matched-provisional,RCP-AIaaS/Qwen/Qwen3.5-397B-A17B,Qwen 3.5,100,scale-x100-k1,2,tier2/task3,4,5,succeeded,1.0,True,1.0,not_affected,rxnhaystack-human-1.6.0,84,0.32507166000000004,911036,25395,936431,926.6710787899792,0.24542826041579247,932.0153332948685,393.57421875,matched-qwen3.5-397b-tier2-task3-scale-x100-k1-r04,2026-09-20T02:14:21.685553+00:00,jed25-r2-qwen-matched-openrouter-repair1
matched_cardinality,matched-provisional,RCP-AIaaS/Qwen/Qwen3.5-397B-A17B,Qwen 3.5,100,scale-x100-k1,2,tier2/task3,5,5,succeeded,0.8800000000000001,True,0.8800000000000001,not_affected,rxnhaystack-human-1.6.0,87,0.37865844,1045324,28456,1073780,949.9519013389945,0.25176834128797054,1004.2651788983494,403.67578125,matched-qwen3.5-397b-tier2-task3-scale-x100-k1-r05,2026-09-20T02:08:27.832230+00:00,jed25-r2-qwen-matched-openrouter-repair2
matched_cardinality,matched-provisional,RCP-AIaaS/Qwen/Qwen3.5-397B-A17B,Qwen 3.5,500,scale-x500-k1,2,tier2/task3,1,5,succeeded,1.0,True,1.0,not_affected,rxnhaystack-human-1.6.0,84,0.30720010000000003,767998,29577,797575,871.5763045679778,1.1466577760875225,877.2965134829283,403.80859375,matched-qwen3.5-397b-tier2-task3-scale-x500-k1-r01,2026-09-20T02:24:20.111089+00:00,jed25-r2-qwen-matched-openrouter-repair3
matched_cardinality,matched-provisional,RCP-AIaaS/Qwen/Qwen3.5-397B-A17B,Qwen 3.5,500,scale-x500-k1,2,tier2/task3,2,5,succeeded,1.0,True,1.0,not_affected,rxnhaystack-human-1.6.0,83,0.35632179999999997,883788,30219,914007,835.8700262960047,1.296289637684822,886.349491905421,397.67578125,matched-qwen3.5-397b-tier2-task3-scale-x500-k1-r02,2026-09-20T02:02:07.590777+00:00,jed25-r2-qwen-matched-openrouter-repair4
matched_cardinality,matched-provisional,RCP-AIaaS/Qwen/Qwen3.5-397B-A17B,Qwen 3.5,500,scale-x500-k1,2,tier2/task3,3,5,succeeded,1.0,True,1.0,not_affected,rxnhaystack-human-1.6.0,84,0.37921989000000006,1020999,36048,1057047,1059.0114847738296,1.43816626816988,1069.37767316401,397.453125,matched-qwen3.5-397b-tier2-task3-scale-x500-k1-r03,2026-09-20T02:32:14.244388+00:00,jed25-r2-qwen-matched-openrouter-repair1
matched_cardinality,matched-provisional,RCP-AIaaS/Qwen/Qwen3.5-397B-A17B,Qwen 3.5,500,scale-x500-k1,2,tier2/task3,4,5,succeeded,1.0,True,1.0,not_affected,rxnhaystack-human-1.6.0,86,0.35109182,922864,34697,957561,1016.0259058568627,1.0745415929704905,1034.7736861035228,401.45703125,matched-qwen3.5-397b-tier2-task3-scale-x500-k1-r04,2026-09-20T02:25:43.491204+00:00,jed25-r2-qwen-matched-openrouter-repair2
matched_cardinality,matched-provisional,RCP-AIaaS/Qwen/Qwen3.5-397B-A17B,Qwen 3.5,500,scale-x500-k1,2,tier2/task3,5,5,succeeded,0.8571428571428571,True,0.8571428571428571,not_affected,rxnhaystack-human-1.6.0,63,0.27796752999999996,624096,24188,648284,567.4511353299022,1.0888281110674143,577.5324814599007,400.55859375,matched-qwen3.5-397b-tier2-task3-scale-x500-k1-r05,2026-09-20T09:56:59.302866+00:00,jed25-r2-qwen-matched-openrouter-repair3;jed25-r3-qwen-matched-openrouter-failed-now
matched_cardinality,matched-provisional,RCP-AIaaS/Qwen/Qwen3.5-397B-A17B,Qwen 3.5,5000,scale-x5000-k1,2,tier2/task3,1,5,succeeded,1.0,True,1.0,not_affected,rxnhaystack-human-1.6.0,83,0.31484798999999997,819581,28036,847617,927.2489658743143,8.30620109476149,971.9853053055704,399.6640625,matched-qwen3.5-397b-tier2-task3-scale-x5000-k1-r01,2026-09-20T02:19:35.121594+00:00,jed25-r2-qwen-matched-openrouter-repair4
matched_cardinality,matched-provisional,RCP-AIaaS/Qwen/Qwen3.5-397B-A17B,Qwen 3.5,5000,scale-x5000-k1,2,tier2/task3,2,5,succeeded,1.0,True,1.0,not_affected,rxnhaystack-human-1.6.0,50,0.19204725,408274,21553,429827,508.86241162754595,8.942517230287194,601.0831199772656,404.5234375,matched-qwen3.5-397b-tier2-task3-scale-x5000-k1-r02,2026-09-20T10:07:50.068246+00:00,jed25-r2-qwen-matched-openrouter-repair1;jed25-r3-qwen-matched-openrouter-failed-now
matched_cardinality,matched-provisional,RCP-AIaaS/Qwen/Qwen3.5-397B-A17B,Qwen 3.5,5000,scale-x5000-k1,2,tier2/task3,3,5,succeeded,1.0,True,1.0,not_affected,rxnhaystack-human-1.6.0,83,0.3750544,1040896,32246,1073142,940.1142173539847,17.36733330413699,945.3609158303589,409.6875,matched-qwen3.5-397b-tier2-task3-scale-x5000-k1-r03,2026-09-20T02:41:29.551649+00:00,jed25-r2-qwen-matched-openrouter-repair2
matched_cardinality,matched-provisional,RCP-AIaaS/Qwen/Qwen3.5-397B-A17B,Qwen 3.5,5000,scale-x5000-k1,2,tier2/task3,4,5,succeeded,0.9333333333333333,True,0.9333333333333333,not_affected,rxnhaystack-human-1.6.0,83,0.37575426999999995,1064641,32832,1097473,920.9846673738211,9.66952752880752,926.5203941240907,418.2109375,matched-qwen3.5-397b-tier2-task3-scale-x5000-k1-r04,2026-09-20T02:50:34.028893+00:00,jed25-r2-qwen-matched-openrouter-repair3
matched_cardinality,matched-provisional,RCP-AIaaS/Qwen/Qwen3.5-397B-A17B,Qwen 3.5,5000,scale-x5000-k1,2,tier2/task3,5,5,succeeded,1.0,True,1.0,not_affected,rxnhaystack-human-1.6.0,37,0.13829067,263473,17092,280565,673.7600421812385,8.309738026931882,763.0785144083202,406.69921875,matched-qwen3.5-397b-tier2-task3-scale-x5000-k1-r05,2026-09-20T02:33:36.691829+00:00,jed25-r2-qwen-matched-openrouter-repair4
matched_cardinality,matched-provisional,RCP-AIaaS/Qwen/Qwen3.5-397B-A17B,Qwen 3.5,50000,scale-x50000-k1,2,tier2/task3,1,5,succeeded,1.0,True,1.0,not_affected,rxnhaystack-human-1.6.0,84,0.33873795000000007,918293,30230,948523,1116.8882140405476,168.23745278641582,1122.5947544947267,546.28125,matched-qwen3.5-397b-tier2-task3-scale-x50000-k1-r01,2026-09-20T03:01:00.557517+00:00,jed25-r2-qwen-matched-openrouter-repair1
matched_cardinality,matched-provisional,RCP-AIaaS/Qwen/Qwen3.5-397B-A17B,Qwen 3.5,50000,scale-x50000-k1,2,tier2/task3,2,5,succeeded,1.0,True,1.0,not_affected,rxnhaystack-human-1.6.0,84,0.35774072999999995,945049,35012,980061,1125.4943677727133,123.96443443186581,1131.3219011444598,567.24609375,matched-qwen3.5-397b-tier2-task3-scale-x50000-k1-r02,2026-09-20T03:00:40.876261+00:00,jed25-r2-qwen-matched-openrouter-repair2
matched_cardinality,matched-provisional,RCP-AIaaS/Qwen/Qwen3.5-397B-A17B,Qwen 3.5,50000,scale-x50000-k1,2,tier2/task3,3,5,succeeded,0.8307692307692307,True,0.8307692307692307,not_affected,rxnhaystack-human-1.6.0,86,0.33184836000000006,946536,28526,975062,881.9239480905235,82.93062586151063,887.9229525364935,534.796875,matched-qwen3.5-397b-tier2-task3-scale-x50000-k1-r03,2026-09-20T03:05:31.928128+00:00,jed25-r2-qwen-matched-openrouter-repair3
matched_cardinality,matched-provisional,RCP-AIaaS/Qwen/Qwen3.5-397B-A17B,Qwen 3.5,50000,scale-x50000-k1,2,tier2/task3,4,5,succeeded,1.0,True,1.0,not_affected,rxnhaystack-human-1.6.0,86,0.36225388,908213,33970,942183,989.2822961714119,68.40159558877349,994.4487996995449,516.58984375,matched-qwen3.5-397b-tier2-task3-scale-x50000-k1-r04,2026-09-20T02:51:30.512987+00:00,jed25-r2-qwen-matched-openrouter-repair4
matched_cardinality,matched-provisional,RCP-AIaaS/Qwen/Qwen3.5-397B-A17B,Qwen 3.5,50000,scale-x50000-k1,2,tier2/task3,5,5,succeeded,1.0,True,1.0,not_affected,rxnhaystack-human-1.6.0,88,0.39602883,1049200,38586,1087786,1561.6073473617435,152.74821968376637,1608.0382978152484,556.234375,matched-qwen3.5-397b-tier2-task3-scale-x50000-k1-r05,2026-09-20T03:28:29.356537+00:00,jed25-r2-qwen-matched-openrouter-repair1
matched_cardinality,matched-provisional,RCP-AIaaS/Qwen/Qwen3.5-397B-A17B,Qwen 3.5,full,scale-xfull-k1,2,tier2/task3,1,5,succeeded,1.0,True,1.0,not_affected,rxnhaystack-human-1.6.0,109,0.51888994,1373336,52513,1425849,1837.7822413519025,480.4654284566641,1843.5229113027453,751.9609375,matched-qwen3.5-397b-tier2-task3-scale-xfull-k1-r01,2026-09-20T03:31:27.071676+00:00,jed25-r2-qwen-matched-openrouter-repair2
matched_cardinality,matched-provisional,RCP-AIaaS/Qwen/Qwen3.5-397B-A17B,Qwen 3.5,full,scale-xfull-k1,2,tier2/task3,2,5,succeeded,1.0,True,1.0,not_affected,rxnhaystack-human-1.6.0,110,0.46776307,1246336,44446,1290782,1519.5070013664663,313.20268487371504,1587.2345805000514,783.296875,matched-qwen3.5-397b-tier2-task3-scale-xfull-k1-r02,2026-09-20T03:33:44.868158+00:00,jed25-r2-qwen-matched-openrouter-repair3
matched_cardinality,matched-provisional,RCP-AIaaS/Qwen/Qwen3.5-397B-A17B,Qwen 3.5,full,scale-xfull-k1,2,tier2/task3,3,5,succeeded,0.6833333333333333,True,0.6833333333333333,not_affected,rxnhaystack-human-1.6.0,114,0.5790509000000001,1464349,60475,1524824,2097.740960560739,595.0500180665404,2146.4728541802615,756.6015625,matched-qwen3.5-397b-tier2-task3-scale-xfull-k1-r03,2026-09-20T03:28:37.986321+00:00,jed25-r2-qwen-matched-openrouter-repair4
matched_cardinality,matched-provisional,RCP-AIaaS/Qwen/Qwen3.5-397B-A17B,Qwen 3.5,full,scale-xfull-k1,2,tier2/task3,4,5,succeeded,1.0,True,1.0,not_affected,rxnhaystack-human-1.6.0,109,0.46005324999999997,1226994,45864,1272858,1752.8168794829398,376.09207872860134,1797.786532877013,693.78125,matched-qwen3.5-397b-tier2-task3-scale-xfull-k1-r04,2026-09-20T04:00:30.711612+00:00,jed25-r2-qwen-matched-openrouter-repair1
matched_cardinality,matched-provisional,RCP-AIaaS/Qwen/Qwen3.5-397B-A17B,Qwen 3.5,full,scale-xfull-k1,2,tier2/task3,5,5,succeeded,0.9,True,0.9,not_affected,rxnhaystack-human-1.6.0,113,0.42331536999999997,1155325,40692,1196017,1603.5776936020702,323.63678727298975,1609.8251652736217,733.73828125,matched-qwen3.5-397b-tier2-task3-scale-xfull-k1-r05,2026-09-20T03:59:30.899727+00:00,jed25-r2-qwen-matched-openrouter-repair2
matched_cardinality,matched-provisional,RCP-AIaaS/Qwen/Qwen3.5-397B-A17B,Qwen 3.5,5000,cardinality-x5000-k20,2,tier2/task4,1,5,succeeded,1.0,True,1.0,not_affected,rxnhaystack-human-1.6.0,36,0.13659681999999998,248921,16127,265048,710.1168934646994,8.163532143458724,741.0340084861964,410.24609375,matched-qwen3.5-397b-tier2-task4-cardinality-x5000-k20-r01,2026-09-20T03:46:55.354359+00:00,jed25-r2-qwen-matched-openrouter-repair3
matched_cardinality,matched-provisional,RCP-AIaaS/Qwen/Qwen3.5-397B-A17B,Qwen 3.5,5000,cardinality-x5000-k20,2,tier2/task4,2,5,succeeded,1.0,True,1.0,not_affected,rxnhaystack-human-1.6.0,107,0.42831352,1088227,37869,1126096,1070.8859959095716,9.68392183817923,1118.0469658523798,404.64453125,matched-qwen3.5-397b-tier2-task4-cardinality-x5000-k20-r02,2026-09-20T03:47:56.415155+00:00,jed25-r2-qwen-matched-openrouter-repair4
matched_cardinality,matched-provisional,RCP-AIaaS/Qwen/Qwen3.5-397B-A17B,Qwen 3.5,5000,cardinality-x5000-k20,2,tier2/task4,3,5,succeeded,1.0,True,1.0,not_affected,rxnhaystack-human-1.6.0,66,0.24266261,599093,22875,621968,646.4791055954993,8.162955321371555,652.1058076545596,399.1171875,matched-qwen3.5-397b-tier2-task4-cardinality-x5000-k20-r03,2026-09-20T04:12:42.532208+00:00,jed25-r2-qwen-matched-openrouter-repair1
matched_cardinality,matched-provisional,RCP-AIaaS/Qwen/Qwen3.5-397B-A17B,Qwen 3.5,5000,cardinality-x5000-k20,2,tier2/task4,4,5,succeeded,1.0,True,1.0,not_affected,rxnhaystack-human-1.6.0,106,0.39097689,1063533,33518,1097051,978.3012488111854,9.44528030231595,1014.3892311882228,411.34765625,matched-qwen3.5-397b-tier2-task4-cardinality-x5000-k20-r04,2026-09-20T04:17:06.716624+00:00,jed25-r2-qwen-matched-openrouter-repair2
matched_cardinality,matched-provisional,RCP-AIaaS/Qwen/Qwen3.5-397B-A17B,Qwen 3.5,5000,cardinality-x5000-k20,2,tier2/task4,5,5,succeeded,0.9643892339544514,True,0.9643892339544514,not_affected,rxnhaystack-human-1.6.0,83,0.30716444000000004,722071,35186,757257,1184.6869562137872,6.936295360326767,1190.3811756782234,406.02734375,matched-qwen3.5-397b-tier2-task4-cardinality-x5000-k20-r05,2026-09-20T04:06:46.877455+00:00,jed25-r2-qwen-matched-openrouter-repair3
matched_cardinality,matched-provisional,RCP-AIaaS/Qwen/Qwen3.5-397B-A17B,Qwen 3.5,5000,cardinality-x5000-k5,2,tier2/task4,1,5,succeeded,1.0,True,1.0,not_affected,rxnhaystack-human-1.6.0,37,0.15597861000000002,257071,15078,272149,522.0955136679113,9.475226832553744,527.8878589645028,395.48828125,matched-qwen3.5-397b-tier2-task4-cardinality-x5000-k5-r01,2026-09-20T03:58:42.621597+00:00,jed25-r2-qwen-matched-openrouter-repair4
matched_cardinality,matched-provisional,RCP-AIaaS/Qwen/Qwen3.5-397B-A17B,Qwen 3.5,5000,cardinality-x5000-k5,2,tier2/task4,2,5,succeeded,0.8024691358024691,True,0.8024691358024691,not_affected,rxnhaystack-human-1.6.0,62,0.35246831000000006,970556,30241,1000797,904.0101239159703,10.235109847038984,909.2726472765207,401.4453125,matched-qwen3.5-397b-tier2-task4-cardinality-x5000-k5-r02,2026-09-20T04:27:52.711813+00:00,jed25-r2-qwen-matched-openrouter-repair1
matched_cardinality,matched-provisional,RCP-AIaaS/Qwen/Qwen3.5-397B-A17B,Qwen 3.5,5000,cardinality-x5000-k5,2,tier2/task4,3,5,succeeded,0.8,True,0.8,not_affected,rxnhaystack-human-1.6.0,41,0.1359153,273606,16827,290433,654.7838409822434,9.428420342504978,736.4637405760586,408.91796875,matched-qwen3.5-397b-tier2-task4-cardinality-x5000-k5-r03,2026-09-20T04:29:53.877451+00:00,jed25-r2-qwen-matched-openrouter-repair2
matched_cardinality,matched-provisional,RCP-AIaaS/Qwen/Qwen3.5-397B-A17B,Qwen 3.5,5000,cardinality-x5000-k5,2,tier2/task4,4,5,succeeded,1.0,True,1.0,not_affected,rxnhaystack-human-1.6.0,59,0.21855589000000003,522760,22378,545138,718.2043170575052,9.493269450962543,723.4630899131298,404.2578125,matched-qwen3.5-397b-tier2-task4-cardinality-x5000-k5-r04,2026-09-20T04:18:51.262080+00:00,jed25-r2-qwen-matched-openrouter-repair3
matched_cardinality,matched-provisional,RCP-AIaaS/Qwen/Qwen3.5-397B-A17B,Qwen 3.5,5000,cardinality-x5000-k5,2,tier2/task4,5,5,succeeded,1.0,True,1.0,not_affected,rxnhaystack-human-1.6.0,58,0.22274237999999996,537270,21576,558846,776.490970376879,9.407291904091835,816.9369378425181,397.25,matched-qwen3.5-397b-tier2-task4-cardinality-x5000-k5-r05,2026-09-20T04:13:06.703657+00:00,jed25-r2-qwen-matched-openrouter-repair4
matched_cardinality,matched-provisional,RCP-AIaaS/Qwen/Qwen3.5-397B-A17B,Qwen 3.5,100,scale-x100-k1,2,tier2/task4,1,5,succeeded,1.0,True,1.0,not_affected,rxnhaystack-human-1.6.0,64,0.28776702000000004,832136,20754,852890,892.5424635428935,0.3717621713876724,898.0473842266947,396.0,matched-qwen3.5-397b-tier2-task4-scale-x100-k1-r01,2026-09-20T04:42:52.768599+00:00,jed25-r2-qwen-matched-openrouter-repair1
matched_cardinality,matched-provisional,RCP-AIaaS/Qwen/Qwen3.5-397B-A17B,Qwen 3.5,100,scale-x100-k1,2,tier2/task4,2,5,succeeded,0.8800000000000001,True,0.8800000000000001,not_affected,rxnhaystack-human-1.6.0,69,0.32004617,939713,23371,963084,959.881616409868,0.33385119773447514,1001.3907010313123,398.74609375,matched-qwen3.5-397b-tier2-task4-scale-x100-k1-r02,2026-09-20T04:46:37.136442+00:00,jed25-r2-qwen-matched-openrouter-repair2
matched_cardinality,matched-provisional,RCP-AIaaS/Qwen/Qwen3.5-397B-A17B,Qwen 3.5,100,scale-x100-k1,2,tier2/task4,3,5,succeeded,0.9,True,0.9,not_affected,rxnhaystack-human-1.6.0,64,0.33322584,941250,21455,962705,823.4237149190158,0.30693606473505497,828.9811174795032,397.234375,matched-qwen3.5-397b-tier2-task4-scale-x100-k1-r03,2026-09-20T04:33:08.321901+00:00,jed25-r2-qwen-matched-openrouter-repair3
matched_cardinality,matched-provisional,RCP-AIaaS/Qwen/Qwen3.5-397B-A17B,Qwen 3.5,100,scale-x100-k1,2,tier2/task4,4,5,succeeded,0.8800000000000001,True,0.8800000000000001,not_affected,rxnhaystack-human-1.6.0,61,0.23521518,577712,18763,596475,631.693690661341,0.24505899660289288,664.045137502253,388.1484375,matched-qwen3.5-397b-tier2-task4-scale-x100-k1-r04,2026-09-20T04:26:27.929100+00:00,jed25-r2-qwen-matched-openrouter-repair4
matched_cardinality,matched-provisional,RCP-AIaaS/Qwen/Qwen3.5-397B-A17B,Qwen 3.5,100,scale-x100-k1,2,tier2/task4,5,5,succeeded,1.0,True,1.0,not_affected,rxnhaystack-human-1.6.0,57,0.22004371999999997,559390,19686,579076,759.7954329121858,0.32055364921689034,765.0313719343394,391.70703125,matched-qwen3.5-397b-tier2-task4-scale-x100-k1-r05,2026-09-20T04:55:38.934714+00:00,jed25-r2-qwen-matched-openrouter-repair1
matched_cardinality,matched-provisional,RCP-AIaaS/Qwen/Qwen3.5-397B-A17B,Qwen 3.5,500,scale-x500-k1,2,tier2/task4,1,5,succeeded,1.0,True,1.0,not_affected,rxnhaystack-human-1.6.0,57,0.18880207,443984,17542,461526,766.3494590707123,1.095045406371355,771.9088382292539,390.4140625,matched-qwen3.5-397b-tier2-task4-scale-x500-k1-r01,2026-09-20T04:59:30.503081+00:00,jed25-r2-qwen-matched-openrouter-repair2
matched_cardinality,matched-provisional,RCP-AIaaS/Qwen/Qwen3.5-397B-A17B,Qwen 3.5,500,scale-x500-k1,2,tier2/task4,2,5,succeeded,0.8133333333333332,True,0.8133333333333332,not_affected,rxnhaystack-human-1.6.0,86,0.27843098000000005,745284,23835,769119,909.2403097972274,1.3980302717536688,914.8545227758586,408.11328125,matched-qwen3.5-397b-tier2-task4-scale-x500-k1-r02,2026-09-20T04:48:24.629875+00:00,jed25-r2-qwen-matched-openrouter-repair3
matched_cardinality,matched-provisional,RCP-AIaaS/Qwen/Qwen3.5-397B-A17B,Qwen 3.5,500,scale-x500-k1,2,tier2/task4,3,5,succeeded,1.0,True,1.0,not_affected,rxnhaystack-human-1.6.0,65,0.23741304000000002,487698,24782,512480,818.2316134124994,1.004718106240034,860.4634515754879,391.89453125,matched-qwen3.5-397b-tier2-task4-scale-x500-k1-r03,2026-09-20T04:41:50.938778+00:00,jed25-r2-qwen-matched-openrouter-repair4
matched_cardinality,matched-provisional,RCP-AIaaS/Qwen/Qwen3.5-397B-A17B,Qwen 3.5,500,scale-x500-k1,2,tier2/task4,4,5,succeeded,1.0,True,1.0,not_affected,rxnhaystack-human-1.6.0,36,0.12881369000000004,276407,14844,291251,804.4591722488403,1.2222991771996021,885.1272942516953,391.859375,matched-qwen3.5-397b-tier2-task4-scale-x500-k1-r04,2026-09-20T05:10:25.108592+00:00,jed25-r2-qwen-matched-openrouter-repair1
matched_cardinality,matched-provisional,RCP-AIaaS/Qwen/Qwen3.5-397B-A17B,Qwen 3.5,500,scale-x500-k1,2,tier2/task4,5,5,succeeded,1.0,True,1.0,not_affected,rxnhaystack-human-1.6.0,54,0.19951476999999998,417852,19878,437730,799.9638178385794,1.3673047926276922,806.1051150280982,393.484375,matched-qwen3.5-397b-tier2-task4-scale-x500-k1-r05,2026-09-20T05:13:30.426105+00:00,jed25-r2-qwen-matched-openrouter-repair2
matched_cardinality,matched-provisional,RCP-AIaaS/Qwen/Qwen3.5-397B-A17B,Qwen 3.5,5000,scale-x5000-k1,2,tier2/task4,1,5,succeeded,1.0,True,1.0,not_affected,rxnhaystack-human-1.6.0,35,0.16722904,249462,15907,265369,521.6026421841234,12.161100527271628,526.802464293316,402.29296875,matched-qwen3.5-397b-tier2-task4-scale-x5000-k1-r01,2026-09-20T04:57:12.220740+00:00,jed25-r2-qwen-matched-openrouter-repair3
matched_cardinality,matched-provisional,RCP-AIaaS/Qwen/Qwen3.5-397B-A17B,Qwen 3.5,5000,scale-x5000-k1,2,tier2/task4,2,5,succeeded,1.0,True,1.0,not_affected,rxnhaystack-human-1.6.0,56,0.2423445,560256,27241,587497,993.6878698263317,16.706707583740354,1030.3941639270633,404.76953125,matched-qwen3.5-397b-tier2-task4-scale-x5000-k1-r02,2026-09-20T05:01:02.847033+00:00,jed25-r2-qwen-matched-openrouter-repair4
matched_cardinality,matched-provisional,RCP-AIaaS/Qwen/Qwen3.5-397B-A17B,Qwen 3.5,5000,scale-x5000-k1,2,tier2/task4,3,5,succeeded,1.0,True,1.0,not_affected,rxnhaystack-human-1.6.0,48,0.19706382,398030,21514,419544,1019.1955092847347,13.567610932514071,1024.304107349366,407.65234375,matched-qwen3.5-397b-tier2-task4-scale-x5000-k1-r03,2026-09-20T05:27:30.456421+00:00,jed25-r2-qwen-matched-openrouter-repair1
matched_cardinality,matched-provisional,RCP-AIaaS/Qwen/Qwen3.5-397B-A17B,Qwen 3.5,5000,scale-x5000-k1,2,tier2/task4,4,5,succeeded,1.0,True,1.0,not_affected,rxnhaystack-human-1.6.0,35,0.12582727000000002,232963,15747,248710,890.514926219359,10.552115600556135,896.538345515728,405.81640625,matched-qwen3.5-397b-tier2-task4-scale-x5000-k1-r04,2026-09-20T05:28:28.709525+00:00,jed25-r2-qwen-matched-openrouter-repair2
matched_cardinality,matched-provisional,RCP-AIaaS/Qwen/Qwen3.5-397B-A17B,Qwen 3.5,5000,scale-x5000-k1,2,tier2/task4,5,5,succeeded,1.0,True,1.0,not_affected,rxnhaystack-human-1.6.0,83,0.28367735,724717,29432,754149,1005.3148229159415,12.16894139163196,1010.7313104774803,400.42578125,matched-qwen3.5-397b-tier2-task4-scale-x5000-k1-r05,2026-09-20T05:14:03.751564+00:00,jed25-r2-qwen-matched-openrouter-repair3
matched_cardinality,matched-provisional,RCP-AIaaS/Qwen/Qwen3.5-397B-A17B,Qwen 3.5,50000,scale-x50000-k1,2,tier2/task4,1,5,succeeded,1.0,True,1.0,not_affected,rxnhaystack-human-1.6.0,43,0.18909666,356166,19802,375968,1325.5939277876168,109.20392682217062,1334.8322804942727,495.64453125,matched-qwen3.5-397b-tier2-task4-scale-x50000-k1-r01,2026-09-20T05:24:44.513915+00:00,jed25-r2-qwen-matched-openrouter-repair4
matched_cardinality,matched-provisional,RCP-AIaaS/Qwen/Qwen3.5-397B-A17B,Qwen 3.5,50000,scale-x50000-k1,2,tier2/task4,2,5,succeeded,1.0,True,1.0,not_affected,rxnhaystack-human-1.6.0,37,0.14917858,267436,17177,284613,1007.6761016566306,92.55210397206247,1012.9330013878644,487.4609375,matched-qwen3.5-397b-tier2-task4-scale-x50000-k1-r02,2026-09-20T05:44:25.157335+00:00,jed25-r2-qwen-matched-openrouter-repair1
matched_cardinality,matched-provisional,RCP-AIaaS/Qwen/Qwen3.5-397B-A17B,Qwen 3.5,50000,scale-x50000-k1,2,tier2/task4,3,5,succeeded,1.0,True,1.0,not_affected,rxnhaystack-human-1.6.0,46,0.18637085,380963,21284,402247,991.3643034975976,103.14606622420251,1023.8652643803507,492.4296875,matched-qwen3.5-397b-tier2-task4-scale-x50000-k1-r03,2026-09-20T05:46:14.151458+00:00,jed25-r2-qwen-matched-openrouter-repair2
matched_cardinality,matched-provisional,RCP-AIaaS/Qwen/Qwen3.5-397B-A17B,Qwen 3.5,50000,scale-x50000-k1,2,tier2/task4,4,5,succeeded,1.0,True,1.0,not_affected,rxnhaystack-human-1.6.0,34,0.13433117,259843,15684,275527,1218.8470568936318,92.70563757419586,1223.923842875287,475.8828125,matched-qwen3.5-397b-tier2-task4-scale-x50000-k1-r04,2026-09-20T05:34:28.280168+00:00,jed25-r2-qwen-matched-openrouter-repair3
matched_cardinality,matched-provisional,RCP-AIaaS/Qwen/Qwen3.5-397B-A17B,Qwen 3.5,50000,scale-x50000-k1,2,tier2/task4,5,5,succeeded,1.0,True,1.0,not_affected,rxnhaystack-human-1.6.0,33,0.13290647,228841,16796,245637,1307.8448021300137,120.30277172662318,1344.813050052151,499.81640625,matched-qwen3.5-397b-tier2-task4-scale-x50000-k1-r05,2026-09-20T05:48:42.614202+00:00,jed25-r2-qwen-matched-openrouter-repair4
matched_cardinality,matched-provisional,RCP-AIaaS/Qwen/Qwen3.5-397B-A17B,Qwen 3.5,full,scale-xfull-k1,2,tier2/task4,1,5,succeeded,1.0,True,1.0,not_affected,rxnhaystack-human-1.6.0,52,0.26552780000000004,507133,29159,536292,1411.6517070289701,342.39858497679234,1416.8468277994543,670.91015625,matched-qwen3.5-397b-tier2-task4-scale-xfull-k1-r01,2026-09-20T06:08:03.399246+00:00,jed25-r2-qwen-matched-openrouter-repair1
matched_cardinality,matched-provisional,RCP-AIaaS/Qwen/Qwen3.5-397B-A17B,Qwen 3.5,full,scale-xfull-k1,2,tier2/task4,2,5,succeeded,0.8,True,0.8,not_affected,rxnhaystack-human-1.6.0,65,0.41713544999999996,1019066,26264,1045330,1389.357970720157,236.67759743332863,1395.0102979633957,687.52734375,matched-qwen3.5-397b-tier2-task4-scale-xfull-k1-r02,2026-09-20T06:09:30.408912+00:00,jed25-r2-qwen-matched-openrouter-repair2
matched_cardinality,matched-provisional,RCP-AIaaS/Qwen/Qwen3.5-397B-A17B,Qwen 3.5,full,scale-xfull-k1,2,tier2/task4,3,5,succeeded,1.0,True,1.0,not_affected,rxnhaystack-human-1.6.0,54,0.27828133,521107,29179,550286,1331.8173298407346,441.6647673230618,1337.764442158863,725.0390625,matched-qwen3.5-397b-tier2-task4-scale-xfull-k1-r03,2026-09-20T05:56:46.894801+00:00,jed25-r2-qwen-matched-openrouter-repair3
matched_cardinality,matched-provisional,RCP-AIaaS/Qwen/Qwen3.5-397B-A17B,Qwen 3.5,full,scale-xfull-k1,2,tier2/task4,4,5,succeeded,0.8027027027027028,True,0.8027027027027028,not_affected,rxnhaystack-human-1.6.0,65,0.32460626,663721,33718,697439,1673.9858359955251,344.9794700946659,1725.0752210784703,692.8828125,matched-qwen3.5-397b-tier2-task4-scale-xfull-k1-r04,2026-09-20T06:19:04.101321+00:00,jed25-r2-qwen-matched-openrouter-repair4
matched_cardinality,matched-provisional,RCP-AIaaS/Qwen/Qwen3.5-397B-A17B,Qwen 3.5,full,scale-xfull-k1,2,tier2/task4,5,5,succeeded,1.0,True,1.0,not_affected,rxnhaystack-human-1.6.0,51,0.26975333,530623,36718,567341,2334.0403259173036,508.0667340904474,2460.919342286885,773.19921875,matched-qwen3.5-397b-tier2-task4-scale-xfull-k1-r05,2026-09-20T06:49:05.592900+00:00,jed25-r2-qwen-matched-openrouter-repair1
matched_cardinality,matched-provisional,RCP-AIaaS/Qwen/Qwen3.5-397B-A17B,Qwen 3.5,5000,cardinality-x5000-k20,2,tier2/task5,1,4,succeeded,1.0,True,1.0,not_affected,rxnhaystack-human-1.6.0,30,0.12469459000000001,211893,14692,226585,399.9152712523937,6.809535950422287,405.09648373909295,405.14453125,matched-qwen3.5-397b-tier2-task5-cardinality-x5000-k20-r01,2026-09-20T06:16:16.535359+00:00,jed25-r2-qwen-matched-openrouter-repair2
matched_cardinality,matched-provisional,RCP-AIaaS/Qwen/Qwen3.5-397B-A17B,Qwen 3.5,5000,cardinality-x5000-k20,2,tier2/task5,2,4,succeeded,1.0,True,1.0,not_affected,rxnhaystack-human-1.6.0,27,0.1178603,178254,13104,191358,279.76553134433925,6.997033104300499,285.48787822946906,402.80078125,matched-qwen3.5-397b-tier2-task5-cardinality-x5000-k20-r02,2026-09-20T06:02:13.735038+00:00,jed25-r2-qwen-matched-openrouter-repair3
matched_cardinality,matched-provisional,RCP-AIaaS/Qwen/Qwen3.5-397B-A17B,Qwen 3.5,5000,cardinality-x5000-k20,2,tier2/task5,3,4,succeeded,1.0,True,1.0,not_affected,rxnhaystack-human-1.6.0,33,0.13636901,241017,16412,257429,440.6792329698801,7.113696416839957,487.76273893006146,402.8203125,matched-qwen3.5-397b-tier2-task5-cardinality-x5000-k20-r03,2026-09-20T06:28:11.900849+00:00,jed25-r2-qwen-matched-openrouter-repair4
matched_cardinality,matched-provisional,RCP-AIaaS/Qwen/Qwen3.5-397B-A17B,Qwen 3.5,5000,cardinality-x5000-k20,2,tier2/task5,4,4,succeeded,1.0,True,1.0,not_affected,rxnhaystack-human-1.6.0,55,0.23100303,560725,22200,582925,553.3340980056673,7.294466979801655,566.2096892632544,410.6953125,matched-qwen3.5-397b-tier2-task5-cardinality-x5000-k20-r04,2026-09-20T06:59:49.964739+00:00,jed25-r2-qwen-matched-openrouter-repair1
matched_cardinality,matched-provisional,RCP-AIaaS/Qwen/Qwen3.5-397B-A17B,Qwen 3.5,5000,cardinality-x5000-k20,2,tier2/task5,5,4,succeeded,1.0,True,1.0,not_affected,rxnhaystack-human-1.6.0,30,0.12017188000000001,227578,14435,242013,390.3393419161439,5.623525740578771,395.599441902712,402.55859375,matched-qwen3.5-397b-tier2-task5-cardinality-x5000-k20-r05,2026-09-20T06:22:54.004595+00:00,jed25-r2-qwen-matched-openrouter-repair2
matched_cardinality,matched-provisional,RCP-AIaaS/Qwen/Qwen3.5-397B-A17B,Qwen 3.5,5000,cardinality-x5000-k5,2,tier2/task5,1,4,succeeded,1.0,True,1.0,not_affected,rxnhaystack-human-1.6.0,33,0.1623362,271701,17069,288770,571.7719742078334,5.665572045370936,577.1964083518833,407.98828125,matched-qwen3.5-397b-tier2-task5-cardinality-x5000-k5-r01,2026-09-20T06:11:51.705398+00:00,jed25-r2-qwen-matched-openrouter-repair3
matched_cardinality,matched-provisional,RCP-AIaaS/Qwen/Qwen3.5-397B-A17B,Qwen 3.5,5000,cardinality-x5000-k5,2,tier2/task5,2,4,succeeded,1.0,True,1.0,not_affected,rxnhaystack-human-1.6.0,32,0.14333474,271258,17338,288596,652.8268408235162,8.643508698791265,687.013667145744,403.71875,matched-qwen3.5-397b-tier2-task5-cardinality-x5000-k5-r02,2026-09-20T06:39:40.400882+00:00,jed25-r2-qwen-matched-openrouter-repair4
matched_cardinality,matched-provisional,RCP-AIaaS/Qwen/Qwen3.5-397B-A17B,Qwen 3.5,5000,cardinality-x5000-k5,2,tier2/task5,3,4,succeeded,1.0,True,1.0,not_affected,rxnhaystack-human-1.6.0,29,0.11698135000000001,210415,14801,225216,612.353987261653,5.691758705303073,627.8582399524748,406.7890625,matched-qwen3.5-397b-tier2-task5-cardinality-x5000-k5-r03,2026-09-20T07:10:18.937529+00:00,jed25-r2-qwen-matched-openrouter-repair1
matched_cardinality,matched-provisional,RCP-AIaaS/Qwen/Qwen3.5-397B-A17B,Qwen 3.5,5000,cardinality-x5000-k5,2,tier2/task5,4,4,succeeded,1.0,True,1.0,not_affected,rxnhaystack-human-1.6.0,30,0.11046065,214681,13367,228048,578.3747077193111,5.622389055788517,583.2664080802351,411.6328125,matched-qwen3.5-397b-tier2-task5-cardinality-x5000-k5-r04,2026-09-20T06:33:17.296016+00:00,jed25-r2-qwen-matched-openrouter-repair2
matched_cardinality,matched-provisional,RCP-AIaaS/Qwen/Qwen3.5-397B-A17B,Qwen 3.5,5000,cardinality-x5000-k5,2,tier2/task5,5,4,succeeded,1.0,True,1.0,not_affected,rxnhaystack-human-1.6.0,33,0.14220826000000003,312614,15304,327918,684.9189003165811,7.025613551959395,689.9030501004308,408.4921875,matched-qwen3.5-397b-tier2-task5-cardinality-x5000-k5-r05,2026-09-20T06:23:22.390655+00:00,jed25-r2-qwen-matched-openrouter-repair3
matched_cardinality,matched-provisional,RCP-AIaaS/Qwen/Qwen3.5-397B-A17B,Qwen 3.5,100,scale-x100-k1,2,tier2/task5,1,4,succeeded,1.0,True,1.0,not_affected,rxnhaystack-human-1.6.0,29,0.16330013,340601,14257,354858,377.2629616688937,0.21180290542542934,416.5324604231864,392.41796875,matched-qwen3.5-397b-tier2-task5-scale-x100-k1-r01,2026-09-20T06:48:43.994653+00:00,jed25-r2-qwen-matched-openrouter-repair4
matched_cardinality,matched-provisional,RCP-AIaaS/Qwen/Qwen3.5-397B-A17B,Qwen 3.5,100,scale-x100-k1,2,tier2/task5,2,4,succeeded,1.0,True,1.0,not_affected,rxnhaystack-human-1.6.0,34,0.19328647,452661,15102,467763,691.7952752988786,0.14979520440101624,711.4671116694808,404.36328125,matched-qwen3.5-397b-tier2-task5-scale-x100-k1-r02,2026-09-20T07:24:08.537816+00:00,jed25-r2-qwen-matched-openrouter-repair1
matched_cardinality,matched-provisional,RCP-AIaaS/Qwen/Qwen3.5-397B-A17B,Qwen 3.5,100,scale-x100-k1,2,tier2/task5,3,4,succeeded,1.0,True,1.0,not_affected,rxnhaystack-human-1.6.0,26,0.15705406,339834,11900,351734,357.5328487865627,0.15113883651793003,388.2713477425277,386.19921875,matched-qwen3.5-397b-tier2-task5-scale-x100-k1-r03,2026-09-20T06:40:23.894399+00:00,jed25-r2-qwen-matched-openrouter-repair2
matched_cardinality,matched-provisional,RCP-AIaaS/Qwen/Qwen3.5-397B-A17B,Qwen 3.5,100,scale-x100-k1,2,tier2/task5,4,4,succeeded,1.0,True,1.0,not_affected,rxnhaystack-human-1.6.0,32,0.22683404000000001,459784,14949,474733,405.8185786213726,0.17987744696438313,410.6598351560533,396.37890625,matched-qwen3.5-397b-tier2-task5-scale-x100-k1-r04,2026-09-20T06:30:24.758719+00:00,jed25-r2-qwen-matched-openrouter-repair3
matched_cardinality,matched-provisional,RCP-AIaaS/Qwen/Qwen3.5-397B-A17B,Qwen 3.5,100,scale-x100-k1,2,tier2/task5,5,4,succeeded,1.0,True,1.0,not_affected,rxnhaystack-human-1.6.0,34,0.21247104,529438,16249,545687,462.7053171284497,0.2088488694280386,483.04616282880306,392.80078125,matched-qwen3.5-397b-tier2-task5-scale-x100-k1-r05,2026-09-20T06:57:47.732227+00:00,jed25-r2-qwen-matched-openrouter-repair4
matched_cardinality,matched-provisional,RCP-AIaaS/Qwen/Qwen3.5-397B-A17B,Qwen 3.5,500,scale-x500-k1,2,tier2/task5,1,4,succeeded,1.0,True,1.0,not_affected,rxnhaystack-human-1.6.0,63,0.29434334,804053,23943,827996,663.624088877812,1.7025926820933819,715.4845751505345,400.10546875,matched-qwen3.5-397b-tier2-task5-scale-x500-k1-r01,2026-09-20T07:38:20.456313+00:00,jed25-r2-qwen-matched-openrouter-repair1
matched_cardinality,matched-provisional,RCP-AIaaS/Qwen/Qwen3.5-397B-A17B,Qwen 3.5,500,scale-x500-k1,2,tier2/task5,2,4,succeeded,1.0,True,1.0,not_affected,rxnhaystack-human-1.6.0,100,0.40631257000000004,1135760,33342,1169102,756.0378962382674,1.391792669892311,761.5234530474991,398.33203125,matched-qwen3.5-397b-tier2-task5-scale-x500-k1-r02,2026-09-20T06:53:06.263423+00:00,jed25-r2-qwen-matched-openrouter-repair2
matched_cardinality,matched-provisional,RCP-AIaaS/Qwen/Qwen3.5-397B-A17B,Qwen 3.5,500,scale-x500-k1,2,tier2/task5,3,4,succeeded,1.0,True,1.0,not_affected,rxnhaystack-human-1.6.0,32,0.12402223999999999,239876,13633,253509,278.1825805902481,0.7249896805733442,283.6073207128793,403.62109375,matched-qwen3.5-397b-tier2-task5-scale-x500-k1-r03,2026-09-20T06:35:52.931354+00:00,jed25-r2-qwen-matched-openrouter-repair3
matched_cardinality,matched-provisional,RCP-AIaaS/Qwen/Qwen3.5-397B-A17B,Qwen 3.5,500,scale-x500-k1,2,tier2/task5,4,4,succeeded,1.0,True,1.0,not_affected,rxnhaystack-human-1.6.0,82,0.39455186000000003,1121303,29182,1150485,571.9781577121466,1.4745822828263044,636.354376219213,396.0546875,matched-qwen3.5-397b-tier2-task5-scale-x500-k1-r04,2026-09-20T07:08:54.157821+00:00,jed25-r2-qwen-matched-openrouter-repair4
matched_cardinality,matched-provisional,RCP-AIaaS/Qwen/Qwen3.5-397B-A17B,Qwen 3.5,500,scale-x500-k1,2,tier2/task5,5,4,succeeded,1.0,True,1.0,not_affected,rxnhaystack-human-1.6.0,82,0.35841602,1013526,30074,1043600,801.1118788942695,0.747989509254694,854.9151825550944,406.71484375,matched-qwen3.5-397b-tier2-task5-scale-x500-k1-r05,2026-09-20T07:52:38.829457+00:00,jed25-r2-qwen-matched-openrouter-repair1
matched_cardinality,matched-provisional,RCP-AIaaS/Qwen/Qwen3.5-397B-A17B,Qwen 3.5,5000,scale-x5000-k1,2,tier2/task5,1,4,succeeded,0.8,True,0.8,not_affected,rxnhaystack-human-1.6.0,52,0.31061947,706660,27507,734167,717.1875177547336,11.115193922072649,722.3140805363655,412.49609375,matched-qwen3.5-397b-tier2-task5-scale-x5000-k1-r01,2026-09-20T07:05:09.442807+00:00,jed25-r2-qwen-matched-openrouter-repair2
matched_cardinality,matched-provisional,RCP-AIaaS/Qwen/Qwen3.5-397B-A17B,Qwen 3.5,5000,scale-x5000-k1,2,tier2/task5,2,4,succeeded,0.8214285714285714,True,0.8214285714285714,not_affected,rxnhaystack-human-1.6.0,66,0.36152148000000006,1067474,25607,1093081,739.9289296772331,15.28856248781085,783.0859544258565,413.6640625,matched-qwen3.5-397b-tier2-task5-scale-x5000-k1-r02,2026-09-20T06:48:56.776621+00:00,jed25-r2-qwen-matched-openrouter-repair3
matched_cardinality,matched-provisional,RCP-AIaaS/Qwen/Qwen3.5-397B-A17B,Qwen 3.5,5000,scale-x5000-k1,2,tier2/task5,3,4,succeeded,1.0,True,1.0,not_affected,rxnhaystack-human-1.6.0,31,0.12978387,258341,15392,273733,406.9241835065186,5.700441513210535,474.09327431209385,398.2734375,matched-qwen3.5-397b-tier2-task5-scale-x5000-k1-r03,2026-09-20T07:17:41.510887+00:00,jed25-r2-qwen-matched-openrouter-repair4
matched_cardinality,matched-provisional,RCP-AIaaS/Qwen/Qwen3.5-397B-A17B,Qwen 3.5,5000,scale-x5000-k1,2,tier2/task5,4,4,succeeded,1.0,True,1.0,not_affected,rxnhaystack-human-1.6.0,26,0.10391433000000001,197685,13450,211135,371.7182744834572,5.750691445544362,419.71395092457533,400.96875,matched-qwen3.5-397b-tier2-task5-scale-x5000-k1-r04,2026-09-20T07:59:40.626764+00:00,jed25-r2-qwen-matched-openrouter-repair1
matched_cardinality,matched-provisional,RCP-AIaaS/Qwen/Qwen3.5-397B-A17B,Qwen 3.5,5000,scale-x5000-k1,2,tier2/task5,5,4,succeeded,1.0,True,1.0,not_affected,rxnhaystack-human-1.6.0,26,0.09745736000000002,180844,12226,193070,383.2928494922817,5.943836562335491,388.2309954408556,393.09375,matched-qwen3.5-397b-tier2-task5-scale-x5000-k1-r05,2026-09-20T07:11:49.275823+00:00,jed25-r2-qwen-matched-openrouter-repair2
matched_cardinality,matched-provisional,RCP-AIaaS/Qwen/Qwen3.5-397B-A17B,Qwen 3.5,50000,scale-x50000-k1,2,tier2/task5,1,4,succeeded,0.7954545454545454,True,0.7954545454545454,not_affected,rxnhaystack-human-1.6.0,77,0.31405675,731959,34896,766855,781.2753123622388,96.77244176715612,786.2998116277158,495.0625,matched-qwen3.5-397b-tier2-task5-scale-x50000-k1-r01,2026-09-20T07:02:04.331120+00:00,jed25-r2-qwen-matched-openrouter-repair3
matched_cardinality,matched-provisional,RCP-AIaaS/Qwen/Qwen3.5-397B-A17B,Qwen 3.5,50000,scale-x50000-k1,2,tier2/task5,2,4,succeeded,0.7857142857142857,True,0.7857142857142857,not_affected,rxnhaystack-human-1.6.0,60,0.278283,678452,28947,707399,749.2427161335945,86.10700530931354,755.3410492315888,477.0078125,matched-qwen3.5-397b-tier2-task5-scale-x50000-k1-r02,2026-09-20T07:30:41.830198+00:00,jed25-r2-qwen-matched-openrouter-repair4
matched_cardinality,matched-provisional,RCP-AIaaS/Qwen/Qwen3.5-397B-A17B,Qwen 3.5,50000,scale-x50000-k1,2,tier2/task5,3,4,succeeded,0.8125,True,0.8125,not_affected,rxnhaystack-human-1.6.0,76,0.29630461,770433,26751,797184,699.8922422006726,73.11859153211117,747.9823557902128,506.66796875,matched-qwen3.5-397b-tier2-task5-scale-x50000-k1-r03,2026-09-20T08:13:40.618707+00:00,jed25-r2-qwen-matched-openrouter-repair1
matched_cardinality,matched-provisional,RCP-AIaaS/Qwen/Qwen3.5-397B-A17B,Qwen 3.5,50000,scale-x50000-k1,2,tier2/task5,4,4,succeeded,1.0,True,1.0,not_affected,rxnhaystack-human-1.6.0,51,0.25166683,640167,21413,661580,626.1069614291191,72.41966866515577,681.2338007483631,483.1796875,matched-qwen3.5-397b-tier2-task5-scale-x50000-k1-r04,2026-09-20T07:23:28.912137+00:00,jed25-r2-qwen-matched-openrouter-repair2
matched_cardinality,matched-provisional,RCP-AIaaS/Qwen/Qwen3.5-397B-A17B,Qwen 3.5,50000,scale-x50000-k1,2,tier2/task5,5,4,succeeded,1.0,True,1.0,not_affected,rxnhaystack-human-1.6.0,75,0.31166322999999996,806979,29644,836623,639.257454732433,69.02644978649914,644.7033240329474,502.609375,matched-qwen3.5-397b-tier2-task5-scale-x50000-k1-r05,2026-09-20T07:12:50.830772+00:00,jed25-r2-qwen-matched-openrouter-repair3
matched_cardinality,matched-provisional,RCP-AIaaS/Qwen/Qwen3.5-397B-A17B,Qwen 3.5,full,scale-xfull-k1,2,tier2/task5,1,4,succeeded,0.78125,True,0.78125,not_affected,rxnhaystack-human-1.6.0,52,0.23119107,524935,28125,553060,1025.7292795442045,179.68331436812878,1070.0626031570137,680.37109375,matched-qwen3.5-397b-tier2-task5-scale-xfull-k1-r01,2026-09-20T07:48:36.630510+00:00,jed25-r2-qwen-matched-openrouter-repair4
matched_cardinality,matched-provisional,RCP-AIaaS/Qwen/Qwen3.5-397B-A17B,Qwen 3.5,full,scale-xfull-k1,2,tier2/task5,2,4,succeeded,1.0,True,1.0,not_affected,rxnhaystack-human-1.6.0,34,0.17013654,330564,21339,351903,1714.9901026580483,159.71379661001265,1720.2474546693265,729.13671875,matched-qwen3.5-397b-tier2-task5-scale-xfull-k1-r02,2026-09-20T08:42:22.076425+00:00,jed25-r2-qwen-matched-openrouter-repair1
matched_cardinality,matched-provisional,RCP-AIaaS/Qwen/Qwen3.5-397B-A17B,Qwen 3.5,full,scale-xfull-k1,2,tier2/task5,3,4,succeeded,1.0,True,1.0,not_affected,rxnhaystack-human-1.6.0,32,0.15642071999999999,315806,20613,336419,952.1107758637518,225.8950874172151,970.626529129222,713.3828125,matched-qwen3.5-397b-tier2-task5-scale-xfull-k1-r03,2026-09-20T07:39:45.442010+00:00,jed25-r2-qwen-matched-openrouter-repair2
matched_cardinality,matched-provisional,RCP-AIaaS/Qwen/Qwen3.5-397B-A17B,Qwen 3.5,full,scale-xfull-k1,2,tier2/task5,4,4,succeeded,0.7884615384615384,True,0.7884615384615384,not_affected,rxnhaystack-human-1.6.0,73,0.5216965299999999,1464185,43690,1507875,1520.273665951565,238.28972839191556,1563.705505574122,851.01171875,matched-qwen3.5-397b-tier2-task5-scale-xfull-k1-r04,2026-09-20T07:39:30.281141+00:00,jed25-r2-qwen-matched-openrouter-repair3
matched_cardinality,matched-provisional,RCP-AIaaS/Qwen/Qwen3.5-397B-A17B,Qwen 3.5,full,scale-xfull-k1,2,tier2/task5,5,4,succeeded,1.0,True,1.0,not_affected,rxnhaystack-human-1.6.0,33,0.1829094,392924,21672,414596,913.8639540988952,257.71097593940794,996.3944518063217,861.9140625,matched-qwen3.5-397b-tier2-task5-scale-xfull-k1-r05,2026-09-20T08:07:37.842113+00:00,jed25-r2-qwen-matched-openrouter-repair4
matched_cardinality,matched-provisional,RCP-AIaaS/Qwen/Qwen3.5-397B-A17B,Qwen 3.5,5000,cardinality-x5000-k20,3,tier3/task10,1,5,succeeded,0.5987919367588933,True,0.570403769583225,corrected_exact_rescore,rxnhaystack-human-1.6.0,81,0.81533357,1922286,87364,2009650,5009.298149440438,34.14009379968047,5014.694969551638,467.71484375,matched-qwen3.5-397b-tier3-task10-cardinality-x5000-k20-r01,2026-09-20T10:05:57.788241+00:00,jed25-r2-qwen-matched-openrouter-repair1;ground-truth:rxnhaystack-ground-truth-2026-09-25-v2;corrected-score-recovery:rxnhaystack-corrected-score-recovery-2026-09-25-v1
matched_cardinality,matched-provisional,RCP-AIaaS/Qwen/Qwen3.5-397B-A17B,Qwen 3.5,5000,cardinality-x5000-k20,3,tier3/task10,2,5,succeeded,,False,0.334995670995671,historical_score_invalidated,rxnhaystack-human-1.6.0,91,1.1823700699999997,2873206,116709,2989915,6874.2181164789945,60.420594450086355,6880.388230213895,449.40625,matched-qwen3.5-397b-tier3-task10-cardinality-x5000-k20-r02,2026-09-20T09:35:16.131047+00:00,jed25-r2-qwen-matched-openrouter-repair2;ground-truth:rxnhaystack-ground-truth-2026-09-25-v2
matched_cardinality,matched-provisional,RCP-AIaaS/Qwen/Qwen3.5-397B-A17B,Qwen 3.5,5000,cardinality-x5000-k20,3,tier3/task10,3,5,succeeded,,False,0.25666666666666665,historical_score_invalidated,rxnhaystack-human-1.6.0,129,1.57024279,4353361,134836,4488197,5655.133211204782,69.20567723549902,5679.296553969383,408.875,matched-qwen3.5-397b-tier3-task10-cardinality-x5000-k20-r03,2026-09-20T09:14:59.135034+00:00,jed25-r2-qwen-matched-openrouter-repair3;ground-truth:rxnhaystack-ground-truth-2026-09-25-v2
matched_cardinality,matched-provisional,RCP-AIaaS/Qwen/Qwen3.5-397B-A17B,Qwen 3.5,5000,cardinality-x5000-k20,3,tier3/task10,4,5,succeeded,,False,0.501668625146886,historical_score_invalidated,rxnhaystack-human-1.6.0,104,1.2080193399999999,3149478,121974,3271452,5696.337144227698,59.20671566389501,5701.828071223572,435.96875,matched-qwen3.5-397b-tier3-task10-cardinality-x5000-k20-r04,2026-09-20T09:42:40.860153+00:00,jed25-r2-qwen-matched-openrouter-repair4;ground-truth:rxnhaystack-ground-truth-2026-09-25-v2
matched_cardinality,matched-provisional,RCP-AIaaS/Qwen/Qwen3.5-397B-A17B,Qwen 3.5,5000,cardinality-x5000-k20,3,tier3/task10,5,5,succeeded,0.5934703631961259,True,0.5656459212612491,corrected_exact_rescore,rxnhaystack-human-1.6.0,84,0.89168556,1783928,94013,1877941,6263.281121581793,11.65921988338232,6342.847822956741,447.4921875,matched-qwen3.5-397b-tier3-task10-cardinality-x5000-k20-r05,2026-09-20T12:59:50.073366+00:00,jed19-accel-qwen-matched-accelerated-s01;jed25-r2-qwen-matched-openrouter-repair1;ground-truth:rxnhaystack-ground-truth-2026-09-25-v2;corrected-score-recovery:rxnhaystack-corrected-score-recovery-2026-09-25-v1
matched_cardinality,matched-provisional,RCP-AIaaS/Qwen/Qwen3.5-397B-A17B,Qwen 3.5,5000,cardinality-x5000-k5,3,tier3/task10,1,5,succeeded,0.08044515103338633,True,0.08044515103338633,corrected_exact_rescore,rxnhaystack-human-1.6.0,103,1.37806764,3519080,132277,3651357,4192.835314575583,47.4074659794569,4198.150099275634,418.50390625,matched-qwen3.5-397b-tier3-task10-cardinality-x5000-k5-r01,2026-09-20T10:45:21.605235+00:00,jed25-r2-qwen-matched-openrouter-repair2;ground-truth:rxnhaystack-ground-truth-2026-09-25-v2;corrected-score-recovery:rxnhaystack-corrected-score-recovery-2026-09-25-v1
matched_cardinality,matched-provisional,RCP-AIaaS/Qwen/Qwen3.5-397B-A17B,Qwen 3.5,5000,cardinality-x5000-k5,3,tier3/task10,2,5,succeeded,0.43349818181818184,True,0.4232443640004919,corrected_exact_rescore,rxnhaystack-human-1.6.0,125,1.4823511399999998,4133264,115038,4248302,3825.3624836150557,44.882684640586376,3834.4493377115577,443.078125,matched-qwen3.5-397b-tier3-task10-cardinality-x5000-k5-r02,2026-09-20T12:17:35.811271+00:00,jed19-accel-qwen-matched-accelerated-s02;jed25-r2-qwen-matched-openrouter-repair3;ground-truth:rxnhaystack-ground-truth-2026-09-25-v2;corrected-score-recovery:rxnhaystack-corrected-score-recovery-2026-09-25-v1
matched_cardinality,matched-provisional,RCP-AIaaS/Qwen/Qwen3.5-397B-A17B,Qwen 3.5,5000,cardinality-x5000-k5,3,tier3/task10,3,5,succeeded,0.2975143915343915,True,0.29750454078812283,corrected_exact_rescore,rxnhaystack-human-1.6.0,100,1.23571629,3394631,100001,3494632,3505.707539824769,53.15938636474311,3514.3810271024704,403.65625,matched-qwen3.5-397b-tier3-task10-cardinality-x5000-k5-r03,2026-09-20T12:13:31.276068+00:00,jed19-accel-qwen-matched-accelerated-s03;jed25-r2-qwen-matched-openrouter-repair4;ground-truth:rxnhaystack-ground-truth-2026-09-25-v2;corrected-score-recovery:rxnhaystack-corrected-score-recovery-2026-09-25-v1
matched_cardinality,matched-provisional,RCP-AIaaS/Qwen/Qwen3.5-397B-A17B,Qwen 3.5,5000,cardinality-x5000-k5,3,tier3/task10,4,5,succeeded,0.49371978609625666,True,0.48160809778456837,corrected_exact_rescore,rxnhaystack-human-1.6.0,86,0.9754111,2682854,79928,2762782,1672.884037796408,8.158748682588339,1704.143120298162,423.39453125,matched-qwen3.5-397b-tier3-task10-cardinality-x5000-k5-r04,2026-09-20T11:42:51.831040+00:00,jed19-accel-qwen-matched-accelerated-s04;ground-truth:rxnhaystack-ground-truth-2026-09-25-v2;corrected-score-recovery:rxnhaystack-corrected-score-recovery-2026-09-25-v1
matched_cardinality,matched-provisional,RCP-AIaaS/Qwen/Qwen3.5-397B-A17B,Qwen 3.5,5000,cardinality-x5000-k5,3,tier3/task10,5,5,succeeded,0.3406492307692307,True,0.330389363722697,corrected_exact_rescore,rxnhaystack-human-1.6.0,96,1.2418611400000001,3263283,111631,3374914,2705.196783874184,54.04823016189039,2772.4081702735275,424.09765625,matched-qwen3.5-397b-tier3-task10-cardinality-x5000-k5-r05,2026-09-20T12:01:25.958709+00:00,jed19-accel-qwen-matched-accelerated-s05;jed25-r2-qwen-matched-openrouter-repair2;ground-truth:rxnhaystack-ground-truth-2026-09-25-v2;corrected-score-recovery:rxnhaystack-corrected-score-recovery-2026-09-25-v1
matched_cardinality,matched-provisional,RCP-AIaaS/Qwen/Qwen3.5-397B-A17B,Qwen 3.5,100,scale-x100-k1,3,tier3/task10,1,5,succeeded,0.6571428571428571,True,0.6571428571428571,corrected_exact_rescore,rxnhaystack-human-1.6.0,82,0.9433711200000001,2357274,82688,2439962,3910.116194183007,0.800413466989994,3969.4420559909195,411.4921875,matched-qwen3.5-397b-tier3-task10-scale-x100-k1-r01,2026-09-20T12:21:22.957741+00:00,jed19-accel-qwen-matched-accelerated-s06;ground-truth:rxnhaystack-ground-truth-2026-09-25-v2;corrected-score-recovery:rxnhaystack-corrected-score-recovery-2026-09-25-v1
matched_cardinality,matched-provisional,RCP-AIaaS/Qwen/Qwen3.5-397B-A17B,Qwen 3.5,100,scale-x100-k1,3,tier3/task10,2,5,succeeded,0.6799999999999999,True,0.6799999999999999,corrected_exact_rescore,rxnhaystack-human-1.6.0,81,0.89777402,2138092,87059,2225151,4330.380570648238,0.6500177513808012,4352.461465133354,410.34375,matched-qwen3.5-397b-tier3-task10-scale-x100-k1-r02,2026-09-20T12:27:23.666308+00:00,jed19-accel-qwen-matched-accelerated-s07;ground-truth:rxnhaystack-ground-truth-2026-09-25-v2;corrected-score-recovery:rxnhaystack-corrected-score-recovery-2026-09-25-v1
matched_cardinality,matched-provisional,RCP-AIaaS/Qwen/Qwen3.5-397B-A17B,Qwen 3.5,100,scale-x100-k1,3,tier3/task10,3,5,succeeded,0.4666666666666667,True,0.4666666666666667,corrected_exact_rescore,rxnhaystack-human-1.6.0,88,0.9199405499999999,2238317,85972,2324289,3892.7263436429203,1.4092813022434711,3937.8805878423154,405.68359375,matched-qwen3.5-397b-tier3-task10-scale-x100-k1-r03,2026-09-20T12:20:43.279806+00:00,jed19-accel-qwen-matched-accelerated-s08;ground-truth:rxnhaystack-ground-truth-2026-09-25-v2;corrected-score-recovery:rxnhaystack-corrected-score-recovery-2026-09-25-v1
matched_cardinality,matched-provisional,RCP-AIaaS/Qwen/Qwen3.5-397B-A17B,Qwen 3.5,100,scale-x100-k1,3,tier3/task10,4,5,succeeded,0.45714285714285713,True,0.45714285714285713,corrected_exact_rescore,rxnhaystack-human-1.6.0,93,0.98473398,2520807,88299,2609106,5156.188593769446,1.1566077675670385,5180.940481187776,417.05078125,matched-qwen3.5-397b-tier3-task10-scale-x100-k1-r04,2026-09-20T12:41:11.337161+00:00,jed19-accel-qwen-matched-accelerated-s09;ground-truth:rxnhaystack-ground-truth-2026-09-25-v2;corrected-score-recovery:rxnhaystack-corrected-score-recovery-2026-09-25-v1
matched_cardinality,matched-provisional,RCP-AIaaS/Qwen/Qwen3.5-397B-A17B,Qwen 3.5,100,scale-x100-k1,3,tier3/task10,5,5,succeeded,0.66666,True,0.6666666666666667,corrected_exact_rescore,rxnhaystack-human-1.6.0,83,0.9368548999999999,2174626,94683,2269309,4946.784937933087,0.4867041204124689,5018.010364579037,400.8359375,matched-qwen3.5-397b-tier3-task10-scale-x100-k1-r05,2026-09-20T12:38:30.030501+00:00,jed19-accel-qwen-matched-accelerated-s10;ground-truth:rxnhaystack-ground-truth-2026-09-25-v2;corrected-score-recovery:rxnhaystack-corrected-score-recovery-2026-09-25-v1
matched_cardinality,matched-provisional,RCP-AIaaS/Qwen/Qwen3.5-397B-A17B,Qwen 3.5,500,scale-x500-k1,3,tier3/task10,1,5,succeeded,0.5333333333333333,True,0.5333333333333333,corrected_exact_rescore,rxnhaystack-human-1.6.0,98,1.26564037,3294814,107097,3401911,3819.6781037766486,8.649494735524058,3872.401848614216,381.390625,matched-qwen3.5-397b-tier3-task10-scale-x500-k1-r01,2026-09-20T12:19:44.734810+00:00,jed19-accel-qwen-matched-accelerated-s11;ground-truth:rxnhaystack-ground-truth-2026-09-25-v2;corrected-score-recovery:rxnhaystack-corrected-score-recovery-2026-09-25-v1
matched_cardinality,matched-provisional,RCP-AIaaS/Qwen/Qwen3.5-397B-A17B,Qwen 3.5,500,scale-x500-k1,3,tier3/task10,2,5,succeeded,0.49000000000000005,True,0.49000000000000005,corrected_exact_rescore,rxnhaystack-human-1.6.0,96,0.9105456099999999,2317877,86095,2403972,3495.3023852333426,5.857037773355842,3606.4659236501902,400.93359375,matched-qwen3.5-397b-tier3-task10-scale-x500-k1-r02,2026-09-20T12:14:58.883897+00:00,jed19-accel-qwen-matched-accelerated-s12;ground-truth:rxnhaystack-ground-truth-2026-09-25-v2;corrected-score-recovery:rxnhaystack-corrected-score-recovery-2026-09-25-v1
matched_cardinality,matched-provisional,RCP-AIaaS/Qwen/Qwen3.5-397B-A17B,Qwen 3.5,500,scale-x500-k1,3,tier3/task10,3,5,succeeded,0.5,True,0.5,corrected_exact_rescore,rxnhaystack-human-1.6.0,108,1.4746285,3644251,139276,3783527,4227.176125459373,19.6880732960999,4237.603903980926,392.2734375,matched-qwen3.5-397b-tier3-task10-scale-x500-k1-r03,2026-09-20T12:26:35.247195+00:00,jed19-accel-qwen-matched-accelerated-s13;ground-truth:rxnhaystack-ground-truth-2026-09-25-v2;corrected-score-recovery:rxnhaystack-corrected-score-recovery-2026-09-25-v1
matched_cardinality,matched-provisional,RCP-AIaaS/Qwen/Qwen3.5-397B-A17B,Qwen 3.5,500,scale-x500-k1,3,tier3/task10,4,5,succeeded,0.8,True,0.8,corrected_exact_rescore,rxnhaystack-human-1.6.0,96,1.07828215,2555893,103866,2659759,3540.6572599709034,6.9354542922228575,3599.638113135472,404.31640625,matched-qwen3.5-397b-tier3-task10-scale-x500-k1-r04,2026-09-20T12:14:25.600068+00:00,jed19-accel-qwen-matched-accelerated-s14;ground-truth:rxnhaystack-ground-truth-2026-09-25-v2;corrected-score-recovery:rxnhaystack-corrected-score-recovery-2026-09-25-v1
matched_cardinality,matched-provisional,RCP-AIaaS/Qwen/Qwen3.5-397B-A17B,Qwen 3.5,500,scale-x500-k1,3,tier3/task10,5,5,succeeded,0.7333333333333333,True,0.7333333333333333,corrected_exact_rescore,rxnhaystack-human-1.6.0,98,1.2832572200000003,3137512,122357,3259869,3740.116976307705,6.969504356384277,3761.8919861186296,395.6484375,matched-qwen3.5-397b-tier3-task10-scale-x500-k1-r05,2026-09-20T12:16:40.108458+00:00,jed19-accel-qwen-matched-accelerated-s15;ground-truth:rxnhaystack-ground-truth-2026-09-25-v2;corrected-score-recovery:rxnhaystack-corrected-score-recovery-2026-09-25-v1
matched_cardinality,matched-provisional,RCP-AIaaS/Qwen/Qwen3.5-397B-A17B,Qwen 3.5,5000,scale-x5000-k1,3,tier3/task10,1,5,succeeded,0.13334,True,0.13333333333333333,corrected_exact_rescore,rxnhaystack-human-1.6.0,114,1.49939885,3768989,134495,3903484,5230.343455569819,49.90668418072164,5241.212809752673,457.39453125,matched-qwen3.5-397b-tier3-task10-scale-x5000-k1-r01,2026-09-20T12:40:46.035236+00:00,jed19-accel-qwen-matched-accelerated-s16;ground-truth:rxnhaystack-ground-truth-2026-09-25-v2;corrected-score-recovery:rxnhaystack-corrected-score-recovery-2026-09-25-v1
matched_cardinality,matched-provisional,RCP-AIaaS/Qwen/Qwen3.5-397B-A17B,Qwen 3.5,5000,scale-x5000-k1,3,tier3/task10,2,5,succeeded,0.07368666666666668,True,0.0736842105263158,corrected_exact_rescore,rxnhaystack-human-1.6.0,97,1.28766597,3083306,118337,3201643,3741.715149451047,28.66521111689508,3752.2926610913128,444.71875,matched-qwen3.5-397b-tier3-task10-scale-x5000-k1-r02,2026-09-20T20:23:35.216450+00:00,jed19-accel-qwen-matched-accelerated-s17;jed19-credit-qwen-matched-accelerated-r01;ground-truth:rxnhaystack-ground-truth-2026-09-25-v2;corrected-score-recovery:rxnhaystack-corrected-score-recovery-2026-09-25-v1
matched_cardinality,matched-provisional,RCP-AIaaS/Qwen/Qwen3.5-397B-A17B,Qwen 3.5,5000,scale-x5000-k1,3,tier3/task10,3,5,succeeded,0.2666666666666667,True,0.2666666666666667,corrected_exact_rescore,rxnhaystack-human-1.6.0,110,1.39735653,3354939,137458,3492397,3706.262254461646,66.07641111500561,3716.4178264401853,393.71484375,matched-qwen3.5-397b-tier3-task10-scale-x5000-k1-r03,2026-09-20T20:23:00.492606+00:00,jed19-accel-qwen-matched-accelerated-s18;jed19-credit-qwen-matched-accelerated-r02;ground-truth:rxnhaystack-ground-truth-2026-09-25-v2;corrected-score-recovery:rxnhaystack-corrected-score-recovery-2026-09-25-v1
matched_cardinality,matched-provisional,RCP-AIaaS/Qwen/Qwen3.5-397B-A17B,Qwen 3.5,5000,scale-x5000-k1,3,tier3/task10,4,5,succeeded,0.19444444444444445,True,0.19444444444444445,corrected_exact_rescore,rxnhaystack-human-1.6.0,89,1.09511085,2629492,97167,2726659,5761.197108486667,44.213991053402424,5851.651615364477,438.83203125,matched-qwen3.5-397b-tier3-task10-scale-x5000-k1-r04,2026-09-20T12:52:51.919730+00:00,jed19-accel-qwen-matched-accelerated-s19;ground-truth:rxnhaystack-ground-truth-2026-09-25-v2;corrected-score-recovery:rxnhaystack-corrected-score-recovery-2026-09-25-v1
matched_cardinality,matched-provisional,RCP-AIaaS/Qwen/Qwen3.5-397B-A17B,Qwen 3.5,5000,scale-x5000-k1,3,tier3/task10,5,5,succeeded,0.26498285714285713,True,0.2649859943977591,corrected_exact_rescore,rxnhaystack-human-1.6.0,108,1.4536399400000002,3676390,129545,3805935,3534.9784615729004,27.392754903063178,3545.4458316210657,396.46875,matched-qwen3.5-397b-tier3-task10-scale-x5000-k1-r05,2026-09-20T20:20:08.806188+00:00,jed19-accel-qwen-matched-accelerated-s20;jed19-credit-qwen-matched-accelerated-r03;ground-truth:rxnhaystack-ground-truth-2026-09-25-v2;corrected-score-recovery:rxnhaystack-corrected-score-recovery-2026-09-25-v1
matched_cardinality,matched-provisional,RCP-AIaaS/Qwen/Qwen3.5-397B-A17B,Qwen 3.5,50000,scale-x50000-k1,3,tier3/task10,1,5,succeeded,0.01634,True,0.01634920634920635,corrected_exact_rescore,rxnhaystack-human-1.6.0,135,1.5723700299999999,4641531,123058,4764589,4878.12579026632,453.15770939923823,4888.224687363952,562.54296875,matched-qwen3.5-397b-tier3-task10-scale-x50000-k1-r01,2026-09-20T20:42:31.097198+00:00,jed19-accel-qwen-matched-accelerated-s01;jed19-credit-qwen-matched-accelerated-r04;ground-truth:rxnhaystack-ground-truth-2026-09-25-v2;corrected-score-recovery:rxnhaystack-corrected-score-recovery-2026-09-25-v1
matched_cardinality,matched-provisional,RCP-AIaaS/Qwen/Qwen3.5-397B-A17B,Qwen 3.5,50000,scale-x50000-k1,3,tier3/task10,2,5,succeeded,0.01052,True,0.010526315789473686,corrected_exact_rescore,rxnhaystack-human-1.6.0,119,1.45142859,4314007,110381,4424388,4561.303665358573,401.1551449056715,4570.900637164712,517.41796875,matched-qwen3.5-397b-tier3-task10-scale-x50000-k1-r02,2026-09-20T20:37:15.632878+00:00,jed19-accel-qwen-matched-accelerated-s02;jed19-credit-qwen-matched-accelerated-r05;ground-truth:rxnhaystack-ground-truth-2026-09-25-v2;corrected-score-recovery:rxnhaystack-corrected-score-recovery-2026-09-25-v1
matched_cardinality,matched-provisional,RCP-AIaaS/Qwen/Qwen3.5-397B-A17B,Qwen 3.5,50000,scale-x50000-k1,3,tier3/task10,3,5,succeeded,,False,0.01,historical_score_invalidated,rxnhaystack-human-1.6.0,204,2.5818596200000004,3146885,536263,3683148,6655.167230764404,2591.4260369818658,6665.020563360304,734.16015625,matched-qwen3.5-397b-tier3-task10-scale-x50000-k1-r03,2026-09-20T21:12:08.023467+00:00,jed19-accel-qwen-matched-accelerated-s03;jed19-credit-qwen-matched-accelerated-r06;ground-truth:rxnhaystack-ground-truth-2026-09-25-v2
matched_cardinality,matched-provisional,RCP-AIaaS/Qwen/Qwen3.5-397B-A17B,Qwen 3.5,50000,scale-x50000-k1,3,tier3/task10,4,5,succeeded,,False,0.015,historical_score_invalidated,rxnhaystack-human-1.6.0,118,1.1958935899999998,3502036,101971,3604007,3670.1607800554484,209.1079317573458,3681.124165479094,697.3671875,matched-qwen3.5-397b-tier3-task10-scale-x50000-k1-r04,2026-09-20T20:22:24.219415+00:00,jed19-accel-qwen-matched-accelerated-s04;jed19-credit-qwen-matched-accelerated-r07;ground-truth:rxnhaystack-ground-truth-2026-09-25-v2
matched_cardinality,matched-provisional,RCP-AIaaS/Qwen/Qwen3.5-397B-A17B,Qwen 3.5,50000,scale-x50000-k1,3,tier3/task10,5,5,succeeded,0.00838,True,0.008388157894736842,corrected_exact_rescore,rxnhaystack-human-1.6.0,104,1.21819718,3371686,85729,3457415,3690.9563338533044,325.15638993121684,3726.857875643298,571.296875,matched-qwen3.5-397b-tier3-task10-scale-x50000-k1-r05,2026-09-20T13:04:35.368763+00:00,jed19-accel-qwen-matched-accelerated-s05;ground-truth:rxnhaystack-ground-truth-2026-09-25-v2;corrected-score-recovery:rxnhaystack-corrected-score-recovery-2026-09-25-v1
matched_cardinality,matched-provisional,RCP-AIaaS/Qwen/Qwen3.5-397B-A17B,Qwen 3.5,full,scale-xfull-k1,3,tier3/task10,1,5,succeeded,,False,0.01217028585449638,historical_score_invalidated,rxnhaystack-human-1.6.0,98,1.3131355200000001,3058977,115142,3174119,7062.93977409997,804.9022037440445,7073.173766440945,722.6171875,matched-qwen3.5-397b-tier3-task10-scale-xfull-k1-r01,2026-09-20T21:19:01.998494+00:00,jed19-accel-qwen-matched-accelerated-s06;jed19-credit-qwen-matched-accelerated-r08;ground-truth:rxnhaystack-ground-truth-2026-09-25-v2
matched_cardinality,matched-provisional,RCP-AIaaS/Qwen/Qwen3.5-397B-A17B,Qwen 3.5,full,scale-xfull-k1,3,tier3/task10,2,5,succeeded,,False,0.0,historical_score_invalidated,rxnhaystack-human-1.6.0,137,0.0,4971931,152876,5124807,3413.4254504921846,373.41951826540753,3423.3788305432536,646.8671875,matched-qwen3.5-397b-tier3-task10-scale-xfull-k1-r02,2026-09-20T22:50:40.782366+00:00,jed19-accel-qwen-matched-accelerated-s07;jed19-credit-qwen-matched-accelerated-r01;jed19-qwen-swiss-s01;ground-truth:rxnhaystack-ground-truth-2026-09-25-v2
matched_cardinality,matched-provisional,RCP-AIaaS/Qwen/Qwen3.5-397B-A17B,Qwen 3.5,full,scale-xfull-k1,3,tier3/task10,3,5,succeeded,,False,7.04970038773352e-05,historical_score_invalidated,rxnhaystack-human-1.6.0,102,0.0,3278563,105269,3383832,5041.119976801798,1124.9058834649622,5050.098606148735,764.515625,matched-qwen3.5-397b-tier3-task10-scale-xfull-k1-r03,2026-09-23T10:00:01.381860+00:00,jed19-accel-qwen-matched-accelerated-s08;jed19-credit-qwen-matched-accelerated-r02;jed19-qwen-swiss-s02;ground-truth:rxnhaystack-ground-truth-2026-09-25-v2
matched_cardinality,matched-provisional,RCP-AIaaS/Qwen/Qwen3.5-397B-A17B,Qwen 3.5,full,scale-xfull-k1,3,tier3/task10,4,5,succeeded,,False,0.025063291139240506,historical_score_invalidated,rxnhaystack-human-1.6.0,114,0.0,3663147,136824,3799971,6022.757343236357,1338.4123684037477,6031.764404639602,606.01953125,matched-qwen3.5-397b-tier3-task10-scale-xfull-k1-r04,2026-09-23T10:16:23.386359+00:00,jed19-accel-qwen-matched-accelerated-s09;jed19-credit-qwen-matched-accelerated-r03;jed19-qwen-swiss-s03;ground-truth:rxnhaystack-ground-truth-2026-09-25-v2
matched_cardinality,matched-provisional,RCP-AIaaS/Qwen/Qwen3.5-397B-A17B,Qwen 3.5,full,scale-xfull-k1,3,tier3/task10,5,5,succeeded,,False,0.0014234875444839856,historical_score_invalidated,rxnhaystack-human-1.6.0,140,0.0,5579532,156674,5736206,6499.193800320849,1117.2405767217278,6508.824702188373,765.83203125,matched-qwen3.5-397b-tier3-task10-scale-xfull-k1-r05,2026-09-23T10:24:20.485229+00:00,jed19-accel-qwen-matched-accelerated-s10;jed19-credit-qwen-matched-accelerated-r04;jed19-qwen-swiss-s04;ground-truth:rxnhaystack-ground-truth-2026-09-25-v2
matched_cardinality,matched-provisional,RCP-AIaaS/Qwen/Qwen3.5-397B-A17B,Qwen 3.5,5000,cardinality-x5000-k20,3,tier3/task10b,1,5,succeeded,0.3170221327967807,True,0.3170221327967807,not_affected,rxnhaystack-human-1.6.0,107,0.0,3054901,164335,3219236,4948.59251337871,15.157460296526551,4958.329957794398,410.390625,matched-qwen3.5-397b-tier3-task10b-cardinality-x5000-k20-r01,2026-09-23T09:58:29.592936+00:00,jed19-accel-qwen-matched-accelerated-s11;jed19-credit-qwen-matched-accelerated-r05;jed19-qwen-swiss-s01
matched_cardinality,matched-provisional,RCP-AIaaS/Qwen/Qwen3.5-397B-A17B,Qwen 3.5,5000,cardinality-x5000-k20,3,tier3/task10b,2,5,succeeded,0.48009950248756217,True,0.48009950248756217,not_affected,rxnhaystack-human-1.6.0,104,0.0,3201066,143968,3345034,4682.175734270364,17.695143777877092,4687.363930629566,396.97265625,matched-qwen3.5-397b-tier3-task10b-cardinality-x5000-k20-r02,2026-09-23T11:18:19.507688+00:00,jed19-accel-qwen-matched-accelerated-s12;jed19-credit-qwen-matched-accelerated-r06;jed19-qwen-swiss-s02
matched_cardinality,matched-provisional,RCP-AIaaS/Qwen/Qwen3.5-397B-A17B,Qwen 3.5,5000,cardinality-x5000-k20,3,tier3/task10b,3,5,succeeded,0.30561403508771934,True,0.30561403508771934,not_affected,rxnhaystack-human-1.6.0,112,1.53655785,4185141,127858,4312999,4372.63323351182,41.564886724576354,4379.957182716578,415.984375,matched-qwen3.5-397b-tier3-task10b-cardinality-x5000-k20-r03,2026-09-20T21:35:29.954674+00:00,jed19-accel-qwen-matched-accelerated-s13;jed19-credit-qwen-matched-accelerated-r07
matched_cardinality,matched-provisional,RCP-AIaaS/Qwen/Qwen3.5-397B-A17B,Qwen 3.5,5000,cardinality-x5000-k20,3,tier3/task10b,4,5,succeeded,0.4778181138161971,True,0.4778181138161971,not_affected,rxnhaystack-human-1.6.0,101,0.0,3177270,116266,3293536,4333.259647451341,56.37369121052325,4339.738280747086,394.953125,matched-qwen3.5-397b-tier3-task10b-cardinality-x5000-k20-r04,2026-09-23T11:29:16.140884+00:00,jed19-accel-qwen-matched-accelerated-s14;jed19-credit-qwen-matched-accelerated-r08;jed19-qwen-swiss-s03
matched_cardinality,matched-provisional,RCP-AIaaS/Qwen/Qwen3.5-397B-A17B,Qwen 3.5,5000,cardinality-x5000-k20,3,tier3/task10b,5,5,succeeded,0.48028695794655524,True,0.48028695794655524,not_affected,rxnhaystack-human-1.6.0,112,0.0,3455449,168458,3623907,6237.7051417045295,19.841465102508664,6243.770556481555,398.4140625,matched-qwen3.5-397b-tier3-task10b-cardinality-x5000-k20-r05,2026-09-23T12:08:52.920917+00:00,jed19-accel-qwen-matched-accelerated-s15;jed19-qwen-swiss-s04
matched_cardinality,matched-provisional,RCP-AIaaS/Qwen/Qwen3.5-397B-A17B,Qwen 3.5,5000,cardinality-x5000-k5,3,tier3/task10b,1,5,succeeded,0.4261904761904762,True,0.4261904761904762,not_affected,rxnhaystack-human-1.6.0,101,0.0,2970896,118883,3089779,3969.6415595989674,52.87558444403112,3976.5601692572236,414.9609375,matched-qwen3.5-397b-tier3-task10b-cardinality-x5000-k5-r01,2026-09-23T11:05:13.996699+00:00,jed19-accel-qwen-matched-accelerated-s16;jed19-qwen-swiss-s01
matched_cardinality,matched-provisional,RCP-AIaaS/Qwen/Qwen3.5-397B-A17B,Qwen 3.5,5000,cardinality-x5000-k5,3,tier3/task10b,2,5,failed,,False,,not_affected,rxnhaystack-human-1.6.0,,,,,,,,,,matched-qwen3.5-397b-tier3-task10b-cardinality-x5000-k5-r02,2026-09-23T11:31:40.651534+00:00,jed19-accel-qwen-matched-accelerated-s17;jed19-qwen-swiss-s02
matched_cardinality,matched-provisional,RCP-AIaaS/Qwen/Qwen3.5-397B-A17B,Qwen 3.5,5000,cardinality-x5000-k5,3,tier3/task10b,3,5,succeeded,0.4786080586080586,True,0.4786080586080586,not_affected,rxnhaystack-human-1.6.0,105,0.0,2829694,140818,2970512,5841.179327636957,16.508107071742415,5846.98103434965,398.00390625,matched-qwen3.5-397b-tier3-task10b-cardinality-x5000-k5-r03,2026-09-23T13:06:43.558175+00:00,jed19-accel-qwen-matched-accelerated-s18;jed19-qwen-swiss-s03
matched_cardinality,matched-provisional,RCP-AIaaS/Qwen/Qwen3.5-397B-A17B,Qwen 3.5,5000,cardinality-x5000-k5,3,tier3/task10b,4,5,succeeded,0.45396825396825397,True,0.45396825396825397,not_affected,rxnhaystack-human-1.6.0,107,0.0,3420221,145326,3565547,5463.381664594635,31.761257205158472,5469.68060762994,425.0625,matched-qwen3.5-397b-tier3-task10b-cardinality-x5000-k5-r04,2026-09-23T13:40:04.464010+00:00,jed19-accel-qwen-matched-accelerated-s19;jed19-qwen-swiss-s04
matched_cardinality,matched-provisional,RCP-AIaaS/Qwen/Qwen3.5-397B-A17B,Qwen 3.5,5000,cardinality-x5000-k5,3,tier3/task10b,5,5,succeeded,0.3670383631713555,True,0.3670383631713555,not_affected,rxnhaystack-human-1.6.0,107,0.0,3171570,141889,3313459,6015.347407573834,43.00391958281398,6022.328463668004,450.4765625,matched-qwen3.5-397b-tier3-task10b-cardinality-x5000-k5-r05,2026-09-23T12:45:38.142648+00:00,jed19-accel-qwen-matched-accelerated-s20;jed19-qwen-swiss-s01
matched_cardinality,matched-provisional,RCP-AIaaS/Qwen/Qwen3.5-397B-A17B,Qwen 3.5,100,scale-x100-k1,3,tier3/task10b,1,5,failed,,False,,not_affected,rxnhaystack-human-1.6.0,,,,,,,,,,matched-qwen3.5-397b-tier3-task10b-scale-x100-k1-r01,2026-09-23T12:09:31.269540+00:00,jed19-accel-qwen-matched-accelerated-s01;jed19-credit-qwen-matched-accelerated-r07;jed19-qwen-swiss-s02
matched_cardinality,matched-provisional,RCP-AIaaS/Qwen/Qwen3.5-397B-A17B,Qwen 3.5,100,scale-x100-k1,3,tier3/task10b,2,5,succeeded,0.7333333333333333,True,0.7333333333333333,not_affected,rxnhaystack-human-1.6.0,74,0.0,2139246,84543,2223789,3449.245637299493,0.5479213017970324,3455.846407853067,366.21875,matched-qwen3.5-397b-tier3-task10b-scale-x100-k1-r02,2026-09-23T14:05:45.115631+00:00,jed19-accel-qwen-matched-accelerated-s02;jed19-qwen-swiss-s03
matched_cardinality,matched-provisional,RCP-AIaaS/Qwen/Qwen3.5-397B-A17B,Qwen 3.5,100,scale-x100-k1,3,tier3/task10b,3,5,succeeded,0.6666666666666666,True,0.6666666666666666,not_affected,rxnhaystack-human-1.6.0,83,0.0,2650690,78587,2729277,3949.9899280983955,0.8944501467049122,3956.8400615379214,396.93359375,matched-qwen3.5-397b-tier3-task10b-scale-x100-k1-r03,2026-09-23T14:46:02.194717+00:00,jed19-accel-qwen-matched-accelerated-s03;jed19-qwen-swiss-s04
matched_cardinality,matched-provisional,RCP-AIaaS/Qwen/Qwen3.5-397B-A17B,Qwen 3.5,100,scale-x100-k1,3,tier3/task10b,4,5,succeeded,0.6333333333333333,True,0.6333333333333333,not_affected,rxnhaystack-human-1.6.0,77,0.0,2931191,81045,3012236,3418.3103354610503,0.9504109267145395,3425.6925309803337,372.671875,matched-qwen3.5-397b-tier3-task10b-scale-x100-k1-r04,2026-09-23T13:42:46.773523+00:00,jed19-accel-qwen-matched-accelerated-s04;jed19-qwen-swiss-s01
matched_cardinality,matched-provisional,RCP-AIaaS/Qwen/Qwen3.5-397B-A17B,Qwen 3.5,100,scale-x100-k1,3,tier3/task10b,5,5,succeeded,0.5333333333333333,True,0.5333333333333333,not_affected,rxnhaystack-human-1.6.0,188,0.0,2496653,74520,2571173,5510.126900004223,2534.342996943742,5516.369080485776,414.296875,matched-qwen3.5-397b-tier3-task10b-scale-x100-k1-r05,2026-09-23T13:41:28.085146+00:00,jed19-accel-qwen-matched-accelerated-s05;jed19-qwen-swiss-s02
matched_cardinality,matched-provisional,RCP-AIaaS/Qwen/Qwen3.5-397B-A17B,Qwen 3.5,500,scale-x500-k1,3,tier3/task10b,1,5,succeeded,0.4901960784313726,True,0.4901960784313726,not_affected,rxnhaystack-human-1.6.0,116,0.0,4031326,150371,4181697,6140.6575492639095,3.1070614997297525,6222.320783259347,422.93359375,matched-qwen3.5-397b-tier3-task10b-scale-x500-k1-r01,2026-09-23T15:49:28.192854+00:00,jed19-accel-qwen-matched-accelerated-s06;jed19-qwen-swiss-s03
matched_cardinality,matched-provisional,RCP-AIaaS/Qwen/Qwen3.5-397B-A17B,Qwen 3.5,500,scale-x500-k1,3,tier3/task10b,2,5,succeeded,0.4666666666666667,True,0.4666666666666667,not_affected,rxnhaystack-human-1.6.0,96,0.0,2897397,120696,3018093,5167.972729420289,2.6956190299242735,5197.320944305509,418.62109375,matched-qwen3.5-397b-tier3-task10b-scale-x500-k1-r02,2026-09-23T16:12:40.319519+00:00,jed19-accel-qwen-matched-accelerated-s07;jed19-qwen-swiss-s04
matched_cardinality,matched-provisional,RCP-AIaaS/Qwen/Qwen3.5-397B-A17B,Qwen 3.5,500,scale-x500-k1,3,tier3/task10b,3,5,succeeded,0.6,True,0.6,not_affected,rxnhaystack-human-1.6.0,101,0.0,2970251,112752,3083003,5215.09352138266,3.382282407954335,5221.36924181506,413.93359375,matched-qwen3.5-397b-tier3-task10b-scale-x500-k1-r03,2026-09-23T15:09:48.593421+00:00,jed19-accel-qwen-matched-accelerated-s08;jed19-qwen-swiss-s01
matched_cardinality,matched-provisional,RCP-AIaaS/Qwen/Qwen3.5-397B-A17B,Qwen 3.5,500,scale-x500-k1,3,tier3/task10b,4,5,succeeded,0.3111111111111111,True,0.3111111111111111,not_affected,rxnhaystack-human-1.6.0,619,0.0,3833728,159194,3992922,17937.291718522087,12769.203832359985,17943.529165791348,485.05078125,matched-qwen3.5-397b-tier3-task10b-scale-x500-k1-r04,2026-09-23T18:40:32.105782+00:00,jed19-accel-qwen-matched-accelerated-s09;jed19-qwen-swiss-s02
matched_cardinality,matched-provisional,RCP-AIaaS/Qwen/Qwen3.5-397B-A17B,Qwen 3.5,500,scale-x500-k1,3,tier3/task10b,5,5,succeeded,0.48,True,0.48,not_affected,rxnhaystack-human-1.6.0,113,0.0,2311239,113918,2425157,5131.839034503326,636.1918398160487,5190.571683658287,407.53515625,matched-qwen3.5-397b-tier3-task10b-scale-x500-k1-r05,2026-09-23T17:16:20.505619+00:00,jed19-accel-qwen-matched-accelerated-s10;jed19-qwen-swiss-s03
matched_cardinality,matched-provisional,RCP-AIaaS/Qwen/Qwen3.5-397B-A17B,Qwen 3.5,5000,scale-x5000-k1,3,tier3/task10b,1,5,succeeded,0.2571428571428571,True,0.2571428571428571,not_affected,rxnhaystack-human-1.6.0,127,0.0,4623191,174668,4797859,6213.692519066855,72.16166028007865,6246.993104938418,442.72265625,matched-qwen3.5-397b-tier3-task10b-scale-x5000-k1-r01,2026-09-23T17:57:24.815020+00:00,jed19-accel-qwen-matched-accelerated-s11;jed19-qwen-swiss-s04
matched_cardinality,matched-provisional,RCP-AIaaS/Qwen/Qwen3.5-397B-A17B,Qwen 3.5,5000,scale-x5000-k1,3,tier3/task10b,2,5,succeeded,0.2993966817496229,True,0.2993966817496229,not_affected,rxnhaystack-human-1.6.0,107,0.0,3231071,130572,3361643,5352.718439266086,27.416129164397717,5358.692484956235,384.6953125,matched-qwen3.5-397b-tier3-task10b-scale-x5000-k1-r02,2026-09-23T16:39:08.090254+00:00,jed19-accel-qwen-matched-accelerated-s12;jed19-qwen-swiss-s01
matched_cardinality,matched-provisional,RCP-AIaaS/Qwen/Qwen3.5-397B-A17B,Qwen 3.5,5000,scale-x5000-k1,3,tier3/task10b,3,5,succeeded,0.24888888888888888,True,0.24888888888888888,not_affected,rxnhaystack-human-1.6.0,72,0.0,1328998,90085,1419083,8991.161034174263,49.609485767781734,8997.277001231909,422.0546875,matched-qwen3.5-397b-tier3-task10b-scale-x5000-k1-r03,2026-09-23T21:10:29.929045+00:00,jed19-accel-qwen-matched-accelerated-s13;jed19-qwen-swiss-s02
matched_cardinality,matched-provisional,RCP-AIaaS/Qwen/Qwen3.5-397B-A17B,Qwen 3.5,5000,scale-x5000-k1,3,tier3/task10b,4,5,succeeded,0.27722036417688595,True,0.27722036417688595,not_affected,rxnhaystack-human-1.6.0,121,0.0,3976599,125162,4101761,4647.747475111857,58.02267687395215,4706.194884113967,415.234375,matched-qwen3.5-397b-tier3-task10b-scale-x5000-k1-r04,2026-09-23T18:36:42.876218+00:00,jed19-accel-qwen-matched-accelerated-s14;jed19-qwen-swiss-s03
matched_cardinality,matched-provisional,RCP-AIaaS/Qwen/Qwen3.5-397B-A17B,Qwen 3.5,5000,scale-x5000-k1,3,tier3/task10b,5,5,succeeded,0.22814814814814816,True,0.22814814814814816,not_affected,rxnhaystack-human-1.6.0,93,0.0,2995342,113285,3108627,6180.714220382273,35.64909768477082,6189.1378675326705,417.5703125,matched-qwen3.5-397b-tier3-task10b-scale-x5000-k1-r05,2026-09-23T19:40:53.356288+00:00,jed19-accel-qwen-matched-accelerated-s15;jed19-qwen-swiss-s04
matched_cardinality,matched-provisional,RCP-AIaaS/Qwen/Qwen3.5-397B-A17B,Qwen 3.5,50000,scale-x50000-k1,3,tier3/task10b,1,5,succeeded,0.05540710288911728,True,0.05540710288911728,not_affected,rxnhaystack-human-1.6.0,109,0.0,3350855,138280,3489135,5183.177940323949,295.1526568867266,5191.4403354637325,524.33984375,matched-qwen3.5-397b-tier3-task10b-scale-x50000-k1-r01,2026-09-23T18:05:42.631254+00:00,jed19-accel-qwen-matched-accelerated-s16;jed19-qwen-swiss-s01
matched_cardinality,matched-provisional,RCP-AIaaS/Qwen/Qwen3.5-397B-A17B,Qwen 3.5,50000,scale-x50000-k1,3,tier3/task10b,2,5,succeeded,0.028571428571428574,True,0.028571428571428574,not_affected,rxnhaystack-human-1.6.0,84,0.0,2063614,98216,2161830,8431.76449729316,365.52888677455485,8437.816471338272,516.64453125,matched-qwen3.5-397b-tier3-task10b-scale-x50000-k1-r02,2026-09-23T23:31:46.140625+00:00,jed19-accel-qwen-matched-accelerated-s17;jed19-qwen-swiss-s02
matched_cardinality,matched-provisional,RCP-AIaaS/Qwen/Qwen3.5-397B-A17B,Qwen 3.5,50000,scale-x50000-k1,3,tier3/task10b,3,5,succeeded,0.018048663938279884,True,0.018048663938279884,not_affected,rxnhaystack-human-1.6.0,62,0.0,1452291,61390,1513681,6003.236281691119,128.04239601269364,6014.29372391291,672.71875,matched-qwen3.5-397b-tier3-task10b-scale-x50000-k1-r03,2026-09-23T20:19:43.368136+00:00,jed19-accel-qwen-matched-accelerated-s18;jed19-qwen-swiss-s03
matched_cardinality,matched-provisional,RCP-AIaaS/Qwen/Qwen3.5-397B-A17B,Qwen 3.5,50000,scale-x50000-k1,3,tier3/task10b,4,5,succeeded,0.026666666666666665,True,0.026666666666666665,not_affected,rxnhaystack-human-1.6.0,71,0.0,1512426,75104,1587530,8121.885972687975,212.44328064471483,8130.250360660255,559.19140625,matched-qwen3.5-397b-tier3-task10b-scale-x50000-k1-r04,2026-09-23T21:56:29.034242+00:00,jed19-accel-qwen-matched-accelerated-s19;jed19-qwen-swiss-s04
matched_cardinality,matched-provisional,RCP-AIaaS/Qwen/Qwen3.5-397B-A17B,Qwen 3.5,50000,scale-x50000-k1,3,tier3/task10b,5,5,failed,,False,,not_affected,rxnhaystack-human-1.6.0,,,,,,,,,,matched-qwen3.5-397b-tier3-task10b-scale-x50000-k1-r05,2026-09-23T19:08:03.885887+00:00,jed19-accel-qwen-matched-accelerated-s20;jed19-qwen-swiss-s01
matched_cardinality,matched-provisional,RCP-AIaaS/Qwen/Qwen3.5-397B-A17B,Qwen 3.5,full,scale-xfull-k1,3,tier3/task10b,1,5,succeeded,0.04501515962190119,True,0.04501515962190119,not_affected,rxnhaystack-human-1.6.0,119,0.0,4240624,158943,4399567,5168.451545631513,387.357792198658,5190.803476387635,929.11328125,matched-qwen3.5-397b-tier3-task10b-scale-xfull-k1-r01,2026-09-24T00:58:17.473300+00:00,jed19-accel-qwen-matched-accelerated-s01;jed19-qwen-swiss-s02
matched_cardinality,matched-provisional,RCP-AIaaS/Qwen/Qwen3.5-397B-A17B,Qwen 3.5,full,scale-xfull-k1,3,tier3/task10b,2,5,succeeded,0.0020662471016893013,True,0.0020662471016893013,not_affected,rxnhaystack-human-1.6.0,72,0.0,1436897,69773,1506670,8510.085352741182,329.893559101969,8574.825916139409,781.05859375,matched-qwen3.5-397b-tier3-task10b-scale-xfull-k1-r02,2026-09-23T22:42:39.266778+00:00,jed19-accel-qwen-matched-accelerated-s02;jed19-qwen-swiss-s03
matched_cardinality,matched-provisional,RCP-AIaaS/Qwen/Qwen3.5-397B-A17B,Qwen 3.5,full,scale-xfull-k1,3,tier3/task10b,3,5,failed,,False,,not_affected,rxnhaystack-human-1.6.0,,,,,,,,,,matched-qwen3.5-397b-tier3-task10b-scale-xfull-k1-r03,2026-09-23T22:52:09.613033+00:00,jed19-accel-qwen-matched-accelerated-s03;jed19-qwen-swiss-s04
matched_cardinality,matched-provisional,RCP-AIaaS/Qwen/Qwen3.5-397B-A17B,Qwen 3.5,full,scale-xfull-k1,3,tier3/task10b,4,5,failed,,False,,not_affected,rxnhaystack-human-1.6.0,,,,,,,,,,matched-qwen3.5-397b-tier3-task10b-scale-xfull-k1-r04,2026-09-23T20:12:45.935375+00:00,jed19-accel-qwen-matched-accelerated-s04;jed19-qwen-swiss-s01
matched_cardinality,matched-provisional,RCP-AIaaS/Qwen/Qwen3.5-397B-A17B,Qwen 3.5,full,scale-xfull-k1,3,tier3/task10b,5,5,succeeded,0.003657492577548678,True,0.003657492577548678,not_affected,rxnhaystack-human-1.6.0,124,0.0,3921719,158254,4079973,5452.2498286198825,680.1522769201547,5458.730361063033,876.6953125,matched-qwen3.5-397b-tier3-task10b-scale-xfull-k1-r05,2026-09-24T02:29:16.755713+00:00,jed19-accel-qwen-matched-accelerated-s05;jed19-qwen-swiss-s02
matched_cardinality,matched-provisional,RCP-AIaaS/Qwen/Qwen3.5-397B-A17B,Qwen 3.5,5000,cardinality-x5000-k20,3,tier3/task13,1,1,succeeded,1.0,True,1.0,not_affected,rxnhaystack-human-1.6.0,6,0.0,35656,1349,37005,208.60075762309134,1.8073497973382473,213.85992041043937,365.1640625,matched-qwen3.5-397b-tier3-task13-cardinality-x5000-k20-r01,2026-09-23T22:47:07.423510+00:00,jed19-accel-qwen-matched-accelerated-s06;jed19-qwen-swiss-s03
matched_cardinality,matched-provisional,RCP-AIaaS/Qwen/Qwen3.5-397B-A17B,Qwen 3.5,5000,cardinality-x5000-k20,3,tier3/task13,2,1,succeeded,1.0,True,1.0,not_affected,rxnhaystack-human-1.6.0,4,0.0,21860,1739,23599,286.998723205179,1.8090820256620646,292.69232930988073,357.08984375,matched-qwen3.5-397b-tier3-task13-cardinality-x5000-k20-r02,2026-09-23T22:57:21.707307+00:00,jed19-accel-qwen-matched-accelerated-s07;jed19-qwen-swiss-s04
matched_cardinality,matched-provisional,RCP-AIaaS/Qwen/Qwen3.5-397B-A17B,Qwen 3.5,5000,cardinality-x5000-k20,3,tier3/task13,3,1,succeeded,1.0,True,1.0,not_affected,rxnhaystack-human-1.6.0,4,0.0,20419,1374,21793,124.20245293527842,1.84273961186409,135.2314587123692,360.9453125,matched-qwen3.5-397b-tier3-task13-cardinality-x5000-k20-r03,2026-09-23T20:17:03.595735+00:00,jed19-accel-qwen-matched-accelerated-s08;jed19-qwen-swiss-s01
matched_cardinality,matched-provisional,RCP-AIaaS/Qwen/Qwen3.5-397B-A17B,Qwen 3.5,5000,cardinality-x5000-k20,3,tier3/task13,4,1,succeeded,1.0,True,1.0,not_affected,rxnhaystack-human-1.6.0,9,0.0,65523,2260,67783,334.2486344669014,1.8870907165110111,398.65210412815213,362.84765625,matched-qwen3.5-397b-tier3-task13-cardinality-x5000-k20-r04,2026-09-24T02:36:19.379141+00:00,jed19-accel-qwen-matched-accelerated-s09;jed19-qwen-swiss-s02
matched_cardinality,matched-provisional,RCP-AIaaS/Qwen/Qwen3.5-397B-A17B,Qwen 3.5,5000,cardinality-x5000-k20,3,tier3/task13,5,1,succeeded,1.0,True,1.0,not_affected,rxnhaystack-human-1.6.0,4,0.0,20587,1531,22118,238.7590178605169,1.7992550060153008,303.90947307646275,361.58984375,matched-qwen3.5-397b-tier3-task13-cardinality-x5000-k20-r05,2026-09-23T22:52:11.870936+00:00,jed19-accel-qwen-matched-accelerated-s10;jed19-qwen-swiss-s03
matched_cardinality,matched-provisional,RCP-AIaaS/Qwen/Qwen3.5-397B-A17B,Qwen 3.5,5000,cardinality-x5000-k5,3,tier3/task13,1,1,succeeded,1.0,True,1.0,not_affected,rxnhaystack-human-1.6.0,5,0.0,27944,1606,29550,228.22350652888417,1.8259075544774532,233.8273215405643,365.15234375,matched-qwen3.5-397b-tier3-task13-cardinality-x5000-k5-r01,2026-09-23T23:01:16.063238+00:00,jed19-accel-qwen-matched-accelerated-s11;jed19-qwen-swiss-s04
matched_cardinality,matched-provisional,RCP-AIaaS/Qwen/Qwen3.5-397B-A17B,Qwen 3.5,5000,cardinality-x5000-k5,3,tier3/task13,2,1,succeeded,1.0,True,1.0,not_affected,rxnhaystack-human-1.6.0,5,0.0,32872,2560,35432,184.97836405225098,1.8440582025796175,206.31154768541455,363.7890625,matched-qwen3.5-397b-tier3-task13-cardinality-x5000-k5-r02,2026-09-23T20:20:43.016122+00:00,jed19-accel-qwen-matched-accelerated-s12;jed19-qwen-swiss-s01
matched_cardinality,matched-provisional,RCP-AIaaS/Qwen/Qwen3.5-397B-A17B,Qwen 3.5,5000,cardinality-x5000-k5,3,tier3/task13,3,1,succeeded,1.0,True,1.0,not_affected,rxnhaystack-human-1.6.0,7,0.0,98634,3382,102016,501.66857817582786,3.8998027108609676,507.52834403701127,358.5703125,matched-qwen3.5-397b-tier3-task13-cardinality-x5000-k5-r03,2026-09-24T02:44:47.413115+00:00,jed19-accel-qwen-matched-accelerated-s13;jed19-qwen-swiss-s02
matched_cardinality,matched-provisional,RCP-AIaaS/Qwen/Qwen3.5-397B-A17B,Qwen 3.5,5000,cardinality-x5000-k5,3,tier3/task13,4,1,succeeded,1.0,True,1.0,not_affected,rxnhaystack-human-1.6.0,5,0.0,30164,1946,32110,273.442619740963,1.8035431392490864,278.7237547505647,355.58203125,matched-qwen3.5-397b-tier3-task13-cardinality-x5000-k5-r04,2026-09-23T22:56:51.060233+00:00,jed19-accel-qwen-matched-accelerated-s14;jed19-qwen-swiss-s03
matched_cardinality,matched-provisional,RCP-AIaaS/Qwen/Qwen3.5-397B-A17B,Qwen 3.5,5000,cardinality-x5000-k5,3,tier3/task13,5,1,succeeded,1.0,True,1.0,not_affected,rxnhaystack-human-1.6.0,7,0.0,45568,1996,47564,222.69047344848514,1.817218454554677,228.2423593737185,355.69921875,matched-qwen3.5-397b-tier3-task13-cardinality-x5000-k5-r05,2026-09-23T23:05:04.894445+00:00,jed19-accel-qwen-matched-accelerated-s15;jed19-qwen-swiss-s04
matched_cardinality,matched-provisional,RCP-AIaaS/Qwen/Qwen3.5-397B-A17B,Qwen 3.5,100,scale-x100-k1,3,tier3/task13,1,1,succeeded,1.0,True,1.0,not_affected,rxnhaystack-human-1.6.0,5,0.0,28365,1457,29822,138.7412864305079,0.04243602603673935,144.44420662894845,356.86328125,matched-qwen3.5-397b-tier3-task13-scale-x100-k1-r01,2026-09-23T20:23:08.635000+00:00,jed19-accel-qwen-matched-accelerated-s16;jed19-qwen-swiss-s01
matched_cardinality,matched-provisional,RCP-AIaaS/Qwen/Qwen3.5-397B-A17B,Qwen 3.5,100,scale-x100-k1,3,tier3/task13,2,1,succeeded,1.0,True,1.0,not_affected,rxnhaystack-human-1.6.0,5,0.0,29014,1697,30711,259.8623607996851,0.047494083642959595,265.2409573402256,357.1953125,matched-qwen3.5-397b-tier3-task13-scale-x100-k1-r02,2026-09-24T02:49:47.637568+00:00,jed19-accel-qwen-matched-accelerated-s17;jed19-qwen-swiss-s02
matched_cardinality,matched-provisional,RCP-AIaaS/Qwen/Qwen3.5-397B-A17B,Qwen 3.5,100,scale-x100-k1,3,tier3/task13,3,1,succeeded,1.0,True,1.0,not_affected,rxnhaystack-human-1.6.0,6,0.0,37168,1826,38994,243.74012391269207,0.0788045097142458,248.92553257755935,352.296875,matched-qwen3.5-397b-tier3-task13-scale-x100-k1-r03,2026-09-23T23:01:00.454497+00:00,jed19-accel-qwen-matched-accelerated-s18;jed19-qwen-swiss-s03
matched_cardinality,matched-provisional,RCP-AIaaS/Qwen/Qwen3.5-397B-A17B,Qwen 3.5,100,scale-x100-k1,3,tier3/task13,4,1,succeeded,1.0,True,1.0,not_affected,rxnhaystack-human-1.6.0,5,0.0,29138,1644,30782,177.4394855480641,0.048186006024479866,182.60442173480988,358.16796875,matched-qwen3.5-397b-tier3-task13-scale-x100-k1-r04,2026-09-23T23:08:08.128340+00:00,jed19-accel-qwen-matched-accelerated-s19;jed19-qwen-swiss-s04
matched_cardinality,matched-provisional,RCP-AIaaS/Qwen/Qwen3.5-397B-A17B,Qwen 3.5,100,scale-x100-k1,3,tier3/task13,5,1,succeeded,1.0,True,1.0,not_affected,rxnhaystack-human-1.6.0,6,0.0,34504,1783,36287,151.78057396411896,0.043607067316770554,157.0983866583556,361.2890625,matched-qwen3.5-397b-tier3-task13-scale-x100-k1-r05,2026-09-23T20:25:46.850469+00:00,jed19-accel-qwen-matched-accelerated-s20;jed19-qwen-swiss-s01
matched_cardinality,matched-provisional,RCP-AIaaS/Qwen/Qwen3.5-397B-A17B,Qwen 3.5,500,scale-x500-k1,3,tier3/task13,1,1,succeeded,1.0,True,1.0,not_affected,rxnhaystack-human-1.6.0,5,0.0,26627,1196,27823,194.0427948590368,0.19276987202465534,199.65392738766968,358.45703125,matched-qwen3.5-397b-tier3-task13-scale-x500-k1-r01,2026-09-24T02:53:08.636676+00:00,jed19-accel-qwen-matched-accelerated-s01;jed19-qwen-swiss-s02
matched_cardinality,matched-provisional,RCP-AIaaS/Qwen/Qwen3.5-397B-A17B,Qwen 3.5,500,scale-x500-k1,3,tier3/task13,2,1,succeeded,1.0,True,1.0,not_affected,rxnhaystack-human-1.6.0,5,0.0,27476,1318,28794,132.20374766364694,0.18582452274858952,139.95921424217522,353.1171875,matched-qwen3.5-397b-tier3-task13-scale-x500-k1-r02,2026-09-23T23:03:20.894393+00:00,jed19-accel-qwen-matched-accelerated-s02;jed19-qwen-swiss-s03
matched_cardinality,matched-provisional,RCP-AIaaS/Qwen/Qwen3.5-397B-A17B,Qwen 3.5,500,scale-x500-k1,3,tier3/task13,3,1,succeeded,1.0,True,1.0,not_affected,rxnhaystack-human-1.6.0,5,0.0,28154,1445,29599,189.4932780545205,0.19401689991354942,194.90119176916778,354.421875,matched-qwen3.5-397b-tier3-task13-scale-x500-k1-r03,2026-09-23T23:11:23.541655+00:00,jed19-accel-qwen-matched-accelerated-s03;jed19-qwen-swiss-s04
matched_cardinality,matched-provisional,RCP-AIaaS/Qwen/Qwen3.5-397B-A17B,Qwen 3.5,500,scale-x500-k1,3,tier3/task13,4,1,succeeded,1.0,True,1.0,not_affected,rxnhaystack-human-1.6.0,5,0.0,27392,1444,28836,132.71488308906555,0.1932015959173441,138.01288962177932,356.8359375,matched-qwen3.5-397b-tier3-task13-scale-x500-k1-r04,2026-09-23T20:28:05.797398+00:00,jed19-accel-qwen-matched-accelerated-s04;jed19-qwen-swiss-s01
matched_cardinality,matched-provisional,RCP-AIaaS/Qwen/Qwen3.5-397B-A17B,Qwen 3.5,500,scale-x500-k1,3,tier3/task13,5,1,succeeded,1.0,True,1.0,not_affected,rxnhaystack-human-1.6.0,8,0.0,61813,2934,64747,342.80146373808384,0.19230221584439278,348.5074869003147,352.80078125,matched-qwen3.5-397b-tier3-task13-scale-x500-k1-r05,2026-09-24T02:58:57.674887+00:00,jed19-accel-qwen-matched-accelerated-s05;jed19-qwen-swiss-s02
matched_cardinality,matched-provisional,RCP-AIaaS/Qwen/Qwen3.5-397B-A17B,Qwen 3.5,5000,scale-x5000-k1,3,tier3/task13,1,1,succeeded,1.0,True,1.0,not_affected,rxnhaystack-human-1.6.0,6,0.0,36049,1623,37672,213.62811574339867,1.8309330828487873,256.69627687707543,357.66015625,matched-qwen3.5-397b-tier3-task13-scale-x5000-k1-r01,2026-09-23T23:07:38.094929+00:00,jed19-accel-qwen-matched-accelerated-s06;jed19-qwen-swiss-s03
matched_cardinality,matched-provisional,RCP-AIaaS/Qwen/Qwen3.5-397B-A17B,Qwen 3.5,5000,scale-x5000-k1,3,tier3/task13,2,1,succeeded,1.0,True,1.0,not_affected,rxnhaystack-human-1.6.0,5,0.0,27830,1383,29213,136.76276611350477,1.883352231234312,156.08576482906938,369.6171875,matched-qwen3.5-397b-tier3-task13-scale-x5000-k1-r02,2026-09-23T23:14:00.162671+00:00,jed19-accel-qwen-matched-accelerated-s07;jed19-qwen-swiss-s04
matched_cardinality,matched-provisional,RCP-AIaaS/Qwen/Qwen3.5-397B-A17B,Qwen 3.5,5000,scale-x5000-k1,3,tier3/task13,3,1,succeeded,1.0,True,1.0,not_affected,rxnhaystack-human-1.6.0,6,0.0,36824,1726,38550,265.92760017700493,1.811067821457982,271.3315550535917,358.1796875,matched-qwen3.5-397b-tier3-task13-scale-x5000-k1-r03,2026-09-23T20:32:38.235816+00:00,jed19-accel-qwen-matched-accelerated-s08;jed19-qwen-swiss-s01
matched_cardinality,matched-provisional,RCP-AIaaS/Qwen/Qwen3.5-397B-A17B,Qwen 3.5,5000,scale-x5000-k1,3,tier3/task13,4,1,succeeded,1.0,True,1.0,not_affected,rxnhaystack-human-1.6.0,5,0.0,28588,1629,30217,216.6757610347122,1.8863280825316906,222.0132117792964,361.34375,matched-qwen3.5-397b-tier3-task13-scale-x5000-k1-r04,2026-09-24T03:02:42.383409+00:00,jed19-accel-qwen-matched-accelerated-s09;jed19-qwen-swiss-s02
matched_cardinality,matched-provisional,RCP-AIaaS/Qwen/Qwen3.5-397B-A17B,Qwen 3.5,5000,scale-x5000-k1,3,tier3/task13,5,1,succeeded,1.0,True,1.0,not_affected,rxnhaystack-human-1.6.0,5,0.0,29019,1663,30682,188.50888727977872,1.8269177488982677,193.8244211114943,361.953125,matched-qwen3.5-397b-tier3-task13-scale-x5000-k1-r05,2026-09-23T23:10:52.479076+00:00,jed19-accel-qwen-matched-accelerated-s10;jed19-qwen-swiss-s03
matched_cardinality,matched-provisional,RCP-AIaaS/Qwen/Qwen3.5-397B-A17B,Qwen 3.5,50000,scale-x50000-k1,3,tier3/task13,1,1,succeeded,1.0,True,1.0,not_affected,rxnhaystack-human-1.6.0,10,0.0,95376,4217,99593,289.2940402068198,19.17912331596017,295.08681751973927,390.77734375,matched-qwen3.5-397b-tier3-task13-scale-x50000-k1-r01,2026-09-23T23:18:57.309809+00:00,jed19-accel-qwen-matched-accelerated-s11;jed19-qwen-swiss-s04
matched_cardinality,matched-provisional,RCP-AIaaS/Qwen/Qwen3.5-397B-A17B,Qwen 3.5,50000,scale-x50000-k1,3,tier3/task13,2,1,succeeded,1.0,True,1.0,not_affected,rxnhaystack-human-1.6.0,10,0.0,94651,4845,99496,659.1296129636467,18.893971044570208,683.0351277887821,404.1171875,matched-qwen3.5-397b-tier3-task13-scale-x50000-k1-r02,2026-09-23T20:44:02.165054+00:00,jed19-accel-qwen-matched-accelerated-s12;jed19-qwen-swiss-s01
matched_cardinality,matched-provisional,RCP-AIaaS/Qwen/Qwen3.5-397B-A17B,Qwen 3.5,50000,scale-x50000-k1,3,tier3/task13,3,1,succeeded,1.0,True,1.0,not_affected,rxnhaystack-human-1.6.0,6,0.0,36646,2538,39184,313.10283243097365,37.812043111771345,337.3666578438133,400.74609375,matched-qwen3.5-397b-tier3-task13-scale-x50000-k1-r03,2026-09-24T03:08:57.746711+00:00,jed19-accel-qwen-matched-accelerated-s13;jed19-qwen-swiss-s02
matched_cardinality,matched-provisional,RCP-AIaaS/Qwen/Qwen3.5-397B-A17B,Qwen 3.5,50000,scale-x50000-k1,3,tier3/task13,4,1,succeeded,1.0,True,1.0,not_affected,rxnhaystack-human-1.6.0,6,0.0,32901,1547,34448,185.26062210276723,19.04313819669187,238.25880366936326,395.25,matched-qwen3.5-397b-tier3-task13-scale-x50000-k1-r04,2026-09-23T23:14:51.257066+00:00,jed19-accel-qwen-matched-accelerated-s14;jed19-qwen-swiss-s03
matched_cardinality,matched-provisional,RCP-AIaaS/Qwen/Qwen3.5-397B-A17B,Qwen 3.5,50000,scale-x50000-k1,3,tier3/task13,5,1,succeeded,1.0,True,1.0,not_affected,rxnhaystack-human-1.6.0,7,0.0,49014,2765,51779,175.1170216202736,19.069348096847534,181.07037482224405,391.3671875,matched-qwen3.5-397b-tier3-task13-scale-x50000-k1-r05,2026-09-23T23:21:58.973680+00:00,jed19-accel-qwen-matched-accelerated-s15;jed19-qwen-swiss-s04
matched_cardinality,matched-provisional,RCP-AIaaS/Qwen/Qwen3.5-397B-A17B,Qwen 3.5,full,scale-xfull-k1,3,tier3/task13,1,1,succeeded,1.0,True,1.0,not_affected,rxnhaystack-human-1.6.0,8,0.0,59971,3315,63286,471.8288866505027,80.08092030137777,480.3296279218048,448.47265625,matched-qwen3.5-397b-tier3-task13-scale-xfull-k1-r01,2026-09-23T20:52:20.812701+00:00,jed19-accel-qwen-matched-accelerated-s16;jed19-qwen-swiss-s01
matched_cardinality,matched-provisional,RCP-AIaaS/Qwen/Qwen3.5-397B-A17B,Qwen 3.5,full,scale-xfull-k1,3,tier3/task13,2,1,succeeded,1.0,True,1.0,not_affected,rxnhaystack-human-1.6.0,9,0.0,73237,3940,77177,624.1357471309602,82.58802030421793,681.546218585223,447.796875,matched-qwen3.5-397b-tier3-task13-scale-xfull-k1-r02,2026-09-24T03:20:19.909586+00:00,jed19-accel-qwen-matched-accelerated-s17;jed19-qwen-swiss-s02
matched_cardinality,matched-provisional,RCP-AIaaS/Qwen/Qwen3.5-397B-A17B,Qwen 3.5,full,scale-xfull-k1,3,tier3/task13,3,1,succeeded,1.0,True,1.0,not_affected,rxnhaystack-human-1.6.0,13,0.0,139954,5707,145661,504.8217508047819,171.47796007990837,510.23513116687536,442.54296875,matched-qwen3.5-397b-tier3-task13-scale-xfull-k1-r03,2026-09-23T23:23:22.038182+00:00,jed19-accel-qwen-matched-accelerated-s18;jed19-qwen-swiss-s03
matched_cardinality,matched-provisional,RCP-AIaaS/Qwen/Qwen3.5-397B-A17B,Qwen 3.5,full,scale-xfull-k1,3,tier3/task13,4,1,succeeded,1.0,True,1.0,not_affected,rxnhaystack-human-1.6.0,10,0.0,95030,4994,100024,361.75276779197156,121.54993813112378,367.8420090060681,454.03125,matched-qwen3.5-397b-tier3-task13-scale-xfull-k1-r04,2026-09-23T23:28:07.418516+00:00,jed19-accel-qwen-matched-accelerated-s19;jed19-qwen-swiss-s04
matched_cardinality,matched-provisional,RCP-AIaaS/Qwen/Qwen3.5-397B-A17B,Qwen 3.5,full,scale-xfull-k1,3,tier3/task13,5,1,succeeded,1.0,True,1.0,not_affected,rxnhaystack-human-1.6.0,7,0.0,49172,2550,51722,388.9675154965371,40.03296878002584,433.91403855383396,481.64453125,matched-qwen3.5-397b-tier3-task13-scale-xfull-k1-r05,2026-09-23T21:00:06.995497+00:00,jed19-accel-qwen-matched-accelerated-s20;jed19-qwen-swiss-s01
matched_cardinality,matched-provisional,RCP-AIaaS/Qwen/Qwen3.5-397B-A17B,Qwen 3.5,5000,cardinality-x5000-k20,3,tier3/task14,1,1,succeeded,1.0,True,1.0,not_affected,rxnhaystack-human-1.6.0,6,0.0,40744,2015,42759,319.7192730177194,2.5286473277956247,325.6449561826885,361.11328125,matched-qwen3.5-397b-tier3-task14-cardinality-x5000-k20-r01,2026-09-24T03:25:46.189668+00:00,jed19-accel-qwen-matched-accelerated-s01;jed19-qwen-swiss-s02
matched_cardinality,matched-provisional,RCP-AIaaS/Qwen/Qwen3.5-397B-A17B,Qwen 3.5,5000,cardinality-x5000-k20,3,tier3/task14,2,1,succeeded,1.0,True,1.0,not_affected,rxnhaystack-human-1.6.0,7,0.0,53100,1899,54999,147.8614333383739,2.463919388130307,153.1300463695079,367.01171875,matched-qwen3.5-397b-tier3-task14-cardinality-x5000-k20-r02,2026-09-23T23:25:55.701422+00:00,jed19-accel-qwen-matched-accelerated-s02;jed19-qwen-swiss-s03
matched_cardinality,matched-provisional,RCP-AIaaS/Qwen/Qwen3.5-397B-A17B,Qwen 3.5,5000,cardinality-x5000-k20,3,tier3/task14,3,1,succeeded,1.0,True,1.0,not_affected,rxnhaystack-human-1.6.0,6,0.0,46140,3109,49249,188.53628332912922,2.418870083987713,194.37159813195467,361.8984375,matched-qwen3.5-397b-tier3-task14-cardinality-x5000-k20-r03,2026-09-23T23:31:22.337289+00:00,jed19-accel-qwen-matched-accelerated-s03;jed19-qwen-swiss-s04
matched_cardinality,matched-provisional,RCP-AIaaS/Qwen/Qwen3.5-397B-A17B,Qwen 3.5,5000,cardinality-x5000-k20,3,tier3/task14,4,1,succeeded,1.0,True,1.0,not_affected,rxnhaystack-human-1.6.0,7,0.0,57049,2734,59783,405.28376116231084,2.6838973350822926,411.079756392166,367.79296875,matched-qwen3.5-397b-tier3-task14-cardinality-x5000-k20-r04,2026-09-23T21:06:58.801358+00:00,jed19-accel-qwen-matched-accelerated-s04;jed19-qwen-swiss-s01
matched_cardinality,matched-provisional,RCP-AIaaS/Qwen/Qwen3.5-397B-A17B,Qwen 3.5,5000,cardinality-x5000-k20,3,tier3/task14,5,1,succeeded,1.0,True,1.0,not_affected,rxnhaystack-human-1.6.0,7,0.0,55605,2974,58579,369.5085473973304,2.4690051022917032,374.82366759330034,356.50390625,matched-qwen3.5-397b-tier3-task14-cardinality-x5000-k20-r05,2026-09-24T03:32:01.577443+00:00,jed19-accel-qwen-matched-accelerated-s05;jed19-qwen-swiss-s02
matched_cardinality,matched-provisional,RCP-AIaaS/Qwen/Qwen3.5-397B-A17B,Qwen 3.5,5000,cardinality-x5000-k5,3,tier3/task14,1,1,succeeded,1.0,True,1.0,not_affected,rxnhaystack-human-1.6.0,7,0.0,56880,3130,60010,218.6993832271546,2.378470506519079,224.32529985159636,356.0234375,matched-qwen3.5-397b-tier3-task14-cardinality-x5000-k5-r01,2026-09-23T23:29:40.534003+00:00,jed19-accel-qwen-matched-accelerated-s06;jed19-qwen-swiss-s03
matched_cardinality,matched-provisional,RCP-AIaaS/Qwen/Qwen3.5-397B-A17B,Qwen 3.5,5000,cardinality-x5000-k5,3,tier3/task14,2,1,succeeded,1.0,True,1.0,not_affected,rxnhaystack-human-1.6.0,6,0.0,39640,2078,41718,188.041885452345,3.052652033045888,193.64520711265504,361.4609375,matched-qwen3.5-397b-tier3-task14-cardinality-x5000-k5-r02,2026-09-23T23:34:36.504639+00:00,jed19-accel-qwen-matched-accelerated-s07;jed19-qwen-swiss-s04
matched_cardinality,matched-provisional,RCP-AIaaS/Qwen/Qwen3.5-397B-A17B,Qwen 3.5,5000,cardinality-x5000-k5,3,tier3/task14,3,1,succeeded,1.0,True,1.0,not_affected,rxnhaystack-human-1.6.0,5,0.0,34755,2593,37348,325.71321156434715,2.337738301604986,330.99755216762424,359.4140625,matched-qwen3.5-397b-tier3-task14-cardinality-x5000-k5-r03,2026-09-23T21:12:30.272536+00:00,jed19-accel-qwen-matched-accelerated-s08;jed19-qwen-swiss-s01
matched_cardinality,matched-provisional,RCP-AIaaS/Qwen/Qwen3.5-397B-A17B,Qwen 3.5,5000,cardinality-x5000-k5,3,tier3/task14,4,1,succeeded,1.0,True,1.0,not_affected,rxnhaystack-human-1.6.0,5,0.0,35816,2288,38104,347.24355535395443,3.0633329153060913,353.16136424429715,363.8515625,matched-qwen3.5-397b-tier3-task14-cardinality-x5000-k5-r04,2026-09-24T03:37:55.282682+00:00,jed19-accel-qwen-matched-accelerated-s09;jed19-qwen-swiss-s02
matched_cardinality,matched-provisional,RCP-AIaaS/Qwen/Qwen3.5-397B-A17B,Qwen 3.5,5000,cardinality-x5000-k5,3,tier3/task14,5,1,succeeded,1.0,True,1.0,not_affected,rxnhaystack-human-1.6.0,6,0.0,42994,2874,45868,207.64375980384648,2.407929627224803,213.15176591649652,360.55078125,matched-qwen3.5-397b-tier3-task14-cardinality-x5000-k5-r05,2026-09-23T23:33:14.196556+00:00,jed19-accel-qwen-matched-accelerated-s10;jed19-qwen-swiss-s03
matched_cardinality,matched-provisional,RCP-AIaaS/Qwen/Qwen3.5-397B-A17B,Qwen 3.5,100,scale-x100-k1,3,tier3/task14,1,1,succeeded,1.0,True,1.0,not_affected,rxnhaystack-human-1.6.0,6,0.0,43987,2981,46968,135.72308178059757,0.05215682461857796,142.00244220532477,356.82421875,matched-qwen3.5-397b-tier3-task14-scale-x100-k1-r01,2026-09-23T23:36:59.062713+00:00,jed19-accel-qwen-matched-accelerated-s11;jed19-qwen-swiss-s04
matched_cardinality,matched-provisional,RCP-AIaaS/Qwen/Qwen3.5-397B-A17B,Qwen 3.5,100,scale-x100-k1,3,tier3/task14,2,1,succeeded,1.0,True,1.0,not_affected,rxnhaystack-human-1.6.0,5,0.0,35010,2726,37736,278.4485939089209,0.06158033758401871,318.7662425208837,359.65625,matched-qwen3.5-397b-tier3-task14-scale-x100-k1-r02,2026-09-23T21:17:49.581920+00:00,jed19-accel-qwen-matched-accelerated-s12;jed19-qwen-swiss-s01
matched_cardinality,matched-provisional,RCP-AIaaS/Qwen/Qwen3.5-397B-A17B,Qwen 3.5,100,scale-x100-k1,3,tier3/task14,3,1,succeeded,1.0,True,1.0,not_affected,rxnhaystack-human-1.6.0,6,0.0,38850,2060,40910,353.35809937119484,0.06189819425344467,358.9356121905148,358.1875,matched-qwen3.5-397b-tier3-task14-scale-x100-k1-r03,2026-09-24T03:43:54.738199+00:00,jed19-accel-qwen-matched-accelerated-s13;jed19-qwen-swiss-s02
matched_cardinality,matched-provisional,RCP-AIaaS/Qwen/Qwen3.5-397B-A17B,Qwen 3.5,100,scale-x100-k1,3,tier3/task14,4,1,succeeded,1.0,True,1.0,not_affected,rxnhaystack-human-1.6.0,6,0.0,44308,2788,47096,167.3918816037476,0.06913951598107815,173.76823029853404,355.9765625,matched-qwen3.5-397b-tier3-task14-scale-x100-k1-r04,2026-09-23T23:36:08.476648+00:00,jed19-accel-qwen-matched-accelerated-s14;jed19-qwen-swiss-s03
matched_cardinality,matched-provisional,RCP-AIaaS/Qwen/Qwen3.5-397B-A17B,Qwen 3.5,100,scale-x100-k1,3,tier3/task14,5,1,succeeded,1.0,True,1.0,not_affected,rxnhaystack-human-1.6.0,5,0.0,36610,3067,39677,168.91193594038486,0.06354859098792076,174.27975856140256,355.0703125,matched-qwen3.5-397b-tier3-task14-scale-x100-k1-r05,2026-09-23T23:39:53.847233+00:00,jed19-accel-qwen-matched-accelerated-s15;jed19-qwen-swiss-s04
matched_cardinality,matched-provisional,RCP-AIaaS/Qwen/Qwen3.5-397B-A17B,Qwen 3.5,500,scale-x500-k1,3,tier3/task14,1,1,succeeded,1.0,True,1.0,not_affected,rxnhaystack-human-1.6.0,6,0.0,46862,2940,49802,331.2240932993591,0.23556958511471748,336.2522929739207,358.171875,matched-qwen3.5-397b-tier3-task14-scale-x500-k1-r01,2026-09-23T21:23:26.510743+00:00,jed19-accel-qwen-matched-accelerated-s16;jed19-qwen-swiss-s01
matched_cardinality,matched-provisional,RCP-AIaaS/Qwen/Qwen3.5-397B-A17B,Qwen 3.5,500,scale-x500-k1,3,tier3/task14,2,1,succeeded,1.0,True,1.0,not_affected,rxnhaystack-human-1.6.0,5,0.0,35669,2779,38448,432.25183747522533,0.24106112867593765,437.74428231827915,351.609375,matched-qwen3.5-397b-tier3-task14-scale-x500-k1-r02,2026-09-24T03:51:13.253887+00:00,jed19-accel-qwen-matched-accelerated-s17;jed19-qwen-swiss-s02
matched_cardinality,matched-provisional,RCP-AIaaS/Qwen/Qwen3.5-397B-A17B,Qwen 3.5,500,scale-x500-k1,3,tier3/task14,3,1,succeeded,1.0,True,1.0,not_affected,rxnhaystack-human-1.6.0,5,0.0,35292,2771,38063,136.24359995685518,0.3068260457366705,141.92805721238256,360.73046875,matched-qwen3.5-397b-tier3-task14-scale-x500-k1-r03,2026-09-23T23:38:30.915539+00:00,jed19-accel-qwen-matched-accelerated-s18;jed19-qwen-swiss-s03
matched_cardinality,matched-provisional,RCP-AIaaS/Qwen/Qwen3.5-397B-A17B,Qwen 3.5,500,scale-x500-k1,3,tier3/task14,4,1,succeeded,1.0,True,1.0,not_affected,rxnhaystack-human-1.6.0,6,0.0,51660,2950,54610,157.35671300068498,0.3050327133387327,162.7565228473395,356.3671875,matched-qwen3.5-397b-tier3-task14-scale-x500-k1-r04,2026-09-23T23:42:37.432150+00:00,jed19-accel-qwen-matched-accelerated-s19;jed19-qwen-swiss-s04
matched_cardinality,matched-provisional,RCP-AIaaS/Qwen/Qwen3.5-397B-A17B,Qwen 3.5,500,scale-x500-k1,3,tier3/task14,5,1,succeeded,1.0,True,1.0,not_affected,rxnhaystack-human-1.6.0,6,0.0,46595,3304,49899,427.1887556221336,0.3024769425392151,432.4032006766647,356.1484375,matched-qwen3.5-397b-tier3-task14-scale-x500-k1-r05,2026-09-23T21:30:39.413547+00:00,jed19-accel-qwen-matched-accelerated-s20;jed19-qwen-swiss-s01
matched_cardinality,matched-provisional,RCP-AIaaS/Qwen/Qwen3.5-397B-A17B,Qwen 3.5,5000,scale-x5000-k1,3,tier3/task14,1,1,succeeded,1.0,True,1.0,not_affected,rxnhaystack-human-1.6.0,5,0.0,34414,2596,37010,379.0223799403757,2.556944752112031,384.7460431922227,358.9453125,matched-qwen3.5-397b-tier3-task14-scale-x5000-k1-r01,2026-09-24T03:58:58.112267+00:00,jed19-accel-qwen-matched-accelerated-s01;jed19-qwen-swiss-s02
matched_cardinality,matched-provisional,RCP-AIaaS/Qwen/Qwen3.5-397B-A17B,Qwen 3.5,5000,scale-x5000-k1,3,tier3/task14,2,1,succeeded,1.0,True,1.0,not_affected,rxnhaystack-human-1.6.0,7,0.0,62266,4114,66380,260.91703980602324,2.7142664585262537,266.5658959336579,365.9609375,matched-qwen3.5-397b-tier3-task14-scale-x5000-k1-r02,2026-09-23T23:42:58.025146+00:00,jed19-accel-qwen-matched-accelerated-s02;jed19-qwen-swiss-s03
matched_cardinality,matched-provisional,RCP-AIaaS/Qwen/Qwen3.5-397B-A17B,Qwen 3.5,5000,scale-x5000-k1,3,tier3/task14,3,1,succeeded,1.0,True,1.0,not_affected,rxnhaystack-human-1.6.0,5,0.0,35043,2745,37788,146.8285570126027,2.3994922880083323,153.62643417343497,360.20703125,matched-qwen3.5-397b-tier3-task14-scale-x5000-k1-r03,2026-09-23T23:45:11.723775+00:00,jed19-accel-qwen-matched-accelerated-s03;jed19-qwen-swiss-s04
matched_cardinality,matched-provisional,RCP-AIaaS/Qwen/Qwen3.5-397B-A17B,Qwen 3.5,5000,scale-x5000-k1,3,tier3/task14,4,1,succeeded,1.0,True,1.0,not_affected,rxnhaystack-human-1.6.0,6,0.0,42836,2627,45463,373.97624835558236,2.611849896609783,379.10471085458994,363.0546875,matched-qwen3.5-397b-tier3-task14-scale-x5000-k1-r04,2026-09-23T21:36:59.131672+00:00,jed19-accel-qwen-matched-accelerated-s04;jed19-qwen-swiss-s01
matched_cardinality,matched-provisional,RCP-AIaaS/Qwen/Qwen3.5-397B-A17B,Qwen 3.5,5000,scale-x5000-k1,3,tier3/task14,5,1,succeeded,1.0,True,1.0,not_affected,rxnhaystack-human-1.6.0,6,0.0,44623,3126,47749,458.94686481542885,2.4704576786607504,464.39434173703194,362.984375,matched-qwen3.5-397b-tier3-task14-scale-x5000-k1-r05,2026-09-24T04:06:43.040884+00:00,jed19-accel-qwen-matched-accelerated-s05;jed19-qwen-swiss-s02
matched_cardinality,matched-provisional,RCP-AIaaS/Qwen/Qwen3.5-397B-A17B,Qwen 3.5,50000,scale-x50000-k1,3,tier3/task14,1,1,succeeded,1.0,True,1.0,not_affected,rxnhaystack-human-1.6.0,6,0.0,44446,3007,47453,226.49924019165337,24.221895160153508,231.9549959730357,392.29296875,matched-qwen3.5-397b-tier3-task14-scale-x50000-k1-r01,2026-09-23T23:46:54.476160+00:00,jed19-accel-qwen-matched-accelerated-s06;jed19-qwen-swiss-s03
matched_cardinality,matched-provisional,RCP-AIaaS/Qwen/Qwen3.5-397B-A17B,Qwen 3.5,50000,scale-x50000-k1,3,tier3/task14,2,1,succeeded,1.0,True,1.0,not_affected,rxnhaystack-human-1.6.0,7,0.0,63355,4331,67686,234.86377352662385,50.12882212549448,240.45099252276123,410.07421875,matched-qwen3.5-397b-tier3-task14-scale-x50000-k1-r02,2026-09-23T23:49:21.685548+00:00,jed19-accel-qwen-matched-accelerated-s07;jed19-qwen-swiss-s04
matched_cardinality,matched-provisional,RCP-AIaaS/Qwen/Qwen3.5-397B-A17B,Qwen 3.5,50000,scale-x50000-k1,3,tier3/task14,3,1,succeeded,1.0,True,1.0,not_affected,rxnhaystack-human-1.6.0,6,0.0,41387,2481,43868,401.9409058261663,29.21977510303259,428.2000038586557,394.296875,matched-qwen3.5-397b-tier3-task14-scale-x50000-k1-r03,2026-09-23T21:44:42.570383+00:00,jed19-accel-qwen-matched-accelerated-s08;jed19-qwen-swiss-s01
matched_cardinality,matched-provisional,RCP-AIaaS/Qwen/Qwen3.5-397B-A17B,Qwen 3.5,50000,scale-x50000-k1,3,tier3/task14,4,1,succeeded,1.0,True,1.0,not_affected,rxnhaystack-human-1.6.0,7,0.0,78085,5211,83296,680.8647684510797,24.085915660485625,686.2260276842862,422.26171875,matched-qwen3.5-397b-tier3-task14-scale-x50000-k1-r04,2026-09-24T04:18:09.800388+00:00,jed19-accel-qwen-matched-accelerated-s09;jed19-qwen-swiss-s02
matched_cardinality,matched-provisional,RCP-AIaaS/Qwen/Qwen3.5-397B-A17B,Qwen 3.5,50000,scale-x50000-k1,3,tier3/task14,5,1,succeeded,1.0,True,1.0,not_affected,rxnhaystack-human-1.6.0,5,0.0,37313,2738,40051,203.47975657321513,30.40479226410389,209.2292401921004,396.66015625,matched-qwen3.5-397b-tier3-task14-scale-x50000-k1-r05,2026-09-23T23:50:32.357991+00:00,jed19-accel-qwen-matched-accelerated-s10;jed19-qwen-swiss-s03
matched_cardinality,matched-provisional,RCP-AIaaS/Qwen/Qwen3.5-397B-A17B,Qwen 3.5,full,scale-xfull-k1,3,tier3/task14,1,1,succeeded,1.0,True,1.0,not_affected,rxnhaystack-human-1.6.0,7,0.0,61292,3984,65276,268.4757660161704,47.05581025592983,274.3121766038239,471.52734375,matched-qwen3.5-397b-tier3-task14-scale-xfull-k1-r01,2026-09-23T23:53:56.500269+00:00,jed19-accel-qwen-matched-accelerated-s11;jed19-qwen-swiss-s04
matched_cardinality,matched-provisional,RCP-AIaaS/Qwen/Qwen3.5-397B-A17B,Qwen 3.5,full,scale-xfull-k1,3,tier3/task14,2,1,succeeded,1.0,True,1.0,not_affected,rxnhaystack-human-1.6.0,7,0.0,53941,3215,57156,426.7318240851164,45.095900282263756,432.27892810851336,439.48828125,matched-qwen3.5-397b-tier3-task14-scale-xfull-k1-r02,2026-09-23T21:51:55.344113+00:00,jed19-accel-qwen-matched-accelerated-s12;jed19-qwen-swiss-s01
matched_cardinality,matched-provisional,RCP-AIaaS/Qwen/Qwen3.5-397B-A17B,Qwen 3.5,full,scale-xfull-k1,3,tier3/task14,3,1,succeeded,1.0,True,1.0,not_affected,rxnhaystack-human-1.6.0,6,0.0,45341,3262,48603,516.2349590696394,46.46136056818068,522.1284205708653,464.3203125,matched-qwen3.5-397b-tier3-task14-scale-xfull-k1-r03,2026-09-24T04:26:52.463545+00:00,jed19-accel-qwen-matched-accelerated-s13;jed19-qwen-swiss-s02
matched_cardinality,matched-provisional,RCP-AIaaS/Qwen/Qwen3.5-397B-A17B,Qwen 3.5,full,scale-xfull-k1,3,tier3/task14,4,1,succeeded,1.0,True,1.0,not_affected,rxnhaystack-human-1.6.0,5,0.0,36366,1997,38363,208.296176770702,59.91964243352413,213.7822179030627,432.390625,matched-qwen3.5-397b-tier3-task14-scale-xfull-k1-r04,2026-09-23T23:54:06.684294+00:00,jed19-accel-qwen-matched-accelerated-s14;jed19-qwen-swiss-s03
matched_cardinality,matched-provisional,RCP-AIaaS/Qwen/Qwen3.5-397B-A17B,Qwen 3.5,full,scale-xfull-k1,3,tier3/task14,5,1,succeeded,1.0,True,1.0,not_affected,rxnhaystack-human-1.6.0,6,0.0,44290,2770,47060,168.92681201919913,46.522057658061385,251.93001741729677,445.33984375,matched-qwen3.5-397b-tier3-task14-scale-xfull-k1-r05,2026-09-23T23:58:08.949579+00:00,jed19-accel-qwen-matched-accelerated-s15;jed19-qwen-swiss-s04
matched_cardinality,matched-provisional,RCP-AIaaS/Qwen/Qwen3.5-397B-A17B,Qwen 3.5,5000,cardinality-x5000-k20,3,tier3/task15,1,1,succeeded,1.0,True,1.0,not_affected,rxnhaystack-human-1.6.0,10,0.0,135136,9116,144252,1094.1716638300568,2.4359300546348095,1140.085879733786,367.61328125,matched-qwen3.5-397b-tier3-task15-cardinality-x5000-k20-r01,2026-09-23T22:11:37.469573+00:00,jed19-accel-qwen-matched-accelerated-s16;jed19-qwen-swiss-s01
matched_cardinality,matched-provisional,RCP-AIaaS/Qwen/Qwen3.5-397B-A17B,Qwen 3.5,5000,cardinality-x5000-k20,3,tier3/task15,2,1,succeeded,0.0,True,0.0,not_affected,rxnhaystack-human-1.6.0,31,0.0,818649,15739,834388,1006.6905138362199,4.774141274392605,1012.3793736957014,370.6171875,matched-qwen3.5-397b-tier3-task15-cardinality-x5000-k20-r02,2026-09-24T04:43:45.419552+00:00,jed19-accel-qwen-matched-accelerated-s17;jed19-qwen-swiss-s02
matched_cardinality,matched-provisional,RCP-AIaaS/Qwen/Qwen3.5-397B-A17B,Qwen 3.5,5000,cardinality-x5000-k20,3,tier3/task15,3,1,succeeded,0.7499999999999999,True,0.7499999999999999,not_affected,rxnhaystack-human-1.6.0,18,0.0,395693,13827,409520,492.74486309476197,5.267686670646071,498.48801767267287,373.8359375,matched-qwen3.5-397b-tier3-task15-cardinality-x5000-k20-r03,2026-09-24T00:02:25.759417+00:00,jed19-accel-qwen-matched-accelerated-s18;jed19-qwen-swiss-s03
matched_cardinality,matched-provisional,RCP-AIaaS/Qwen/Qwen3.5-397B-A17B,Qwen 3.5,5000,cardinality-x5000-k20,3,tier3/task15,4,1,succeeded,0.0972972972972973,True,0.0972972972972973,not_affected,rxnhaystack-human-1.6.0,18,0.0,403285,12011,415296,443.34174071624875,3.1168071907013655,449.0107748582959,371.12890625,matched-qwen3.5-397b-tier3-task15-cardinality-x5000-k20-r04,2026-09-24T00:05:38.481869+00:00,jed19-accel-qwen-matched-accelerated-s19;jed19-qwen-swiss-s04
matched_cardinality,matched-provisional,RCP-AIaaS/Qwen/Qwen3.5-397B-A17B,Qwen 3.5,5000,cardinality-x5000-k20,3,tier3/task15,5,1,succeeded,1.0,True,1.0,not_affected,rxnhaystack-human-1.6.0,8,0.0,91174,6860,98034,856.4967055972666,2.5348857529461384,861.9799124188721,364.2265625,matched-qwen3.5-397b-tier3-task15-cardinality-x5000-k20-r05,2026-09-23T22:26:00.329734+00:00,jed19-accel-qwen-matched-accelerated-s20;jed19-qwen-swiss-s01
matched_cardinality,matched-provisional,RCP-AIaaS/Qwen/Qwen3.5-397B-A17B,Qwen 3.5,5000,cardinality-x5000-k5,3,tier3/task15,1,1,succeeded,0.7499999999999999,True,0.7499999999999999,not_affected,rxnhaystack-human-1.6.0,12,0.0,185869,9592,195461,416.89788188785315,22.98854867555201,422.6680546812713,368.8125,matched-qwen3.5-397b-tier3-task15-cardinality-x5000-k5-r01,2026-09-24T04:50:48.614464+00:00,jed19-accel-qwen-matched-accelerated-s01;jed19-qwen-swiss-s02
matched_cardinality,matched-provisional,RCP-AIaaS/Qwen/Qwen3.5-397B-A17B,Qwen 3.5,5000,cardinality-x5000-k5,3,tier3/task15,2,1,succeeded,1.0,True,1.0,not_affected,rxnhaystack-human-1.6.0,16,0.0,392576,18093,410669,497.65913220867515,5.429956838488579,503.17316363193095,373.046875,matched-qwen3.5-397b-tier3-task15-cardinality-x5000-k5-r02,2026-09-24T00:11:38.266930+00:00,jed19-accel-qwen-matched-accelerated-s02;jed19-qwen-swiss-s03
matched_cardinality,matched-provisional,RCP-AIaaS/Qwen/Qwen3.5-397B-A17B,Qwen 3.5,5000,cardinality-x5000-k5,3,tier3/task15,3,1,succeeded,0.007782101167315175,True,0.007782101167315175,not_affected,rxnhaystack-human-1.6.0,13,0.0,226983,9683,236666,1027.862551201135,663.2765546068549,1126.8607934080064,730.296875,matched-qwen3.5-397b-tier3-task15-cardinality-x5000-k5-r03,2026-09-24T00:24:26.018853+00:00,jed19-accel-qwen-matched-accelerated-s03;jed19-qwen-swiss-s04
matched_cardinality,matched-provisional,RCP-AIaaS/Qwen/Qwen3.5-397B-A17B,Qwen 3.5,5000,cardinality-x5000-k5,3,tier3/task15,4,1,succeeded,1.0,True,1.0,not_affected,rxnhaystack-human-1.6.0,11,0.0,183367,9430,192797,1235.3331401031464,2.704550812020898,1280.1356914415956,369.51171875,matched-qwen3.5-397b-tier3-task15-cardinality-x5000-k5-r04,2026-09-23T22:47:44.783261+00:00,jed19-accel-qwen-matched-accelerated-s04;jed19-qwen-swiss-s01
matched_cardinality,matched-provisional,RCP-AIaaS/Qwen/Qwen3.5-397B-A17B,Qwen 3.5,5000,cardinality-x5000-k5,3,tier3/task15,5,1,succeeded,1.0,True,1.0,not_affected,rxnhaystack-human-1.6.0,20,0.0,576699,26948,603647,1189.745612733066,22.38147085160017,1195.0147565938532,559.5859375,matched-qwen3.5-397b-tier3-task15-cardinality-x5000-k5-r05,2026-09-24T05:10:44.164578+00:00,jed19-accel-qwen-matched-accelerated-s05;jed19-qwen-swiss-s02
matched_cardinality,matched-provisional,RCP-AIaaS/Qwen/Qwen3.5-397B-A17B,Qwen 3.5,100,scale-x100-k1,3,tier3/task15,1,1,succeeded,1.0,True,1.0,not_affected,rxnhaystack-human-1.6.0,9,0.0,104025,6229,110254,140.25228796713054,0.15072030574083328,147.62034951336682,354.08984375,matched-qwen3.5-397b-tier3-task15-scale-x100-k1-r01,2026-09-24T00:14:06.436170+00:00,jed19-accel-qwen-matched-accelerated-s06;jed19-qwen-swiss-s03
matched_cardinality,matched-provisional,RCP-AIaaS/Qwen/Qwen3.5-397B-A17B,Qwen 3.5,100,scale-x100-k1,3,tier3/task15,2,1,succeeded,0.33333333333333337,True,0.33333333333333337,not_affected,rxnhaystack-human-1.6.0,7,0.0,61875,5140,67015,199.06569678336382,11.870764710009098,204.68914602324367,368.328125,matched-qwen3.5-397b-tier3-task15-scale-x100-k1-r02,2026-09-24T00:27:51.261646+00:00,jed19-accel-qwen-matched-accelerated-s07;jed19-qwen-swiss-s04
matched_cardinality,matched-provisional,RCP-AIaaS/Qwen/Qwen3.5-397B-A17B,Qwen 3.5,100,scale-x100-k1,3,tier3/task15,3,1,succeeded,1.0,True,1.0,not_affected,rxnhaystack-human-1.6.0,19,0.0,445288,14328,459616,1298.0588613264263,0.5020231548696756,1303.6798588875681,364.66015625,matched-qwen3.5-397b-tier3-task15-scale-x100-k1-r03,2026-09-23T23:09:51.281231+00:00,jed19-accel-qwen-matched-accelerated-s08;jed19-qwen-swiss-s01
matched_cardinality,matched-provisional,RCP-AIaaS/Qwen/Qwen3.5-397B-A17B,Qwen 3.5,100,scale-x100-k1,3,tier3/task15,4,1,succeeded,1.0,True,1.0,not_affected,rxnhaystack-human-1.6.0,5,0.0,36713,2955,39668,164.8975816294551,0.057297542691230774,170.3157372586429,351.375,matched-qwen3.5-397b-tier3-task15-scale-x100-k1-r04,2026-09-24T05:13:35.083326+00:00,jed19-accel-qwen-matched-accelerated-s09;jed19-qwen-swiss-s02
matched_cardinality,matched-provisional,RCP-AIaaS/Qwen/Qwen3.5-397B-A17B,Qwen 3.5,100,scale-x100-k1,3,tier3/task15,5,1,succeeded,0.0,True,0.0,not_affected,rxnhaystack-human-1.6.0,11,0.0,164959,7724,172683,282.99744844064116,0.8032858669757843,288.2415794990957,368.50390625,matched-qwen3.5-397b-tier3-task15-scale-x100-k1-r05,2026-09-24T00:18:55.205130+00:00,jed19-accel-qwen-matched-accelerated-s10;jed19-qwen-swiss-s03
matched_cardinality,matched-provisional,RCP-AIaaS/Qwen/Qwen3.5-397B-A17B,Qwen 3.5,500,scale-x500-k1,3,tier3/task15,1,1,succeeded,0.0,True,0.0,not_affected,rxnhaystack-human-1.6.0,8,0.0,65826,3119,68945,195.5200521554798,0.2828008886426687,200.9726711641997,359.00390625,matched-qwen3.5-397b-tier3-task15-scale-x500-k1-r01,2026-09-24T00:31:15.421490+00:00,jed19-accel-qwen-matched-accelerated-s11;jed19-qwen-swiss-s04
matched_cardinality,matched-provisional,RCP-AIaaS/Qwen/Qwen3.5-397B-A17B,Qwen 3.5,500,scale-x500-k1,3,tier3/task15,2,1,succeeded,1.0,True,1.0,not_affected,rxnhaystack-human-1.6.0,29,0.0,1289392,35317,1324709,1817.5270520877093,489.63314420357347,1823.0513944085687,1313.6875,matched-qwen3.5-397b-tier3-task15-scale-x500-k1-r02,2026-09-23T23:40:14.850139+00:00,jed19-accel-qwen-matched-accelerated-s12;jed19-qwen-swiss-s01
matched_cardinality,matched-provisional,RCP-AIaaS/Qwen/Qwen3.5-397B-A17B,Qwen 3.5,500,scale-x500-k1,3,tier3/task15,3,1,succeeded,1.0,True,1.0,not_affected,rxnhaystack-human-1.6.0,5,0.0,33556,2424,35980,158.8411198873073,0.2531556896865368,164.2626664955169,356.1640625,matched-qwen3.5-397b-tier3-task15-scale-x500-k1-r03,2026-09-24T05:16:19.888194+00:00,jed19-accel-qwen-matched-accelerated-s13;jed19-qwen-swiss-s02
matched_cardinality,matched-provisional,RCP-AIaaS/Qwen/Qwen3.5-397B-A17B,Qwen 3.5,500,scale-x500-k1,3,tier3/task15,4,1,succeeded,1.0,True,1.0,not_affected,rxnhaystack-human-1.6.0,6,0.0,43997,2555,46552,136.23362802900374,0.26323570124804974,141.7199978735298,355.79296875,matched-qwen3.5-397b-tier3-task15-scale-x500-k1-r04,2026-09-24T00:21:17.449751+00:00,jed19-accel-qwen-matched-accelerated-s14;jed19-qwen-swiss-s03
matched_cardinality,matched-provisional,RCP-AIaaS/Qwen/Qwen3.5-397B-A17B,Qwen 3.5,500,scale-x500-k1,3,tier3/task15,5,1,succeeded,1.0,True,1.0,not_affected,rxnhaystack-human-1.6.0,5,0.0,34819,2608,37427,136.18686690367758,0.2501742038875818,141.66966414637864,355.61328125,matched-qwen3.5-397b-tier3-task15-scale-x500-k1-r05,2026-09-24T00:33:37.621432+00:00,jed19-accel-qwen-matched-accelerated-s15;jed19-qwen-swiss-s04
matched_cardinality,matched-provisional,RCP-AIaaS/Qwen/Qwen3.5-397B-A17B,Qwen 3.5,5000,scale-x5000-k1,3,tier3/task15,1,1,succeeded,1.0,True,1.0,not_affected,rxnhaystack-human-1.6.0,7,0.0,60011,4595,64606,260.9426719918847,5.166799366474152,266.17603158950806,354.3203125,matched-qwen3.5-397b-tier3-task15-scale-x5000-k1-r01,2026-09-23T23:45:21.085189+00:00,jed19-accel-qwen-matched-accelerated-s16;jed19-qwen-swiss-s01
matched_cardinality,matched-provisional,RCP-AIaaS/Qwen/Qwen3.5-397B-A17B,Qwen 3.5,5000,scale-x5000-k1,3,tier3/task15,2,1,succeeded,1.0,True,1.0,not_affected,rxnhaystack-human-1.6.0,7,0.0,61942,6590,68532,338.1232496704906,2.490752950310707,343.72464691475034,357.15625,matched-qwen3.5-397b-tier3-task15-scale-x5000-k1-r02,2026-09-24T05:22:04.168944+00:00,jed19-accel-qwen-matched-accelerated-s17;jed19-qwen-swiss-s02
matched_cardinality,matched-provisional,RCP-AIaaS/Qwen/Qwen3.5-397B-A17B,Qwen 3.5,5000,scale-x5000-k1,3,tier3/task15,3,1,succeeded,1.0,True,1.0,not_affected,rxnhaystack-human-1.6.0,9,0.0,91541,5138,96679,252.88777318410575,2.6164634246379137,258.1806386690587,371.92578125,matched-qwen3.5-397b-tier3-task15-scale-x5000-k1-r03,2026-09-24T00:25:36.189644+00:00,jed19-accel-qwen-matched-accelerated-s18;jed19-qwen-swiss-s03
matched_cardinality,matched-provisional,RCP-AIaaS/Qwen/Qwen3.5-397B-A17B,Qwen 3.5,5000,scale-x5000-k1,3,tier3/task15,4,1,succeeded,0.0,True,0.0,not_affected,rxnhaystack-human-1.6.0,29,0.0,1172426,19080,1191506,841.1713689882308,21.682581385597587,846.8040758408606,378.12890625,matched-qwen3.5-397b-tier3-task15-scale-x5000-k1-r04,2026-09-24T00:47:44.949636+00:00,jed19-accel-qwen-matched-accelerated-s19;jed19-qwen-swiss-s04
matched_cardinality,matched-provisional,RCP-AIaaS/Qwen/Qwen3.5-397B-A17B,Qwen 3.5,5000,scale-x5000-k1,3,tier3/task15,5,1,succeeded,0.01,True,0.01,not_affected,rxnhaystack-human-1.6.0,16,0.0,375257,20932,396189,1834.076442381367,1145.9391037039459,1839.8607524763793,955.33984375,matched-qwen3.5-397b-tier3-task15-scale-x5000-k1-r05,2026-09-24T00:16:01.530304+00:00,jed19-accel-qwen-matched-accelerated-s20;jed19-qwen-swiss-s01
matched_cardinality,matched-provisional,RCP-AIaaS/Qwen/Qwen3.5-397B-A17B,Qwen 3.5,50000,scale-x50000-k1,3,tier3/task15,1,1,succeeded,0.0,True,0.0,not_affected,rxnhaystack-human-1.6.0,12,0.0,206458,13870,220328,7126.281966157258,6677.2148044891655,7131.607028802857,820.86328125,matched-qwen3.5-397b-tier3-task15-scale-x50000-k1-r01,2026-09-24T07:20:56.381530+00:00,jed19-accel-qwen-matched-accelerated-s01;jed19-qwen-swiss-s02
matched_cardinality,matched-provisional,RCP-AIaaS/Qwen/Qwen3.5-397B-A17B,Qwen 3.5,50000,scale-x50000-k1,3,tier3/task15,2,1,succeeded,1.0,True,1.0,not_affected,rxnhaystack-human-1.6.0,6,0.0,51186,3308,54494,187.89311345480382,33.56732408516109,193.12601327896118,406.82421875,matched-qwen3.5-397b-tier3-task15-scale-x50000-k1-r02,2026-09-24T00:28:50.435295+00:00,jed19-accel-qwen-matched-accelerated-s02;jed19-qwen-swiss-s03
matched_cardinality,matched-provisional,RCP-AIaaS/Qwen/Qwen3.5-397B-A17B,Qwen 3.5,50000,scale-x50000-k1,3,tier3/task15,3,1,succeeded,1.0,True,1.0,not_affected,rxnhaystack-human-1.6.0,10,0.0,138935,8800,147735,341.0992982238531,25.407848292961717,346.613634288311,390.8203125,matched-qwen3.5-397b-tier3-task15-scale-x50000-k1-r03,2026-09-24T00:53:32.104070+00:00,jed19-accel-qwen-matched-accelerated-s03;jed19-qwen-swiss-s04
matched_cardinality,matched-provisional,RCP-AIaaS/Qwen/Qwen3.5-397B-A17B,Qwen 3.5,50000,scale-x50000-k1,3,tier3/task15,4,1,failed,,False,,not_affected,rxnhaystack-human-1.6.0,,,,,,,,,,matched-qwen3.5-397b-tier3-task15-scale-x50000-k1-r04,2026-09-24T06:16:02.341153+00:00,jed19-accel-qwen-matched-accelerated-s04;jed19-qwen-swiss-s01
matched_cardinality,matched-provisional,RCP-AIaaS/Qwen/Qwen3.5-397B-A17B,Qwen 3.5,50000,scale-x50000-k1,3,tier3/task15,5,1,succeeded,1.0,True,1.0,not_affected,rxnhaystack-human-1.6.0,8,0.0,99361,6546,105907,320.998665349558,26.707122022286057,328.69375888444483,403.2109375,matched-qwen3.5-397b-tier3-task15-scale-x50000-k1-r05,2026-09-24T07:26:25.902817+00:00,jed19-accel-qwen-matched-accelerated-s05;jed19-qwen-swiss-s02
matched_cardinality,matched-provisional,RCP-AIaaS/Qwen/Qwen3.5-397B-A17B,Qwen 3.5,full,scale-xfull-k1,3,tier3/task15,1,1,succeeded,0.0,True,0.0,not_affected,rxnhaystack-human-1.6.0,28,0.0,705497,13223,718720,963.0297743491828,238.50392490625381,968.8592678736895,439.84765625,matched-qwen3.5-397b-tier3-task15-scale-xfull-k1-r01,2026-09-24T00:44:59.846364+00:00,jed19-accel-qwen-matched-accelerated-s06;jed19-qwen-swiss-s03
matched_cardinality,matched-provisional,RCP-AIaaS/Qwen/Qwen3.5-397B-A17B,Qwen 3.5,full,scale-xfull-k1,3,tier3/task15,2,1,succeeded,1.0,True,1.0,not_affected,rxnhaystack-human-1.6.0,8,0.0,69856,4653,74509,320.4617181867361,68.66744417324662,326.0601236578077,461.6171875,matched-qwen3.5-397b-tier3-task15-scale-xfull-k1-r02,2026-09-24T00:58:58.754274+00:00,jed19-accel-qwen-matched-accelerated-s07;jed19-qwen-swiss-s04
matched_cardinality,matched-provisional,RCP-AIaaS/Qwen/Qwen3.5-397B-A17B,Qwen 3.5,full,scale-xfull-k1,3,tier3/task15,3,1,succeeded,1.0,True,1.0,not_affected,rxnhaystack-human-1.6.0,15,0.0,342933,15311,358244,660.6727997418493,112.51458093710244,666.1457456741482,643.3984375,matched-qwen3.5-397b-tier3-task15-scale-xfull-k1-r03,2026-09-24T06:27:09.000113+00:00,jed19-accel-qwen-matched-accelerated-s08;jed19-qwen-swiss-s01
matched_cardinality,matched-provisional,RCP-AIaaS/Qwen/Qwen3.5-397B-A17B,Qwen 3.5,full,scale-xfull-k1,3,tier3/task15,4,1,succeeded,1.0,True,1.0,not_affected,rxnhaystack-human-1.6.0,8,0.0,75977,5033,81010,316.82331845909357,57.67728986032307,322.38095088116825,499.171875,matched-qwen3.5-397b-tier3-task15-scale-xfull-k1-r04,2026-09-24T07:31:49.050018+00:00,jed19-accel-qwen-matched-accelerated-s09;jed19-qwen-swiss-s02
matched_cardinality,matched-provisional,RCP-AIaaS/Qwen/Qwen3.5-397B-A17B,Qwen 3.5,full,scale-xfull-k1,3,tier3/task15,5,1,succeeded,0.0,True,0.0,not_affected,rxnhaystack-human-1.6.0,16,0.0,412617,5476,418093,423.860647527501,64.13435621187091,429.68575942516327,441.28515625,matched-qwen3.5-397b-tier3-task15-scale-xfull-k1-r05,2026-09-24T00:52:10.053438+00:00,jed19-accel-qwen-matched-accelerated-s10;jed19-qwen-swiss-s03
matched_cardinality,matched-provisional,RCP-AIaaS/Qwen/Qwen3.5-397B-A17B,Qwen 3.5,5000,cardinality-x5000-k20,3,tier3/task17,1,1,succeeded,0.10526315789473685,True,0.10526315789473685,not_affected,rxnhaystack-human-1.6.0,6,0.0,39169,1903,41072,148.3059741500765,0.8619614820927382,154.06202477402985,364.4140625,matched-qwen3.5-397b-tier3-task17-cardinality-x5000-k20-r01,2026-09-24T01:01:33.491937+00:00,jed19-accel-qwen-matched-accelerated-s11;jed19-qwen-swiss-s04
matched_cardinality,matched-provisional,RCP-AIaaS/Qwen/Qwen3.5-397B-A17B,Qwen 3.5,5000,cardinality-x5000-k20,3,tier3/task17,2,1,succeeded,1.0,True,1.0,not_affected,rxnhaystack-human-1.6.0,10,0.0,91707,3387,95094,230.10795163735747,1.6562478970736265,362.56992183066905,362.1484375,matched-qwen3.5-397b-tier3-task17-cardinality-x5000-k20-r02,2026-09-24T06:33:12.310339+00:00,jed19-accel-qwen-matched-accelerated-s12;jed19-qwen-swiss-s01
matched_cardinality,matched-provisional,RCP-AIaaS/Qwen/Qwen3.5-397B-A17B,Qwen 3.5,5000,cardinality-x5000-k20,3,tier3/task17,3,1,succeeded,0.1226993865030675,True,0.1226993865030675,not_affected,rxnhaystack-human-1.6.0,9,0.0,98882,3613,102495,285.9895984828472,1.0751491039991379,291.4364412203431,362.953125,matched-qwen3.5-397b-tier3-task17-cardinality-x5000-k20-r03,2026-09-24T07:36:41.016609+00:00,jed19-accel-qwen-matched-accelerated-s13;jed19-qwen-swiss-s02
matched_cardinality,matched-provisional,RCP-AIaaS/Qwen/Qwen3.5-397B-A17B,Qwen 3.5,5000,cardinality-x5000-k20,3,tier3/task17,4,1,succeeded,1.0,True,1.0,not_affected,rxnhaystack-human-1.6.0,8,0.0,53451,1916,55367,190.5149796679616,0.8527633473277092,196.31710843369365,363.16015625,matched-qwen3.5-397b-tier3-task17-cardinality-x5000-k20-r04,2026-09-24T00:55:26.916279+00:00,jed19-accel-qwen-matched-accelerated-s14;jed19-qwen-swiss-s03
matched_cardinality,matched-provisional,RCP-AIaaS/Qwen/Qwen3.5-397B-A17B,Qwen 3.5,5000,cardinality-x5000-k20,3,tier3/task17,5,1,succeeded,0.10526315789473685,True,0.10526315789473685,not_affected,rxnhaystack-human-1.6.0,6,0.0,43357,2645,46002,128.16699203290045,0.8759759031236172,133.8266399204731,362.6328125,matched-qwen3.5-397b-tier3-task17-cardinality-x5000-k20-r05,2026-09-24T01:03:47.843769+00:00,jed19-accel-qwen-matched-accelerated-s15;jed19-qwen-swiss-s04
matched_cardinality,matched-provisional,RCP-AIaaS/Qwen/Qwen3.5-397B-A17B,Qwen 3.5,5000,cardinality-x5000-k5,3,tier3/task17,1,1,succeeded,0.049999999999999996,True,0.049999999999999996,not_affected,rxnhaystack-human-1.6.0,6,0.0,39165,2045,41210,140.75608456879854,0.898698465898633,163.27517441660166,365.76953125,matched-qwen3.5-397b-tier3-task17-cardinality-x5000-k5-r01,2026-09-24T06:35:57.997081+00:00,jed19-accel-qwen-matched-accelerated-s16;jed19-qwen-swiss-s01
matched_cardinality,matched-provisional,RCP-AIaaS/Qwen/Qwen3.5-397B-A17B,Qwen 3.5,5000,cardinality-x5000-k5,3,tier3/task17,2,1,succeeded,1.0,True,1.0,not_affected,rxnhaystack-human-1.6.0,6,0.0,46405,3427,49832,197.486056169495,1.8640000335872173,202.94327711500227,364.59375,matched-qwen3.5-397b-tier3-task17-cardinality-x5000-k5-r02,2026-09-24T07:40:04.631456+00:00,jed19-accel-qwen-matched-accelerated-s17;jed19-qwen-swiss-s02
matched_cardinality,matched-provisional,RCP-AIaaS/Qwen/Qwen3.5-397B-A17B,Qwen 3.5,5000,cardinality-x5000-k5,3,tier3/task17,3,1,succeeded,0.049999999999999996,True,0.049999999999999996,not_affected,rxnhaystack-human-1.6.0,6,0.0,44085,2466,46551,91.98243032768369,0.8567333929240704,97.44992897287011,364.76953125,matched-qwen3.5-397b-tier3-task17-cardinality-x5000-k5-r03,2026-09-24T00:57:05.419806+00:00,jed19-accel-qwen-matched-accelerated-s18;jed19-qwen-swiss-s03
matched_cardinality,matched-provisional,RCP-AIaaS/Qwen/Qwen3.5-397B-A17B,Qwen 3.5,5000,cardinality-x5000-k5,3,tier3/task17,4,1,succeeded,1.0,True,1.0,not_affected,rxnhaystack-human-1.6.0,7,0.0,57019,3989,61008,161.37366467900574,1.7295996118336916,166.70302642695606,356.703125,matched-qwen3.5-397b-tier3-task17-cardinality-x5000-k5-r04,2026-09-24T01:06:35.154145+00:00,jed19-accel-qwen-matched-accelerated-s19;jed19-qwen-swiss-s04
matched_cardinality,matched-provisional,RCP-AIaaS/Qwen/Qwen3.5-397B-A17B,Qwen 3.5,5000,cardinality-x5000-k5,3,tier3/task17,5,1,succeeded,1.0,True,1.0,not_affected,rxnhaystack-human-1.6.0,6,0.0,42271,2366,44637,142.2620303388685,0.8501854799687862,159.5604059919715,368.40234375,matched-qwen3.5-397b-tier3-task17-cardinality-x5000-k5-r05,2026-09-24T06:39:15.926342+00:00,jed19-accel-qwen-matched-accelerated-s20;jed19-qwen-swiss-s01
matched_cardinality,matched-provisional,RCP-AIaaS/Qwen/Qwen3.5-397B-A17B,Qwen 3.5,100,scale-x100-k1,3,tier3/task17,1,1,succeeded,0.2857142857142857,True,0.2857142857142857,not_affected,rxnhaystack-human-1.6.0,7,0.0,57783,3763,61546,210.59729270637035,0.06371493265032768,217.40869134292006,357.7890625,matched-qwen3.5-397b-tier3-task17-scale-x100-k1-r01,2026-09-24T07:44:01.971791+00:00,jed19-accel-qwen-matched-accelerated-s01;jed19-qwen-swiss-s02
matched_cardinality,matched-provisional,RCP-AIaaS/Qwen/Qwen3.5-397B-A17B,Qwen 3.5,100,scale-x100-k1,3,tier3/task17,2,1,succeeded,0.25,True,0.25,not_affected,rxnhaystack-human-1.6.0,23,0.0,650353,16738,667091,661.9363760277629,0.18860242143273354,667.5679724812508,363.00390625,matched-qwen3.5-397b-tier3-task17-scale-x100-k1-r02,2026-09-24T01:08:16.116135+00:00,jed19-accel-qwen-matched-accelerated-s02;jed19-qwen-swiss-s03
matched_cardinality,matched-provisional,RCP-AIaaS/Qwen/Qwen3.5-397B-A17B,Qwen 3.5,100,scale-x100-k1,3,tier3/task17,3,1,succeeded,0.2857142857142857,True,0.2857142857142857,not_affected,rxnhaystack-human-1.6.0,6,0.0,44078,3082,47160,123.1679593399167,0.028137069195508957,129.61474560387433,352.26953125,matched-qwen3.5-397b-tier3-task17-scale-x100-k1-r03,2026-09-24T01:08:45.694018+00:00,jed19-accel-qwen-matched-accelerated-s03;jed19-qwen-swiss-s04
matched_cardinality,matched-provisional,RCP-AIaaS/Qwen/Qwen3.5-397B-A17B,Qwen 3.5,100,scale-x100-k1,3,tier3/task17,4,1,succeeded,0.2857142857142857,True,0.2857142857142857,not_affected,rxnhaystack-human-1.6.0,8,0.0,103152,8207,111359,319.1213676221669,0.11742722243070602,324.46171741373837,369.48828125,matched-qwen3.5-397b-tier3-task17-scale-x100-k1-r04,2026-09-24T06:44:41.023094+00:00,jed19-accel-qwen-matched-accelerated-s04;jed19-qwen-swiss-s01
matched_cardinality,matched-provisional,RCP-AIaaS/Qwen/Qwen3.5-397B-A17B,Qwen 3.5,100,scale-x100-k1,3,tier3/task17,5,1,succeeded,0.2857142857142857,True,0.2857142857142857,not_affected,rxnhaystack-human-1.6.0,6,0.0,51292,4153,55445,209.5990856140852,0.08467661589384079,215.24999622814357,358.3984375,matched-qwen3.5-397b-tier3-task17-scale-x100-k1-r05,2026-09-24T07:47:37.782473+00:00,jed19-accel-qwen-matched-accelerated-s05;jed19-qwen-swiss-s02
matched_cardinality,matched-provisional,RCP-AIaaS/Qwen/Qwen3.5-397B-A17B,Qwen 3.5,500,scale-x500-k1,3,tier3/task17,1,1,succeeded,0.08333333333333333,True,0.08333333333333333,not_affected,rxnhaystack-human-1.6.0,8,0.0,65070,3126,68196,186.99292905442417,0.11178931593894958,192.54306891560555,357.03515625,matched-qwen3.5-397b-tier3-task17-scale-x500-k1-r01,2026-09-24T01:11:29.180986+00:00,jed19-accel-qwen-matched-accelerated-s06;jed19-qwen-swiss-s03
matched_cardinality,matched-provisional,RCP-AIaaS/Qwen/Qwen3.5-397B-A17B,Qwen 3.5,500,scale-x500-k1,3,tier3/task17,2,1,succeeded,0.06666666666666667,True,0.06666666666666667,not_affected,rxnhaystack-human-1.6.0,7,0.0,68953,4359,73312,214.06784002110362,0.3314434289932251,219.9168307185173,354.83984375,matched-qwen3.5-397b-tier3-task17-scale-x500-k1-r02,2026-09-24T01:12:27.424677+00:00,jed19-accel-qwen-matched-accelerated-s07;jed19-qwen-swiss-s04
matched_cardinality,matched-provisional,RCP-AIaaS/Qwen/Qwen3.5-397B-A17B,Qwen 3.5,500,scale-x500-k1,3,tier3/task17,3,1,succeeded,0.6666666666666666,True,0.6666666666666666,not_affected,rxnhaystack-human-1.6.0,8,0.0,75059,4904,79963,337.8993955049664,0.3112348411232233,343.68763791024685,361.81640625,matched-qwen3.5-397b-tier3-task17-scale-x500-k1-r03,2026-09-24T06:50:25.479048+00:00,jed19-accel-qwen-matched-accelerated-s08;jed19-qwen-swiss-s01
matched_cardinality,matched-provisional,RCP-AIaaS/Qwen/Qwen3.5-397B-A17B,Qwen 3.5,500,scale-x500-k1,3,tier3/task17,4,1,succeeded,1.0,True,1.0,not_affected,rxnhaystack-human-1.6.0,16,0.0,358750,14782,373532,681.8050424084067,1.459028396755457,687.6363125145435,358.7421875,matched-qwen3.5-397b-tier3-task17-scale-x500-k1-r04,2026-09-24T07:59:06.010393+00:00,jed19-accel-qwen-matched-accelerated-s09;jed19-qwen-swiss-s02
matched_cardinality,matched-provisional,RCP-AIaaS/Qwen/Qwen3.5-397B-A17B,Qwen 3.5,500,scale-x500-k1,3,tier3/task17,5,1,succeeded,0.5,True,0.5,not_affected,rxnhaystack-human-1.6.0,7,0.0,63108,4101,67209,154.48574316129088,0.236562080681324,160.005879284814,359.5625,matched-qwen3.5-397b-tier3-task17-scale-x500-k1-r05,2026-09-24T01:14:09.671784+00:00,jed19-accel-qwen-matched-accelerated-s10;jed19-qwen-swiss-s03
matched_cardinality,matched-provisional,RCP-AIaaS/Qwen/Qwen3.5-397B-A17B,Qwen 3.5,5000,scale-x5000-k1,3,tier3/task17,1,1,succeeded,0.002252252252252252,True,0.002252252252252252,not_affected,rxnhaystack-human-1.6.0,26,0.0,844476,19975,864451,678.0979247000068,1.9076895825564861,683.6570046953857,373.56640625,matched-qwen3.5-397b-tier3-task17-scale-x5000-k1-r01,2026-09-24T01:23:51.596131+00:00,jed19-accel-qwen-matched-accelerated-s11;jed19-qwen-swiss-s04
matched_cardinality,matched-provisional,RCP-AIaaS/Qwen/Qwen3.5-397B-A17B,Qwen 3.5,5000,scale-x5000-k1,3,tier3/task17,2,1,succeeded,0.05555555555555556,True,0.05555555555555556,not_affected,rxnhaystack-human-1.6.0,6,0.0,50143,3703,53846,212.0656461827457,1.1255957633256912,217.78215835243464,365.32421875,matched-qwen3.5-397b-tier3-task17-scale-x5000-k1-r02,2026-09-24T06:55:54.487973+00:00,jed19-accel-qwen-matched-accelerated-s12;jed19-qwen-swiss-s01
matched_cardinality,matched-provisional,RCP-AIaaS/Qwen/Qwen3.5-397B-A17B,Qwen 3.5,5000,scale-x5000-k1,3,tier3/task17,3,1,succeeded,0.0,True,0.0,not_affected,rxnhaystack-human-1.6.0,5,0.0,31671,2215,33886,187.51307534053922,0.8231546562165022,193.4483456108719,361.703125,matched-qwen3.5-397b-tier3-task17-scale-x5000-k1-r03,2026-09-24T08:02:20.657184+00:00,jed19-accel-qwen-matched-accelerated-s13;jed19-qwen-swiss-s02
matched_cardinality,matched-provisional,RCP-AIaaS/Qwen/Qwen3.5-397B-A17B,Qwen 3.5,5000,scale-x5000-k1,3,tier3/task17,4,1,succeeded,0.0,True,0.0,not_affected,rxnhaystack-human-1.6.0,6,0.0,40689,1945,42634,122.67636570706964,0.8284756410866976,128.20191582106054,360.1484375,matched-qwen3.5-397b-tier3-task17-scale-x5000-k1-r04,2026-09-24T01:17:31.001507+00:00,jed19-accel-qwen-matched-accelerated-s14;jed19-qwen-swiss-s03
matched_cardinality,matched-provisional,RCP-AIaaS/Qwen/Qwen3.5-397B-A17B,Qwen 3.5,5000,scale-x5000-k1,3,tier3/task17,5,1,succeeded,0.002072538860103627,True,0.002072538860103627,not_affected,rxnhaystack-human-1.6.0,10,0.0,149800,6036,155836,293.63280056230724,2.8932218346744776,299.74311648868024,363.19921875,matched-qwen3.5-397b-tier3-task17-scale-x5000-k1-r05,2026-09-24T01:29:32.472888+00:00,jed19-accel-qwen-matched-accelerated-s15;jed19-qwen-swiss-s04
matched_cardinality,matched-provisional,RCP-AIaaS/Qwen/Qwen3.5-397B-A17B,Qwen 3.5,50000,scale-x50000-k1,3,tier3/task17,1,1,succeeded,1.0,True,1.0,not_affected,rxnhaystack-human-1.6.0,11,0.0,152905,8722,161627,394.7812362741679,19.387411195784807,400.3864683881402,415.57421875,matched-qwen3.5-397b-tier3-task17-scale-x50000-k1-r01,2026-09-24T07:02:35.509035+00:00,jed19-accel-qwen-matched-accelerated-s16;jed19-qwen-swiss-s01
matched_cardinality,matched-provisional,RCP-AIaaS/Qwen/Qwen3.5-397B-A17B,Qwen 3.5,50000,scale-x50000-k1,3,tier3/task17,2,1,succeeded,1.0,True,1.0,not_affected,rxnhaystack-human-1.6.0,9,0.0,87625,4901,92526,351.11321477778256,25.298264481127262,368.01248246617615,421.21484375,matched-qwen3.5-397b-tier3-task17-scale-x50000-k1-r02,2026-09-24T08:08:41.060132+00:00,jed19-accel-qwen-matched-accelerated-s17;jed19-qwen-swiss-s02
matched_cardinality,matched-provisional,RCP-AIaaS/Qwen/Qwen3.5-397B-A17B,Qwen 3.5,50000,scale-x50000-k1,3,tier3/task17,3,1,succeeded,0.026666666666666665,True,0.026666666666666665,not_affected,rxnhaystack-human-1.6.0,17,0.0,348261,12451,360712,431.3158745840192,26.322256185114384,436.7281130962074,398.9296875,matched-qwen3.5-397b-tier3-task17-scale-x50000-k1-r03,2026-09-24T01:24:48.293508+00:00,jed19-accel-qwen-matched-accelerated-s18;jed19-qwen-swiss-s03
matched_cardinality,matched-provisional,RCP-AIaaS/Qwen/Qwen3.5-397B-A17B,Qwen 3.5,50000,scale-x50000-k1,3,tier3/task17,4,1,succeeded,0.0009350163627863488,True,0.0009350163627863488,not_affected,rxnhaystack-human-1.6.0,10,0.0,159290,6026,165316,250.3870076239109,34.93389770947397,256.1337693016976,430.38671875,matched-qwen3.5-397b-tier3-task17-scale-x50000-k1-r04,2026-09-24T01:35:15.896406+00:00,jed19-accel-qwen-matched-accelerated-s19;jed19-qwen-swiss-s04
matched_cardinality,matched-provisional,RCP-AIaaS/Qwen/Qwen3.5-397B-A17B,Qwen 3.5,50000,scale-x50000-k1,3,tier3/task17,5,1,succeeded,0.026666666666666665,True,0.026666666666666665,not_affected,rxnhaystack-human-1.6.0,17,0.0,306388,10828,317216,579.6240912619978,35.4247413855046,585.7445220183581,447.70703125,matched-qwen3.5-397b-tier3-task17-scale-x50000-k1-r05,2026-09-24T07:12:21.803302+00:00,jed19-accel-qwen-matched-accelerated-s20;jed19-qwen-swiss-s01
matched_cardinality,matched-provisional,RCP-AIaaS/Qwen/Qwen3.5-397B-A17B,Qwen 3.5,full,scale-xfull-k1,3,tier3/task17,1,1,succeeded,0.0,True,0.0,not_affected,rxnhaystack-human-1.6.0,9,0.0,93018,4743,97761,315.7510781213641,18.05440024845302,355.1660252828151,451.0625,matched-qwen3.5-397b-tier3-task17-scale-xfull-k1-r01,2026-09-24T08:14:38.543511+00:00,jed19-accel-qwen-matched-accelerated-s01;jed19-qwen-swiss-s02
matched_cardinality,matched-provisional,RCP-AIaaS/Qwen/Qwen3.5-397B-A17B,Qwen 3.5,full,scale-xfull-k1,3,tier3/task17,2,1,succeeded,0.0003958044725905402,True,0.0003958044725905402,not_affected,rxnhaystack-human-1.6.0,12,0.0,150376,4802,155178,298.65447491034865,21.18968697451055,307.0573225840926,447.78515625,matched-qwen3.5-397b-tier3-task17-scale-xfull-k1-r02,2026-09-24T01:29:55.919042+00:00,jed19-accel-qwen-matched-accelerated-s02;jed19-qwen-swiss-s03
matched_cardinality,matched-provisional,RCP-AIaaS/Qwen/Qwen3.5-397B-A17B,Qwen 3.5,full,scale-xfull-k1,3,tier3/task17,3,1,succeeded,0.0006538084341288004,True,0.0006538084341288004,not_affected,rxnhaystack-human-1.6.0,8,0.0,70383,3354,73737,175.55688777193427,17.709605233743787,181.415827665478,445.2890625,matched-qwen3.5-397b-tier3-task17-scale-xfull-k1-r03,2026-09-24T01:38:17.914922+00:00,jed19-accel-qwen-matched-accelerated-s03;jed19-qwen-swiss-s04
matched_cardinality,matched-provisional,RCP-AIaaS/Qwen/Qwen3.5-397B-A17B,Qwen 3.5,full,scale-xfull-k1,3,tier3/task17,4,1,succeeded,0.0003958044725905402,True,0.0003958044725905402,not_affected,rxnhaystack-human-1.6.0,9,0.0,100743,4608,105351,262.48096114583313,22.287877347320318,268.09860098548234,483.94140625,matched-qwen3.5-397b-tier3-task17-scale-xfull-k1-r04,2026-09-24T07:16:50.474455+00:00,jed19-accel-qwen-matched-accelerated-s04;jed19-qwen-swiss-s01
matched_cardinality,matched-provisional,RCP-AIaaS/Qwen/Qwen3.5-397B-A17B,Qwen 3.5,full,scale-xfull-k1,3,tier3/task17,5,1,succeeded,0.0003958044725905402,True,0.0003958044725905402,not_affected,rxnhaystack-human-1.6.0,8,0.0,169080,3470,172550,250.54110848158598,39.890585416927934,256.3018257636577,475.78125,matched-qwen3.5-397b-tier3-task17-scale-xfull-k1-r05,2026-09-24T08:18:55.465211+00:00,jed19-accel-qwen-matched-accelerated-s05;jed19-qwen-swiss-s02
matched_cardinality,matched-provisional,RCP-AIaaS/Qwen/Qwen3.5-397B-A17B,Qwen 3.5,5000,cardinality-x5000-k20,3,tier3/task18,1,1,succeeded,,False,0.22641509433962265,historical_score_invalidated,rxnhaystack-human-1.6.0,9,0.0,111571,5884,117455,215.97213437780738,5.702051239088178,221.62880176864564,368.65625,matched-qwen3.5-397b-tier3-task18-cardinality-x5000-k20-r01,2026-09-24T01:34:04.189914+00:00,jed19-accel-qwen-matched-accelerated-s06;jed19-qwen-swiss-s03;ground-truth:rxnhaystack-ground-truth-2026-09-25-v2
matched_cardinality,matched-provisional,RCP-AIaaS/Qwen/Qwen3.5-397B-A17B,Qwen 3.5,5000,cardinality-x5000-k20,3,tier3/task18,2,1,succeeded,,False,0.4285714285714285,historical_score_invalidated,rxnhaystack-human-1.6.0,13,0.0,243511,11289,254800,406.65568878501654,17.562866918742657,412.51231111958623,368.1484375,matched-qwen3.5-397b-tier3-task18-cardinality-x5000-k20-r02,2026-09-24T01:45:10.951740+00:00,jed19-accel-qwen-matched-accelerated-s07;jed19-qwen-swiss-s04;ground-truth:rxnhaystack-ground-truth-2026-09-25-v2
matched_cardinality,matched-provisional,RCP-AIaaS/Qwen/Qwen3.5-397B-A17B,Qwen 3.5,5000,cardinality-x5000-k20,3,tier3/task18,3,1,succeeded,,False,0.22641509433962265,historical_score_invalidated,rxnhaystack-human-1.6.0,12,0.0,175642,8085,183727,391.3270627800375,7.216064723208547,441.33746632374823,359.01953125,matched-qwen3.5-397b-tier3-task18-cardinality-x5000-k20-r03,2026-09-24T07:24:41.442226+00:00,jed19-accel-qwen-matched-accelerated-s08;jed19-qwen-swiss-s01;ground-truth:rxnhaystack-ground-truth-2026-09-25-v2
matched_cardinality,matched-provisional,RCP-AIaaS/Qwen/Qwen3.5-397B-A17B,Qwen 3.5,5000,cardinality-x5000-k20,3,tier3/task18,4,1,succeeded,,False,0.22641509433962265,historical_score_invalidated,rxnhaystack-human-1.6.0,9,0.0,91874,3785,95659,267.6215230077505,4.730910820886493,280.04245796613395,362.0,matched-qwen3.5-397b-tier3-task18-cardinality-x5000-k20-r04,2026-09-24T08:23:36.461646+00:00,jed19-accel-qwen-matched-accelerated-s09;jed19-qwen-swiss-s02;ground-truth:rxnhaystack-ground-truth-2026-09-25-v2
matched_cardinality,matched-provisional,RCP-AIaaS/Qwen/Qwen3.5-397B-A17B,Qwen 3.5,5000,cardinality-x5000-k20,3,tier3/task18,5,1,succeeded,,False,0.37037037037037035,historical_score_invalidated,rxnhaystack-human-1.6.0,11,0.0,157985,8809,166794,324.01873332448304,5.677202561870217,329.80197809264064,365.24609375,matched-qwen3.5-397b-tier3-task18-cardinality-x5000-k20-r05,2026-09-24T01:39:34.540847+00:00,jed19-accel-qwen-matched-accelerated-s10;jed19-qwen-swiss-s03;ground-truth:rxnhaystack-ground-truth-2026-09-25-v2
matched_cardinality,matched-provisional,RCP-AIaaS/Qwen/Qwen3.5-397B-A17B,Qwen 3.5,5000,cardinality-x5000-k5,3,tier3/task18,1,1,succeeded,,False,0.0,historical_score_invalidated,rxnhaystack-human-1.6.0,11,0.0,124749,2838,127587,208.65080978162587,4.587004108354449,214.08839644677937,370.62109375,matched-qwen3.5-397b-tier3-task18-cardinality-x5000-k5-r01,2026-09-24T01:48:45.569003+00:00,jed19-accel-qwen-matched-accelerated-s11;jed19-qwen-swiss-s04;ground-truth:rxnhaystack-ground-truth-2026-09-25-v2
matched_cardinality,matched-provisional,RCP-AIaaS/Qwen/Qwen3.5-397B-A17B,Qwen 3.5,5000,cardinality-x5000-k5,3,tier3/task18,2,1,succeeded,,False,0.0,historical_score_invalidated,rxnhaystack-human-1.6.0,10,0.0,139784,9443,149227,494.7473125588149,15.09795161895454,500.0426591914147,364.95703125,matched-qwen3.5-397b-tier3-task18-cardinality-x5000-k5-r02,2026-09-24T07:33:02.326431+00:00,jed19-accel-qwen-matched-accelerated-s12;jed19-qwen-swiss-s01;ground-truth:rxnhaystack-ground-truth-2026-09-25-v2
matched_cardinality,matched-provisional,RCP-AIaaS/Qwen/Qwen3.5-397B-A17B,Qwen 3.5,5000,cardinality-x5000-k5,3,tier3/task18,3,1,succeeded,,False,0.0,historical_score_invalidated,rxnhaystack-human-1.6.0,6,0.0,45353,1974,47327,210.75137531384826,2.6966298911720514,216.35538214072585,363.07421875,matched-qwen3.5-397b-tier3-task18-cardinality-x5000-k5-r03,2026-09-24T08:27:13.326061+00:00,jed19-accel-qwen-matched-accelerated-s13;jed19-qwen-swiss-s02;ground-truth:rxnhaystack-ground-truth-2026-09-25-v2
matched_cardinality,matched-provisional,RCP-AIaaS/Qwen/Qwen3.5-397B-A17B,Qwen 3.5,5000,cardinality-x5000-k5,3,tier3/task18,4,1,succeeded,,False,0.25,historical_score_invalidated,rxnhaystack-human-1.6.0,10,0.0,168557,10226,178783,269.5353394150734,5.507212605327368,275.01182634569705,365.46875,matched-qwen3.5-397b-tier3-task18-cardinality-x5000-k5-r04,2026-09-24T01:44:10.137266+00:00,jed19-accel-qwen-matched-accelerated-s14;jed19-qwen-swiss-s03;ground-truth:rxnhaystack-ground-truth-2026-09-25-v2
matched_cardinality,matched-provisional,RCP-AIaaS/Qwen/Qwen3.5-397B-A17B,Qwen 3.5,5000,cardinality-x5000-k5,3,tier3/task18,5,1,succeeded,,False,0.0,historical_score_invalidated,rxnhaystack-human-1.6.0,6,0.0,46877,2066,48943,127.7068950124085,2.4235110972076654,207.46950301527977,367.1796875,matched-qwen3.5-397b-tier3-task18-cardinality-x5000-k5-r05,2026-09-24T01:52:13.589614+00:00,jed19-accel-qwen-matched-accelerated-s15;jed19-qwen-swiss-s04;ground-truth:rxnhaystack-ground-truth-2026-09-25-v2
matched_cardinality,matched-provisional,RCP-AIaaS/Qwen/Qwen3.5-397B-A17B,Qwen 3.5,100,scale-x100-k1,3,tier3/task18,1,1,succeeded,0.0,True,0.0,corrected_exact_rescore,rxnhaystack-human-1.6.0,17,0.0,559954,19947,579901,881.7090865429491,1.2078274060040712,887.3348523266613,362.40625,matched-qwen3.5-397b-tier3-task18-scale-x100-k1-r01,2026-09-24T07:47:50.478871+00:00,jed19-accel-qwen-matched-accelerated-s16;jed19-qwen-swiss-s01;ground-truth:rxnhaystack-ground-truth-2026-09-25-v2;corrected-score-recovery:rxnhaystack-corrected-score-recovery-2026-09-25-v1
matched_cardinality,matched-provisional,RCP-AIaaS/Qwen/Qwen3.5-397B-A17B,Qwen 3.5,100,scale-x100-k1,3,tier3/task18,2,1,succeeded,0.0,True,0.0,corrected_exact_rescore,rxnhaystack-human-1.6.0,20,0.0,579449,24364,603813,985.5718175061047,0.9854175355285406,990.87292666547,362.15625,matched-qwen3.5-397b-tier3-task18-scale-x100-k1-r02,2026-09-24T08:43:44.715592+00:00,jed19-accel-qwen-matched-accelerated-s17;jed19-qwen-swiss-s02;ground-truth:rxnhaystack-ground-truth-2026-09-25-v2;corrected-score-recovery:rxnhaystack-corrected-score-recovery-2026-09-25-v1
matched_cardinality,matched-provisional,RCP-AIaaS/Qwen/Qwen3.5-397B-A17B,Qwen 3.5,100,scale-x100-k1,3,tier3/task18,3,1,succeeded,0.0,True,0.0,corrected_exact_rescore,rxnhaystack-human-1.6.0,18,0.0,540867,24874,565741,662.13743487373,0.7725003957748413,667.7679025735706,385.2109375,matched-qwen3.5-397b-tier3-task18-scale-x100-k1-r03,2026-09-24T01:55:18.431927+00:00,jed19-accel-qwen-matched-accelerated-s18;jed19-qwen-swiss-s03;ground-truth:rxnhaystack-ground-truth-2026-09-25-v2;corrected-score-recovery:rxnhaystack-corrected-score-recovery-2026-09-25-v1
matched_cardinality,matched-provisional,RCP-AIaaS/Qwen/Qwen3.5-397B-A17B,Qwen 3.5,100,scale-x100-k1,3,tier3/task18,4,1,succeeded,0.0,True,0.0,corrected_exact_rescore,rxnhaystack-human-1.6.0,19,0.0,566526,20975,587501,664.61261943914,1.2610236518085003,670.0166506934911,398.765625,matched-qwen3.5-397b-tier3-task18-scale-x100-k1-r04,2026-09-24T02:04:24.606993+00:00,jed19-accel-qwen-matched-accelerated-s19;jed19-qwen-swiss-s04;ground-truth:rxnhaystack-ground-truth-2026-09-25-v2;corrected-score-recovery:rxnhaystack-corrected-score-recovery-2026-09-25-v1
matched_cardinality,matched-provisional,RCP-AIaaS/Qwen/Qwen3.5-397B-A17B,Qwen 3.5,100,scale-x100-k1,3,tier3/task18,5,1,succeeded,,False,0.0,historical_score_invalidated,rxnhaystack-human-1.6.0,17,0.0,390706,19032,409738,783.6966530438513,0.20654688403010368,789.5748724285513,371.02734375,matched-qwen3.5-397b-tier3-task18-scale-x100-k1-r05,2026-09-24T08:01:00.580030+00:00,jed19-accel-qwen-matched-accelerated-s20;jed19-qwen-swiss-s01;ground-truth:rxnhaystack-ground-truth-2026-09-25-v2
matched_cardinality,matched-provisional,RCP-AIaaS/Qwen/Qwen3.5-397B-A17B,Qwen 3.5,500,scale-x500-k1,3,tier3/task18,1,1,succeeded,0.0,True,0.0,corrected_exact_rescore,rxnhaystack-human-1.6.0,22,0.0,687165,24049,711214,1179.6694866791368,4.671023527160287,1185.21120018512,360.55078125,matched-qwen3.5-397b-tier3-task18-scale-x500-k1-r01,2026-09-24T09:03:32.240608+00:00,jed19-accel-qwen-matched-accelerated-s01;jed19-qwen-swiss-s02;ground-truth:rxnhaystack-ground-truth-2026-09-25-v2;corrected-score-recovery:rxnhaystack-corrected-score-recovery-2026-09-25-v1
matched_cardinality,matched-provisional,RCP-AIaaS/Qwen/Qwen3.5-397B-A17B,Qwen 3.5,500,scale-x500-k1,3,tier3/task18,2,1,succeeded,,False,0.0,historical_score_invalidated,rxnhaystack-human-1.6.0,5,0.0,36537,2758,39295,118.66104654967785,0.3439535666257143,124.204609753564,356.17578125,matched-qwen3.5-397b-tier3-task18-scale-x500-k1-r02,2026-09-24T01:57:23.147590+00:00,jed19-accel-qwen-matched-accelerated-s02;jed19-qwen-swiss-s03;ground-truth:rxnhaystack-ground-truth-2026-09-25-v2
matched_cardinality,matched-provisional,RCP-AIaaS/Qwen/Qwen3.5-397B-A17B,Qwen 3.5,500,scale-x500-k1,3,tier3/task18,3,1,succeeded,,False,0.33333333333333337,historical_score_invalidated,rxnhaystack-human-1.6.0,8,0.0,76999,4127,81126,143.28917239233851,0.4468728043138981,148.97333845496178,358.109375,matched-qwen3.5-397b-tier3-task18-scale-x500-k1-r03,2026-09-24T02:06:54.133664+00:00,jed19-accel-qwen-matched-accelerated-s03;jed19-qwen-swiss-s04;ground-truth:rxnhaystack-ground-truth-2026-09-25-v2
matched_cardinality,matched-provisional,RCP-AIaaS/Qwen/Qwen3.5-397B-A17B,Qwen 3.5,500,scale-x500-k1,3,tier3/task18,4,1,succeeded,,False,0.0,historical_score_invalidated,rxnhaystack-human-1.6.0,31,0.0,903026,24658,927684,1216.4166243188083,4.5419623870402575,1222.068517876789,363.1484375,matched-qwen3.5-397b-tier3-task18-scale-x500-k1-r04,2026-09-24T08:21:23.261505+00:00,jed19-accel-qwen-matched-accelerated-s04;jed19-qwen-swiss-s01;ground-truth:rxnhaystack-ground-truth-2026-09-25-v2
matched_cardinality,matched-provisional,RCP-AIaaS/Qwen/Qwen3.5-397B-A17B,Qwen 3.5,500,scale-x500-k1,3,tier3/task18,5,1,succeeded,0.0,True,0.0,corrected_exact_rescore,rxnhaystack-human-1.6.0,18,0.0,346222,12988,359210,704.8556779995561,2.0930342618376017,750.3160305116326,369.21484375,matched-qwen3.5-397b-tier3-task18-scale-x500-k1-r05,2026-09-24T09:19:33.256251+00:00,jed19-accel-qwen-matched-accelerated-s05;jed19-qwen-swiss-s02;ground-truth:rxnhaystack-ground-truth-2026-09-25-v2;corrected-score-recovery:rxnhaystack-corrected-score-recovery-2026-09-25-v1
matched_cardinality,matched-provisional,RCP-AIaaS/Qwen/Qwen3.5-397B-A17B,Qwen 3.5,5000,scale-x5000-k1,3,tier3/task18,1,1,succeeded,,False,0.0,historical_score_invalidated,rxnhaystack-human-1.6.0,13,0.0,217061,6645,223706,312.15897938236594,5.591754479333758,317.82066425308585,367.60546875,matched-qwen3.5-397b-tier3-task18-scale-x5000-k1-r01,2026-09-24T02:02:41.449981+00:00,jed19-accel-qwen-matched-accelerated-s06;jed19-qwen-swiss-s03;ground-truth:rxnhaystack-ground-truth-2026-09-25-v2
matched_cardinality,matched-provisional,RCP-AIaaS/Qwen/Qwen3.5-397B-A17B,Qwen 3.5,5000,scale-x5000-k1,3,tier3/task18,2,1,succeeded,,False,0.0,historical_score_invalidated,rxnhaystack-human-1.6.0,10,0.0,142799,9110,151909,293.18028883449733,6.24836078286171,298.663605036214,362.23828125,matched-qwen3.5-397b-tier3-task18-scale-x5000-k1-r02,2026-09-24T02:11:53.408661+00:00,jed19-accel-qwen-matched-accelerated-s07;jed19-qwen-swiss-s04;ground-truth:rxnhaystack-ground-truth-2026-09-25-v2
matched_cardinality,matched-provisional,RCP-AIaaS/Qwen/Qwen3.5-397B-A17B,Qwen 3.5,5000,scale-x5000-k1,3,tier3/task18,3,1,succeeded,,False,0.0,historical_score_invalidated,rxnhaystack-human-1.6.0,8,0.0,65948,4213,70161,241.33136736415327,5.406925784423947,246.70122625865042,365.5859375,matched-qwen3.5-397b-tier3-task18-scale-x5000-k1-r03,2026-09-24T08:25:30.669248+00:00,jed19-accel-qwen-matched-accelerated-s08;jed19-qwen-swiss-s01;ground-truth:rxnhaystack-ground-truth-2026-09-25-v2
matched_cardinality,matched-provisional,RCP-AIaaS/Qwen/Qwen3.5-397B-A17B,Qwen 3.5,5000,scale-x5000-k1,3,tier3/task18,4,1,succeeded,,False,0.0,historical_score_invalidated,rxnhaystack-human-1.6.0,10,0.0,136315,5753,142068,362.597103478387,10.62742972560227,368.2574160024524,364.16015625,matched-qwen3.5-397b-tier3-task18-scale-x5000-k1-r04,2026-09-24T09:25:42.082463+00:00,jed19-accel-qwen-matched-accelerated-s09;jed19-qwen-swiss-s02;ground-truth:rxnhaystack-ground-truth-2026-09-25-v2
matched_cardinality,matched-provisional,RCP-AIaaS/Qwen/Qwen3.5-397B-A17B,Qwen 3.5,5000,scale-x5000-k1,3,tier3/task18,5,1,succeeded,,False,0.0,historical_score_invalidated,rxnhaystack-human-1.6.0,13,0.0,272447,14365,286812,454.52931474149227,20.6345980707556,460.08654748648405,364.19921875,matched-qwen3.5-397b-tier3-task18-scale-x5000-k1-r05,2026-09-24T02:10:22.148490+00:00,jed19-accel-qwen-matched-accelerated-s10;jed19-qwen-swiss-s03;ground-truth:rxnhaystack-ground-truth-2026-09-25-v2
matched_cardinality,matched-provisional,RCP-AIaaS/Qwen/Qwen3.5-397B-A17B,Qwen 3.5,50000,scale-x50000-k1,3,tier3/task18,1,1,succeeded,,False,0.0,historical_score_invalidated,rxnhaystack-human-1.6.0,9,0.0,104030,4756,108786,220.87566605210304,35.43625265918672,314.3756949622184,418.12890625,matched-qwen3.5-397b-tier3-task18-scale-x50000-k1-r01,2026-09-24T02:17:08.356777+00:00,jed19-accel-qwen-matched-accelerated-s11;jed19-qwen-swiss-s04;ground-truth:rxnhaystack-ground-truth-2026-09-25-v2
matched_cardinality,matched-provisional,RCP-AIaaS/Qwen/Qwen3.5-397B-A17B,Qwen 3.5,50000,scale-x50000-k1,3,tier3/task18,2,1,succeeded,,False,0.0,historical_score_invalidated,rxnhaystack-human-1.6.0,16,0.0,533656,15047,548703,796.5001478642225,131.31380374729633,949.0873060133308,464.56640625,matched-qwen3.5-397b-tier3-task18-scale-x50000-k1-r02,2026-09-24T08:41:20.353037+00:00,jed19-accel-qwen-matched-accelerated-s12;jed19-qwen-swiss-s01;ground-truth:rxnhaystack-ground-truth-2026-09-25-v2
matched_cardinality,matched-provisional,RCP-AIaaS/Qwen/Qwen3.5-397B-A17B,Qwen 3.5,50000,scale-x50000-k1,3,tier3/task18,3,1,succeeded,,False,0.0,historical_score_invalidated,rxnhaystack-human-1.6.0,10,0.0,145809,8556,154365,476.9165548477322,42.54901625588536,488.2911117654294,415.67578125,matched-qwen3.5-397b-tier3-task18-scale-x50000-k1-r03,2026-09-24T09:34:10.429236+00:00,jed19-accel-qwen-matched-accelerated-s13;jed19-qwen-swiss-s02;ground-truth:rxnhaystack-ground-truth-2026-09-25-v2
matched_cardinality,matched-provisional,RCP-AIaaS/Qwen/Qwen3.5-397B-A17B,Qwen 3.5,50000,scale-x50000-k1,3,tier3/task18,4,1,succeeded,,False,0.0,historical_score_invalidated,rxnhaystack-human-1.6.0,14,0.0,214478,8846,223324,406.23463978618383,92.92705512978137,412.32424579001963,431.97265625,matched-qwen3.5-397b-tier3-task18-scale-x50000-k1-r04,2026-09-24T02:17:15.075766+00:00,jed19-accel-qwen-matched-accelerated-s14;jed19-qwen-swiss-s03;ground-truth:rxnhaystack-ground-truth-2026-09-25-v2
matched_cardinality,matched-provisional,RCP-AIaaS/Qwen/Qwen3.5-397B-A17B,Qwen 3.5,50000,scale-x50000-k1,3,tier3/task18,5,1,succeeded,,False,0.0,historical_score_invalidated,rxnhaystack-human-1.6.0,19,0.0,383024,8553,391577,480.66130661033094,41.88393964059651,486.43261914141476,396.5234375,matched-qwen3.5-397b-tier3-task18-scale-x50000-k1-r05,2026-09-24T02:25:15.313122+00:00,jed19-accel-qwen-matched-accelerated-s15;jed19-qwen-swiss-s04;ground-truth:rxnhaystack-ground-truth-2026-09-25-v2
matched_cardinality,matched-provisional,RCP-AIaaS/Qwen/Qwen3.5-397B-A17B,Qwen 3.5,full,scale-xfull-k1,3,tier3/task18,1,1,succeeded,,False,0.0,historical_score_invalidated,rxnhaystack-human-1.6.0,10,0.0,111078,7439,118517,554.7896578237414,67.80179001390934,560.3475746177137,440.3984375,matched-qwen3.5-397b-tier3-task18-scale-xfull-k1-r01,2026-09-24T08:51:12.529369+00:00,jed19-accel-qwen-matched-accelerated-s16;jed19-qwen-swiss-s01;ground-truth:rxnhaystack-ground-truth-2026-09-25-v2
matched_cardinality,matched-provisional,RCP-AIaaS/Qwen/Qwen3.5-397B-A17B,Qwen 3.5,full,scale-xfull-k1,3,tier3/task18,2,1,succeeded,,False,0.0,historical_score_invalidated,rxnhaystack-human-1.6.0,31,0.0,1343930,18397,1362327,1287.494817711413,128.77840773947537,1394.5745154358447,506.98046875,matched-qwen3.5-397b-tier3-task18-scale-xfull-k1-r02,2026-09-24T09:57:40.634604+00:00,jed19-accel-qwen-matched-accelerated-s17;jed19-qwen-swiss-s02;ground-truth:rxnhaystack-ground-truth-2026-09-25-v2
matched_cardinality,matched-provisional,RCP-AIaaS/Qwen/Qwen3.5-397B-A17B,Qwen 3.5,full,scale-xfull-k1,3,tier3/task18,3,1,succeeded,,False,0.0,historical_score_invalidated,rxnhaystack-human-1.6.0,6,0.0,57304,4466,61770,278.3414650056511,85.99402158893645,283.6166409198195,426.53515625,matched-qwen3.5-397b-tier3-task18-scale-xfull-k1-r03,2026-09-24T02:21:59.209820+00:00,jed19-accel-qwen-matched-accelerated-s18;jed19-qwen-swiss-s03;ground-truth:rxnhaystack-ground-truth-2026-09-25-v2
matched_cardinality,matched-provisional,RCP-AIaaS/Qwen/Qwen3.5-397B-A17B,Qwen 3.5,full,scale-xfull-k1,3,tier3/task18,4,1,succeeded,,False,0.0,historical_score_invalidated,rxnhaystack-human-1.6.0,12,0.0,179711,7522,187233,1260.065202428028,199.30089524574578,1265.7021564878523,424.3046875,matched-qwen3.5-397b-tier3-task18-scale-xfull-k1-r04,2026-09-24T02:46:21.614388+00:00,jed19-accel-qwen-matched-accelerated-s19;jed19-qwen-swiss-s04;ground-truth:rxnhaystack-ground-truth-2026-09-25-v2
matched_cardinality,matched-provisional,RCP-AIaaS/Qwen/Qwen3.5-397B-A17B,Qwen 3.5,full,scale-xfull-k1,3,tier3/task18,5,1,succeeded,,False,0.0,historical_score_invalidated,rxnhaystack-human-1.6.0,7,0.0,59924,2393,62317,296.867899088189,72.17159453034401,302.53014438971877,423.16015625,matched-qwen3.5-397b-tier3-task18-scale-xfull-k1-r05,2026-09-24T08:57:24.117057+00:00,jed19-accel-qwen-matched-accelerated-s20;jed19-qwen-swiss-s01;ground-truth:rxnhaystack-ground-truth-2026-09-25-v2
matched_cardinality,matched-provisional,RCP-AIaaS/Qwen/Qwen3.5-397B-A17B,Qwen 3.5,5000,cardinality-x5000-k20,3,tier3/task20,1,1,succeeded,1.0,True,1.0,not_affected,rxnhaystack-human-1.6.0,6,0.0,41633,2532,44165,142.67701171152294,1.565887263044715,170.2526322118938,359.79296875,matched-qwen3.5-397b-tier3-task20-cardinality-x5000-k20-r01,2026-09-24T10:00:31.475886+00:00,jed19-accel-qwen-matched-accelerated-s01;jed19-qwen-swiss-s02
matched_cardinality,matched-provisional,RCP-AIaaS/Qwen/Qwen3.5-397B-A17B,Qwen 3.5,5000,cardinality-x5000-k20,3,tier3/task20,2,1,succeeded,1.0,True,1.0,not_affected,rxnhaystack-human-1.6.0,7,0.0,64527,3769,68296,212.15177190117538,1.5766323041170835,217.72025626152754,366.84765625,matched-qwen3.5-397b-tier3-task20-cardinality-x5000-k20-r02,2026-09-24T02:25:56.353592+00:00,jed19-accel-qwen-matched-accelerated-s02;jed19-qwen-swiss-s03
matched_cardinality,matched-provisional,RCP-AIaaS/Qwen/Qwen3.5-397B-A17B,Qwen 3.5,5000,cardinality-x5000-k20,3,tier3/task20,3,1,succeeded,1.0,True,1.0,not_affected,rxnhaystack-human-1.6.0,6,0.0,44417,2490,46907,301.6197767201811,1.5793710816651583,307.9487951863557,365.31640625,matched-qwen3.5-397b-tier3-task20-cardinality-x5000-k20-r03,2026-09-24T02:51:30.131672+00:00,jed19-accel-qwen-matched-accelerated-s03;jed19-qwen-swiss-s04
matched_cardinality,matched-provisional,RCP-AIaaS/Qwen/Qwen3.5-397B-A17B,Qwen 3.5,5000,cardinality-x5000-k20,3,tier3/task20,4,1,succeeded,1.0,True,1.0,not_affected,rxnhaystack-human-1.6.0,8,0.0,70103,3869,73972,243.81935318373144,3.0204235296696424,249.87346372939646,356.3984375,matched-qwen3.5-397b-tier3-task20-cardinality-x5000-k20-r04,2026-09-24T09:01:34.520285+00:00,jed19-accel-qwen-matched-accelerated-s04;jed19-qwen-swiss-s01
matched_cardinality,matched-provisional,RCP-AIaaS/Qwen/Qwen3.5-397B-A17B,Qwen 3.5,5000,cardinality-x5000-k20,3,tier3/task20,5,1,succeeded,1.0,True,1.0,not_affected,rxnhaystack-human-1.6.0,6,0.0,48956,3923,52879,213.64932892099023,1.5772513188421726,219.09009951725602,357.328125,matched-qwen3.5-397b-tier3-task20-cardinality-x5000-k20-r05,2026-09-24T10:04:11.228500+00:00,jed19-accel-qwen-matched-accelerated-s05;jed19-qwen-swiss-s02
matched_cardinality,matched-provisional,RCP-AIaaS/Qwen/Qwen3.5-397B-A17B,Qwen 3.5,5000,cardinality-x5000-k5,3,tier3/task20,1,1,succeeded,1.0,True,1.0,not_affected,rxnhaystack-human-1.6.0,5,0.0,33832,2301,36133,234.76121096126735,1.5653540696948767,323.18967516720295,360.04296875,matched-qwen3.5-397b-tier3-task20-cardinality-x5000-k5-r01,2026-09-24T02:31:52.805136+00:00,jed19-accel-qwen-matched-accelerated-s06;jed19-qwen-swiss-s03
matched_cardinality,matched-provisional,RCP-AIaaS/Qwen/Qwen3.5-397B-A17B,Qwen 3.5,5000,cardinality-x5000-k5,3,tier3/task20,2,1,succeeded,1.0,True,1.0,not_affected,rxnhaystack-human-1.6.0,7,0.0,60488,3502,63990,359.32065561041236,1.1425786223262548,365.81436908990145,360.3828125,matched-qwen3.5-397b-tier3-task20-cardinality-x5000-k5-r02,2026-09-24T02:57:36.502505+00:00,jed19-accel-qwen-matched-accelerated-s07;jed19-qwen-swiss-s04
matched_cardinality,matched-provisional,RCP-AIaaS/Qwen/Qwen3.5-397B-A17B,Qwen 3.5,5000,cardinality-x5000-k5,3,tier3/task20,3,1,succeeded,1.0,True,1.0,not_affected,rxnhaystack-human-1.6.0,7,0.0,56431,3513,59944,197.5638532973826,1.7349646370857954,203.12733089737594,360.37890625,matched-qwen3.5-397b-tier3-task20-cardinality-x5000-k5-r03,2026-09-24T09:05:22.897498+00:00,jed19-accel-qwen-matched-accelerated-s08;jed19-qwen-swiss-s01
matched_cardinality,matched-provisional,RCP-AIaaS/Qwen/Qwen3.5-397B-A17B,Qwen 3.5,5000,cardinality-x5000-k5,3,tier3/task20,4,1,succeeded,1.0,True,1.0,not_affected,rxnhaystack-human-1.6.0,6,0.0,51922,3656,55578,224.17426566407084,1.5728183537721634,275.15867126360536,362.34765625,matched-qwen3.5-397b-tier3-task20-cardinality-x5000-k5-r04,2026-09-24T10:08:47.097513+00:00,jed19-accel-qwen-matched-accelerated-s09;jed19-qwen-swiss-s02
matched_cardinality,matched-provisional,RCP-AIaaS/Qwen/Qwen3.5-397B-A17B,Qwen 3.5,5000,cardinality-x5000-k5,3,tier3/task20,5,1,succeeded,1.0,True,1.0,not_affected,rxnhaystack-human-1.6.0,5,0.0,35366,2582,37948,367.45649488829076,1.572020012885332,372.8629118092358,358.07421875,matched-qwen3.5-397b-tier3-task20-cardinality-x5000-k5-r05,2026-09-24T02:38:06.195631+00:00,jed19-accel-qwen-matched-accelerated-s10;jed19-qwen-swiss-s03
matched_cardinality,matched-provisional,RCP-AIaaS/Qwen/Qwen3.5-397B-A17B,Qwen 3.5,100,scale-x100-k1,3,tier3/task20,1,1,succeeded,1.0,True,1.0,not_affected,rxnhaystack-human-1.6.0,6,0.0,43972,2719,46691,336.2229670602828,0.07244547829031944,341.8463550619781,356.609375,matched-qwen3.5-397b-tier3-task20-scale-x100-k1-r01,2026-09-24T03:04:45.730474+00:00,jed19-accel-qwen-matched-accelerated-s11;jed19-qwen-swiss-s04
matched_cardinality,matched-provisional,RCP-AIaaS/Qwen/Qwen3.5-397B-A17B,Qwen 3.5,100,scale-x100-k1,3,tier3/task20,2,1,succeeded,1.0,True,1.0,not_affected,rxnhaystack-human-1.6.0,9,0.0,109544,6267,115811,387.00977256149054,0.11821158975362778,410.1109618358314,352.95703125,matched-qwen3.5-397b-tier3-task20-scale-x100-k1-r02,2026-09-24T09:12:13.566353+00:00,jed19-accel-qwen-matched-accelerated-s12;jed19-qwen-swiss-s01
matched_cardinality,matched-provisional,RCP-AIaaS/Qwen/Qwen3.5-397B-A17B,Qwen 3.5,100,scale-x100-k1,3,tier3/task20,3,1,succeeded,1.0,True,1.0,not_affected,rxnhaystack-human-1.6.0,8,0.0,113880,5689,119569,295.02388100139797,0.10684455372393131,369.21261541731656,359.74609375,matched-qwen3.5-397b-tier3-task20-scale-x100-k1-r03,2026-09-24T10:16:50.800307+00:00,jed19-accel-qwen-matched-accelerated-s13;jed19-qwen-swiss-s02
matched_cardinality,matched-provisional,RCP-AIaaS/Qwen/Qwen3.5-397B-A17B,Qwen 3.5,100,scale-x100-k1,3,tier3/task20,4,1,succeeded,1.0,True,1.0,not_affected,rxnhaystack-human-1.6.0,8,0.0,64985,2943,67928,376.46374118328094,0.04136647470295429,382.02921104617417,349.484375,matched-qwen3.5-397b-tier3-task20-scale-x100-k1-r04,2026-09-24T02:44:28.727445+00:00,jed19-accel-qwen-matched-accelerated-s14;jed19-qwen-swiss-s03
matched_cardinality,matched-provisional,RCP-AIaaS/Qwen/Qwen3.5-397B-A17B,Qwen 3.5,100,scale-x100-k1,3,tier3/task20,5,1,succeeded,1.0,True,1.0,not_affected,rxnhaystack-human-1.6.0,9,0.0,107969,6221,114190,820.8494122773409,0.04810800217092037,839.980327097699,365.2578125,matched-qwen3.5-397b-tier3-task20-scale-x100-k1-r05,2026-09-24T03:18:53.116781+00:00,jed19-accel-qwen-matched-accelerated-s15;jed19-qwen-swiss-s04
matched_cardinality,matched-provisional,RCP-AIaaS/Qwen/Qwen3.5-397B-A17B,Qwen 3.5,500,scale-x500-k1,3,tier3/task20,1,1,succeeded,1.0,True,1.0,not_affected,rxnhaystack-human-1.6.0,6,0.0,40000,2189,42189,142.25515858270228,0.1787720825523138,147.95341133140028,353.67578125,matched-qwen3.5-397b-tier3-task20-scale-x500-k1-r01,2026-09-24T09:14:42.065499+00:00,jed19-accel-qwen-matched-accelerated-s16;jed19-qwen-swiss-s01
matched_cardinality,matched-provisional,RCP-AIaaS/Qwen/Qwen3.5-397B-A17B,Qwen 3.5,500,scale-x500-k1,3,tier3/task20,2,1,succeeded,1.0,True,1.0,not_affected,rxnhaystack-human-1.6.0,5,0.0,33177,2269,35446,145.2677034381777,0.18062193132936954,266.31882783025503,353.30078125,matched-qwen3.5-397b-tier3-task20-scale-x500-k1-r02,2026-09-24T10:22:59.579630+00:00,jed19-accel-qwen-matched-accelerated-s17;jed19-qwen-swiss-s02
matched_cardinality,matched-provisional,RCP-AIaaS/Qwen/Qwen3.5-397B-A17B,Qwen 3.5,500,scale-x500-k1,3,tier3/task20,3,1,succeeded,1.0,True,1.0,not_affected,rxnhaystack-human-1.6.0,6,0.0,39733,2149,41882,334.2460661213845,0.16304602101445198,340.009166482836,355.5546875,matched-qwen3.5-397b-tier3-task20-scale-x500-k1-r03,2026-09-24T02:50:09.394520+00:00,jed19-accel-qwen-matched-accelerated-s18;jed19-qwen-swiss-s03
matched_cardinality,matched-provisional,RCP-AIaaS/Qwen/Qwen3.5-397B-A17B,Qwen 3.5,500,scale-x500-k1,3,tier3/task20,4,1,succeeded,1.0,True,1.0,not_affected,rxnhaystack-human-1.6.0,5,0.0,31595,2244,33839,294.5105832759291,0.19077336974442005,299.7887804042548,354.19921875,matched-qwen3.5-397b-tier3-task20-scale-x500-k1-r04,2026-09-24T03:23:53.488613+00:00,jed19-accel-qwen-matched-accelerated-s19;jed19-qwen-swiss-s04
matched_cardinality,matched-provisional,RCP-AIaaS/Qwen/Qwen3.5-397B-A17B,Qwen 3.5,500,scale-x500-k1,3,tier3/task20,5,1,succeeded,1.0,True,1.0,not_affected,rxnhaystack-human-1.6.0,8,0.0,70746,4003,74749,201.05458388477564,0.3404825422912836,206.45599721185863,357.43359375,matched-qwen3.5-397b-tier3-task20-scale-x500-k1-r05,2026-09-24T09:19:14.458566+00:00,jed19-accel-qwen-matched-accelerated-s20;jed19-qwen-swiss-s01
matched_cardinality,matched-provisional,RCP-AIaaS/Qwen/Qwen3.5-397B-A17B,Qwen 3.5,5000,scale-x5000-k1,3,tier3/task20,1,1,succeeded,1.0,True,1.0,not_affected,rxnhaystack-human-1.6.0,6,0.0,47219,3371,50590,170.9349666275084,1.5761870052665472,246.81891578622162,357.265625,matched-qwen3.5-397b-tier3-task20-scale-x5000-k1-r01,2026-09-24T10:27:07.034612+00:00,jed19-accel-qwen-matched-accelerated-s01;jed19-qwen-swiss-s02
matched_cardinality,matched-provisional,RCP-AIaaS/Qwen/Qwen3.5-397B-A17B,Qwen 3.5,5000,scale-x5000-k1,3,tier3/task20,2,1,succeeded,1.0,True,1.0,not_affected,rxnhaystack-human-1.6.0,6,0.0,52962,3835,56797,432.2834120839834,1.5805072169750929,437.82442622445524,358.984375,matched-qwen3.5-397b-tier3-task20-scale-x5000-k1-r02,2026-09-24T02:57:27.763533+00:00,jed19-accel-qwen-matched-accelerated-s02;jed19-qwen-swiss-s03
matched_cardinality,matched-provisional,RCP-AIaaS/Qwen/Qwen3.5-397B-A17B,Qwen 3.5,5000,scale-x5000-k1,3,tier3/task20,3,1,succeeded,1.0,True,1.0,not_affected,rxnhaystack-human-1.6.0,5,0.0,33937,2368,36305,293.05719168670475,1.5640113428235054,299.2286202143878,357.14453125,matched-qwen3.5-397b-tier3-task20-scale-x5000-k1-r03,2026-09-24T03:28:53.287322+00:00,jed19-accel-qwen-matched-accelerated-s03;jed19-qwen-swiss-s04
matched_cardinality,matched-provisional,RCP-AIaaS/Qwen/Qwen3.5-397B-A17B,Qwen 3.5,5000,scale-x5000-k1,3,tier3/task20,4,1,succeeded,1.0,True,1.0,not_affected,rxnhaystack-human-1.6.0,6,0.0,47676,3417,51093,190.0279826335609,1.5799067728221416,195.93269778043032,364.75390625,matched-qwen3.5-397b-tier3-task20-scale-x5000-k1-r04,2026-09-24T09:22:48.904653+00:00,jed19-accel-qwen-matched-accelerated-s04;jed19-qwen-swiss-s01
matched_cardinality,matched-provisional,RCP-AIaaS/Qwen/Qwen3.5-397B-A17B,Qwen 3.5,5000,scale-x5000-k1,3,tier3/task20,5,1,succeeded,1.0,True,1.0,not_affected,rxnhaystack-human-1.6.0,5,0.0,32286,2072,34358,178.9729028623551,1.6736513655632734,184.22101754695177,364.07421875,matched-qwen3.5-397b-tier3-task20-scale-x5000-k1-r05,2026-09-24T10:30:11.857086+00:00,jed19-accel-qwen-matched-accelerated-s05;jed19-qwen-swiss-s02
matched_cardinality,matched-provisional,RCP-AIaaS/Qwen/Qwen3.5-397B-A17B,Qwen 3.5,50000,scale-x50000-k1,3,tier3/task20,1,1,succeeded,1.0,True,1.0,not_affected,rxnhaystack-human-1.6.0,8,0.0,67157,3929,71086,450.5403100028634,11.3423758931458,456.1292382366955,409.5,matched-qwen3.5-397b-tier3-task20-scale-x50000-k1-r01,2026-09-24T03:05:04.446340+00:00,jed19-accel-qwen-matched-accelerated-s06;jed19-qwen-swiss-s03
matched_cardinality,matched-provisional,RCP-AIaaS/Qwen/Qwen3.5-397B-A17B,Qwen 3.5,50000,scale-x50000-k1,3,tier3/task20,2,1,succeeded,1.0,True,1.0,not_affected,rxnhaystack-human-1.6.0,9,0.0,88299,5412,93711,828.9096595793962,31.45817207172513,834.5309174004942,393.46875,matched-qwen3.5-397b-tier3-task20-scale-x50000-k1-r02,2026-09-24T03:42:48.431935+00:00,jed19-accel-qwen-matched-accelerated-s07;jed19-qwen-swiss-s04
matched_cardinality,matched-provisional,RCP-AIaaS/Qwen/Qwen3.5-397B-A17B,Qwen 3.5,50000,scale-x50000-k1,3,tier3/task20,3,1,succeeded,1.0,True,1.0,not_affected,rxnhaystack-human-1.6.0,8,0.0,75806,4648,80454,322.4448230136186,15.919531524181366,328.23149789497256,391.1484375,matched-qwen3.5-397b-tier3-task20-scale-x50000-k1-r03,2026-09-24T09:28:17.718530+00:00,jed19-accel-qwen-matched-accelerated-s08;jed19-qwen-swiss-s01
matched_cardinality,matched-provisional,RCP-AIaaS/Qwen/Qwen3.5-397B-A17B,Qwen 3.5,50000,scale-x50000-k1,3,tier3/task20,4,1,succeeded,1.0,True,1.0,not_affected,rxnhaystack-human-1.6.0,9,0.0,88068,4440,92508,266.6314363181591,11.107283420860767,490.22532011941075,397.26953125,matched-qwen3.5-397b-tier3-task20-scale-x50000-k1-r04,2026-09-24T10:38:22.985520+00:00,jed19-accel-qwen-matched-accelerated-s09;jed19-qwen-swiss-s02
matched_cardinality,matched-provisional,RCP-AIaaS/Qwen/Qwen3.5-397B-A17B,Qwen 3.5,50000,scale-x50000-k1,3,tier3/task20,5,1,succeeded,1.0,True,1.0,not_affected,rxnhaystack-human-1.6.0,7,0.0,53397,2584,55981,388.1054435875267,12.46480760909617,449.0352057982236,401.17578125,matched-qwen3.5-397b-tier3-task20-scale-x50000-k1-r05,2026-09-24T03:13:16.625728+00:00,jed19-accel-qwen-matched-accelerated-s10;jed19-qwen-swiss-s03
matched_cardinality,matched-provisional,RCP-AIaaS/Qwen/Qwen3.5-397B-A17B,Qwen 3.5,full,scale-xfull-k1,3,tier3/task20,1,1,succeeded,1.0,True,1.0,not_affected,rxnhaystack-human-1.6.0,10,0.0,139508,8161,147669,1134.2044754996896,75.75206835754216,1139.8015588000417,554.68359375,matched-qwen3.5-397b-tier3-task20-scale-xfull-k1-r01,2026-09-24T04:01:48.970965+00:00,jed19-accel-qwen-matched-accelerated-s11;jed19-qwen-swiss-s04
matched_cardinality,matched-provisional,RCP-AIaaS/Qwen/Qwen3.5-397B-A17B,Qwen 3.5,full,scale-xfull-k1,3,tier3/task20,2,1,succeeded,1.0,True,1.0,not_affected,rxnhaystack-human-1.6.0,15,0.0,245490,8433,253923,508.6201963312924,119.1599995829165,514.084782987833,470.58984375,matched-qwen3.5-397b-tier3-task20-scale-xfull-k1-r02,2026-09-24T09:36:52.571071+00:00,jed19-accel-qwen-matched-accelerated-s12;jed19-qwen-swiss-s01
matched_cardinality,matched-provisional,RCP-AIaaS/Qwen/Qwen3.5-397B-A17B,Qwen 3.5,full,scale-xfull-k1,3,tier3/task20,3,1,succeeded,1.0,True,1.0,not_affected,rxnhaystack-human-1.6.0,12,0.0,169221,8093,177314,471.1830369569361,114.33627357520163,476.87406672537327,451.55078125,matched-qwen3.5-397b-tier3-task20-scale-xfull-k1-r03,2026-09-24T10:46:31.385950+00:00,jed19-accel-qwen-matched-accelerated-s13;jed19-qwen-swiss-s02
matched_cardinality,matched-provisional,RCP-AIaaS/Qwen/Qwen3.5-397B-A17B,Qwen 3.5,full,scale-xfull-k1,3,tier3/task20,4,1,succeeded,1.0,True,1.0,not_affected,rxnhaystack-human-1.6.0,9,0.0,85442,5030,90472,755.4562531486154,124.5330486446619,761.0955448374152,448.72265625,matched-qwen3.5-397b-tier3-task20-scale-xfull-k1-r04,2026-09-24T03:25:58.349461+00:00,jed19-accel-qwen-matched-accelerated-s14;jed19-qwen-swiss-s03
matched_cardinality,matched-provisional,RCP-AIaaS/Qwen/Qwen3.5-397B-A17B,Qwen 3.5,full,scale-xfull-k1,3,tier3/task20,5,1,succeeded,1.0,True,1.0,not_affected,rxnhaystack-human-1.6.0,9,0.0,96333,6409,102742,907.0129278749228,105.51788922213018,912.6815402209759,442.47265625,matched-qwen3.5-397b-tier3-task20-scale-xfull-k1-r05,2026-09-24T04:17:02.190303+00:00,jed19-accel-qwen-matched-accelerated-s15;jed19-qwen-swiss-s04
matched_cardinality,matched-provisional,RCP-AIaaS/Qwen/Qwen3.5-397B-A17B,Qwen 3.5,5000,cardinality-x5000-k20,3,tier3/task21,1,1,succeeded,1.0,True,1.0,not_affected,rxnhaystack-human-1.6.0,9,0.0,76667,2151,78818,257.87352724187076,0.5079137440770864,407.2028302513063,357.73828125,matched-qwen3.5-397b-tier3-task21-cardinality-x5000-k20-r01,2026-09-24T09:43:40.389827+00:00,jed19-accel-qwen-matched-accelerated-s16;jed19-qwen-swiss-s01
matched_cardinality,matched-provisional,RCP-AIaaS/Qwen/Qwen3.5-397B-A17B,Qwen 3.5,5000,cardinality-x5000-k20,3,tier3/task21,2,1,succeeded,1.0,True,1.0,not_affected,rxnhaystack-human-1.6.0,7,0.0,45911,1821,47732,108.60157938674092,0.4972483366727829,153.3443306926638,352.47265625,matched-qwen3.5-397b-tier3-task21-cardinality-x5000-k20-r02,2026-09-24T10:50:00.420427+00:00,jed19-accel-qwen-matched-accelerated-s17;jed19-qwen-swiss-s02
matched_cardinality,matched-provisional,RCP-AIaaS/Qwen/Qwen3.5-397B-A17B,Qwen 3.5,5000,cardinality-x5000-k20,3,tier3/task21,3,1,succeeded,1.0,True,1.0,not_affected,rxnhaystack-human-1.6.0,7,0.0,53751,1632,55383,224.71689342707396,0.5043933279812336,230.67187388055027,358.39453125,matched-qwen3.5-397b-tier3-task21-cardinality-x5000-k20-r03,2026-09-24T03:29:49.539017+00:00,jed19-accel-qwen-matched-accelerated-s18;jed19-qwen-swiss-s03
matched_cardinality,matched-provisional,RCP-AIaaS/Qwen/Qwen3.5-397B-A17B,Qwen 3.5,5000,cardinality-x5000-k20,3,tier3/task21,4,1,succeeded,1.0,True,1.0,not_affected,rxnhaystack-human-1.6.0,6,0.0,43119,1367,44486,186.01845177449286,0.5026240572333336,191.6218681782484,363.64453125,matched-qwen3.5-397b-tier3-task21-cardinality-x5000-k20-r04,2026-09-24T04:20:14.418950+00:00,jed19-accel-qwen-matched-accelerated-s19;jed19-qwen-swiss-s04
matched_cardinality,matched-provisional,RCP-AIaaS/Qwen/Qwen3.5-397B-A17B,Qwen 3.5,5000,cardinality-x5000-k20,3,tier3/task21,5,1,succeeded,1.0,True,1.0,not_affected,rxnhaystack-human-1.6.0,6,0.0,37182,1723,38905,149.32721596769989,0.49664086662232876,154.95008827000856,362.34375,matched-qwen3.5-397b-tier3-task21-cardinality-x5000-k20-r05,2026-09-24T09:46:15.917418+00:00,jed19-accel-qwen-matched-accelerated-s20;jed19-qwen-swiss-s01
matched_cardinality,matched-provisional,RCP-AIaaS/Qwen/Qwen3.5-397B-A17B,Qwen 3.5,5000,cardinality-x5000-k5,3,tier3/task21,1,1,succeeded,1.0,True,1.0,not_affected,rxnhaystack-human-1.6.0,7,0.0,51705,2265,53970,180.98681720532477,0.5040462780743837,469.25251216068864,356.7421875,matched-qwen3.5-397b-tier3-task21-cardinality-x5000-k5-r01,2026-09-24T10:59:24.612137+00:00,jed19-accel-qwen-matched-accelerated-s01;jed19-qwen-swiss-s02
matched_cardinality,matched-provisional,RCP-AIaaS/Qwen/Qwen3.5-397B-A17B,Qwen 3.5,5000,cardinality-x5000-k5,3,tier3/task21,2,1,succeeded,1.0,True,1.0,not_affected,rxnhaystack-human-1.6.0,6,0.0,35397,1771,37168,255.32344740629196,0.4919566474854946,260.7782851252705,363.75390625,matched-qwen3.5-397b-tier3-task21-cardinality-x5000-k5-r02,2026-09-24T03:34:10.980799+00:00,jed19-accel-qwen-matched-accelerated-s02;jed19-qwen-swiss-s03
matched_cardinality,matched-provisional,RCP-AIaaS/Qwen/Qwen3.5-397B-A17B,Qwen 3.5,5000,cardinality-x5000-k5,3,tier3/task21,3,1,succeeded,1.0,True,1.0,not_affected,rxnhaystack-human-1.6.0,7,0.0,46831,1760,48591,288.4978374168277,0.5277559775859118,294.0851355921477,356.29296875,matched-qwen3.5-397b-tier3-task21-cardinality-x5000-k5-r03,2026-09-24T04:25:09.017078+00:00,jed19-accel-qwen-matched-accelerated-s03;jed19-qwen-swiss-s04
matched_cardinality,matched-provisional,RCP-AIaaS/Qwen/Qwen3.5-397B-A17B,Qwen 3.5,5000,cardinality-x5000-k5,3,tier3/task21,4,1,succeeded,1.0,True,1.0,not_affected,rxnhaystack-human-1.6.0,6,0.0,37753,1620,39373,81.97229988314211,0.4986425135284662,87.4313615243882,359.2578125,matched-qwen3.5-397b-tier3-task21-cardinality-x5000-k5-r04,2026-09-24T09:47:43.888763+00:00,jed19-accel-qwen-matched-accelerated-s04;jed19-qwen-swiss-s01
matched_cardinality,matched-provisional,RCP-AIaaS/Qwen/Qwen3.5-397B-A17B,Qwen 3.5,5000,cardinality-x5000-k5,3,tier3/task21,5,1,succeeded,1.0,True,1.0,not_affected,rxnhaystack-human-1.6.0,5,0.0,30551,1639,32190,203.58622179180384,0.5136317703872919,209.38663441501558,361.78125,matched-qwen3.5-397b-tier3-task21-cardinality-x5000-k5-r05,2026-09-24T11:04:03.966423+00:00,jed19-accel-qwen-matched-accelerated-s05;jed19-qwen-swiss-s02
matched_cardinality,matched-provisional,RCP-AIaaS/Qwen/Qwen3.5-397B-A17B,Qwen 3.5,100,scale-x100-k1,3,tier3/task21,1,1,succeeded,1.0,True,1.0,not_affected,rxnhaystack-human-1.6.0,5,0.0,30681,1536,32217,193.03956884332,0.017397433519363403,198.62970362976193,354.72265625,matched-qwen3.5-397b-tier3-task21-scale-x100-k1-r01,2026-09-24T03:37:30.192008+00:00,jed19-accel-qwen-matched-accelerated-s06;jed19-qwen-swiss-s03
matched_cardinality,matched-provisional,RCP-AIaaS/Qwen/Qwen3.5-397B-A17B,Qwen 3.5,100,scale-x100-k1,3,tier3/task21,2,1,succeeded,1.0,True,1.0,not_affected,rxnhaystack-human-1.6.0,6,0.0,37731,1665,39396,158.8315821494907,0.020940061658620834,164.32420725002885,355.67578125,matched-qwen3.5-397b-tier3-task21-scale-x100-k1-r02,2026-09-24T04:27:53.870524+00:00,jed19-accel-qwen-matched-accelerated-s07;jed19-qwen-swiss-s04
matched_cardinality,matched-provisional,RCP-AIaaS/Qwen/Qwen3.5-397B-A17B,Qwen 3.5,100,scale-x100-k1,3,tier3/task21,3,1,succeeded,1.0,True,1.0,not_affected,rxnhaystack-human-1.6.0,6,0.0,36590,1488,38078,148.79911724478006,0.016405191272497177,154.1490523815155,360.2421875,matched-qwen3.5-397b-tier3-task21-scale-x100-k1-r03,2026-09-24T09:50:35.426007+00:00,jed19-accel-qwen-matched-accelerated-s08;jed19-qwen-swiss-s01
matched_cardinality,matched-provisional,RCP-AIaaS/Qwen/Qwen3.5-397B-A17B,Qwen 3.5,100,scale-x100-k1,3,tier3/task21,4,1,succeeded,1.0,True,1.0,not_affected,rxnhaystack-human-1.6.0,6,0.0,36809,1642,38451,147.79953897185624,0.02085982821881771,238.51134376227856,354.34375,matched-qwen3.5-397b-tier3-task21-scale-x100-k1-r04,2026-09-24T11:08:39.374009+00:00,jed19-accel-qwen-matched-accelerated-s09;jed19-qwen-swiss-s02
matched_cardinality,matched-provisional,RCP-AIaaS/Qwen/Qwen3.5-397B-A17B,Qwen 3.5,100,scale-x100-k1,3,tier3/task21,5,1,succeeded,1.0,True,1.0,not_affected,rxnhaystack-human-1.6.0,6,0.0,35712,1710,37422,299.05669840052724,0.025897979736328125,304.90391803719103,355.13671875,matched-qwen3.5-397b-tier3-task21-scale-x100-k1-r05,2026-09-24T03:42:35.806037+00:00,jed19-accel-qwen-matched-accelerated-s10;jed19-qwen-swiss-s03
matched_cardinality,matched-provisional,RCP-AIaaS/Qwen/Qwen3.5-397B-A17B,Qwen 3.5,500,scale-x500-k1,3,tier3/task21,1,1,succeeded,1.0,True,1.0,not_affected,rxnhaystack-human-1.6.0,6,0.0,36714,1840,38554,157.83532690629363,0.05842179246246815,164.38973828218877,354.8671875,matched-qwen3.5-397b-tier3-task21-scale-x500-k1-r01,2026-09-24T04:30:38.788027+00:00,jed19-accel-qwen-matched-accelerated-s11;jed19-qwen-swiss-s04
matched_cardinality,matched-provisional,RCP-AIaaS/Qwen/Qwen3.5-397B-A17B,Qwen 3.5,500,scale-x500-k1,3,tier3/task21,2,1,succeeded,1.0,True,1.0,not_affected,rxnhaystack-human-1.6.0,7,0.0,45340,1596,46936,221.17120422795415,0.05755522660911083,228.0877753943205,358.71484375,matched-qwen3.5-397b-tier3-task21-scale-x500-k1-r02,2026-09-24T09:54:24.158674+00:00,jed19-accel-qwen-matched-accelerated-s12;jed19-qwen-swiss-s01
matched_cardinality,matched-provisional,RCP-AIaaS/Qwen/Qwen3.5-397B-A17B,Qwen 3.5,500,scale-x500-k1,3,tier3/task21,3,1,succeeded,1.0,True,1.0,not_affected,rxnhaystack-human-1.6.0,7,0.0,43876,1596,45472,222.1407967042178,0.06133812665939331,233.71266546100378,358.140625,matched-qwen3.5-397b-tier3-task21-scale-x500-k1-r03,2026-09-24T11:12:34.790471+00:00,jed19-accel-qwen-matched-accelerated-s13;jed19-qwen-swiss-s02
matched_cardinality,matched-provisional,RCP-AIaaS/Qwen/Qwen3.5-397B-A17B,Qwen 3.5,500,scale-x500-k1,3,tier3/task21,4,1,succeeded,1.0,True,1.0,not_affected,rxnhaystack-human-1.6.0,5,0.0,28863,1476,30339,164.37598621472716,0.062328141182661057,170.30272098630667,360.26953125,matched-qwen3.5-397b-tier3-task21-scale-x500-k1-r04,2026-09-24T03:45:26.817178+00:00,jed19-accel-qwen-matched-accelerated-s14;jed19-qwen-swiss-s03
matched_cardinality,matched-provisional,RCP-AIaaS/Qwen/Qwen3.5-397B-A17B,Qwen 3.5,500,scale-x500-k1,3,tier3/task21,5,1,succeeded,1.0,True,1.0,not_affected,rxnhaystack-human-1.6.0,5,0.0,28189,1325,29514,58.83538958802819,0.06416772119700909,64.56462528184056,356.35546875,matched-qwen3.5-397b-tier3-task21-scale-x500-k1-r05,2026-09-24T04:31:43.916687+00:00,jed19-accel-qwen-matched-accelerated-s15;jed19-qwen-swiss-s04
matched_cardinality,matched-provisional,RCP-AIaaS/Qwen/Qwen3.5-397B-A17B,Qwen 3.5,5000,scale-x5000-k1,3,tier3/task21,1,1,succeeded,1.0,True,1.0,not_affected,rxnhaystack-human-1.6.0,6,0.0,36143,1749,37892,158.87716839835048,0.5023996364325285,164.3587818108499,360.90234375,matched-qwen3.5-397b-tier3-task21-scale-x5000-k1-r01,2026-09-24T09:57:09.070756+00:00,jed19-accel-qwen-matched-accelerated-s16;jed19-qwen-swiss-s01
matched_cardinality,matched-provisional,RCP-AIaaS/Qwen/Qwen3.5-397B-A17B,Qwen 3.5,5000,scale-x5000-k1,3,tier3/task21,2,1,succeeded,1.0,True,1.0,not_affected,rxnhaystack-human-1.6.0,6,0.0,35924,1609,37533,167.90461224876344,0.5035153347998857,173.51624266803265,360.73828125,matched-qwen3.5-397b-tier3-task21-scale-x5000-k1-r02,2026-09-24T11:15:28.876207+00:00,jed19-accel-qwen-matched-accelerated-s17;jed19-qwen-swiss-s02
matched_cardinality,matched-provisional,RCP-AIaaS/Qwen/Qwen3.5-397B-A17B,Qwen 3.5,5000,scale-x5000-k1,3,tier3/task21,3,1,succeeded,1.0,True,1.0,not_affected,rxnhaystack-human-1.6.0,6,0.0,40368,2057,42425,317.68205932714045,0.5050456766039133,323.3350540790707,353.0078125,matched-qwen3.5-397b-tier3-task21-scale-x5000-k1-r03,2026-09-24T03:50:50.684917+00:00,jed19-accel-qwen-matched-accelerated-s18;jed19-qwen-swiss-s03
matched_cardinality,matched-provisional,RCP-AIaaS/Qwen/Qwen3.5-397B-A17B,Qwen 3.5,5000,scale-x5000-k1,3,tier3/task21,4,1,succeeded,1.0,True,1.0,not_affected,rxnhaystack-human-1.6.0,5,0.0,28302,1257,29559,95.03578685596585,0.500432038679719,100.43657614290714,359.75390625,matched-qwen3.5-397b-tier3-task21-scale-x5000-k1-r04,2026-09-24T04:33:24.968364+00:00,jed19-accel-qwen-matched-accelerated-s19;jed19-qwen-swiss-s04
matched_cardinality,matched-provisional,RCP-AIaaS/Qwen/Qwen3.5-397B-A17B,Qwen 3.5,5000,scale-x5000-k1,3,tier3/task21,5,1,succeeded,1.0,True,1.0,not_affected,rxnhaystack-human-1.6.0,8,0.0,66221,2631,68852,208.13275164365768,0.5202589873224497,213.5187757834792,359.71484375,matched-qwen3.5-397b-tier3-task21-scale-x5000-k1-r05,2026-09-24T10:00:43.158541+00:00,jed19-accel-qwen-matched-accelerated-s20;jed19-qwen-swiss-s01
matched_cardinality,matched-provisional,RCP-AIaaS/Qwen/Qwen3.5-397B-A17B,Qwen 3.5,50000,scale-x50000-k1,3,tier3/task21,1,1,succeeded,1.0,True,1.0,not_affected,rxnhaystack-human-1.6.0,6,0.0,38394,1747,40141,158.47813176363707,4.712701415643096,163.752317763865,397.13671875,matched-qwen3.5-397b-tier3-task21-scale-x50000-k1-r01,2026-09-24T11:18:13.242700+00:00,jed19-accel-qwen-matched-accelerated-s01;jed19-qwen-swiss-s02
matched_cardinality,matched-provisional,RCP-AIaaS/Qwen/Qwen3.5-397B-A17B,Qwen 3.5,50000,scale-x50000-k1,3,tier3/task21,2,1,succeeded,1.0,True,1.0,not_affected,rxnhaystack-human-1.6.0,6,0.0,37968,2050,40018,276.9055549763143,4.791214456781745,283.0096341688186,391.09765625,matched-qwen3.5-397b-tier3-task21-scale-x50000-k1-r02,2026-09-24T03:55:34.299710+00:00,jed19-accel-qwen-matched-accelerated-s02;jed19-qwen-swiss-s03
matched_cardinality,matched-provisional,RCP-AIaaS/Qwen/Qwen3.5-397B-A17B,Qwen 3.5,50000,scale-x50000-k1,3,tier3/task21,3,1,succeeded,1.0,True,1.0,not_affected,rxnhaystack-human-1.6.0,6,0.0,37961,2179,40140,139.94340361654758,9.602272612974048,145.53569656051695,391.39453125,matched-qwen3.5-397b-tier3-task21-scale-x50000-k1-r03,2026-09-24T04:35:51.060918+00:00,jed19-accel-qwen-matched-accelerated-s03;jed19-qwen-swiss-s04
matched_cardinality,matched-provisional,RCP-AIaaS/Qwen/Qwen3.5-397B-A17B,Qwen 3.5,50000,scale-x50000-k1,3,tier3/task21,4,1,succeeded,1.0,True,1.0,not_affected,rxnhaystack-human-1.6.0,7,0.0,49086,2504,51590,238.4166724011302,9.473109729588032,244.18095224164426,390.25390625,matched-qwen3.5-397b-tier3-task21-scale-x50000-k1-r04,2026-09-24T10:04:47.875734+00:00,jed19-accel-qwen-matched-accelerated-s04;jed19-qwen-swiss-s01
matched_cardinality,matched-provisional,RCP-AIaaS/Qwen/Qwen3.5-397B-A17B,Qwen 3.5,50000,scale-x50000-k1,3,tier3/task21,5,1,succeeded,1.0,True,1.0,not_affected,rxnhaystack-human-1.6.0,7,0.0,48532,2293,50825,228.34882232919335,4.804894607514143,234.06096799112856,409.578125,matched-qwen3.5-397b-tier3-task21-scale-x50000-k1-r05,2026-09-24T11:22:07.828325+00:00,jed19-accel-qwen-matched-accelerated-s05;jed19-qwen-swiss-s02
matched_cardinality,matched-provisional,RCP-AIaaS/Qwen/Qwen3.5-397B-A17B,Qwen 3.5,full,scale-xfull-k1,3,tier3/task21,1,1,succeeded,1.0,True,1.0,not_affected,rxnhaystack-human-1.6.0,8,0.0,55422,2622,58044,401.7281320672482,9.026837404817343,406.99978945590556,427.61328125,matched-qwen3.5-397b-tier3-task21-scale-xfull-k1-r01,2026-09-24T04:02:21.928324+00:00,jed19-accel-qwen-matched-accelerated-s06;jed19-qwen-swiss-s03
matched_cardinality,matched-provisional,RCP-AIaaS/Qwen/Qwen3.5-397B-A17B,Qwen 3.5,full,scale-xfull-k1,3,tier3/task21,2,1,succeeded,1.0,True,1.0,not_affected,rxnhaystack-human-1.6.0,9,0.0,103653,5254,108907,356.5481622964144,11.084542699158192,362.1913571022451,428.98828125,matched-qwen3.5-397b-tier3-task21-scale-xfull-k1-r02,2026-09-24T04:41:53.835063+00:00,jed19-accel-qwen-matched-accelerated-s07;jed19-qwen-swiss-s04
matched_cardinality,matched-provisional,RCP-AIaaS/Qwen/Qwen3.5-397B-A17B,Qwen 3.5,full,scale-xfull-k1,3,tier3/task21,3,1,succeeded,1.0,True,1.0,not_affected,rxnhaystack-human-1.6.0,6,0.0,36994,1944,38938,217.8399341441691,9.122564397752285,238.4376201648265,448.8203125,matched-qwen3.5-397b-tier3-task21-scale-xfull-k1-r03,2026-09-24T10:08:47.004707+00:00,jed19-accel-qwen-matched-accelerated-s08;jed19-qwen-swiss-s01
matched_cardinality,matched-provisional,RCP-AIaaS/Qwen/Qwen3.5-397B-A17B,Qwen 3.5,full,scale-xfull-k1,3,tier3/task21,4,1,succeeded,1.0,True,1.0,not_affected,rxnhaystack-human-1.6.0,9,0.0,89107,5097,94204,321.5085498858243,27.73423624970019,417.2389146126807,500.46484375,matched-qwen3.5-397b-tier3-task21-scale-xfull-k1-r04,2026-09-24T11:29:05.717128+00:00,jed19-accel-qwen-matched-accelerated-s09;jed19-qwen-swiss-s02
matched_cardinality,matched-provisional,RCP-AIaaS/Qwen/Qwen3.5-397B-A17B,Qwen 3.5,full,scale-xfull-k1,3,tier3/task21,5,1,succeeded,1.0,True,1.0,not_affected,rxnhaystack-human-1.6.0,5,0.0,29333,1464,30797,250.96770321577787,9.077476922422647,256.68412261642516,443.90625,matched-qwen3.5-397b-tier3-task21-scale-xfull-k1-r05,2026-09-24T04:06:39.132439+00:00,jed19-accel-qwen-matched-accelerated-s10;jed19-qwen-swiss-s03
matched_cardinality,matched-provisional,RCP-AIaaS/Qwen/Qwen3.5-397B-A17B,Qwen 3.5,5000,cardinality-x5000-k20,3,tier3/task22,1,1,succeeded,0.6153846153846153,True,0.6153846153846153,not_affected,rxnhaystack-human-1.6.0,14,0.0,253925,10557,264482,527.8174012247473,5.831512238830328,534.1850706618279,361.6796875,matched-qwen3.5-397b-tier3-task22-cardinality-x5000-k20-r01,2026-09-24T04:50:48.631912+00:00,jed19-accel-qwen-matched-accelerated-s11;jed19-qwen-swiss-s04
matched_cardinality,matched-provisional,RCP-AIaaS/Qwen/Qwen3.5-397B-A17B,Qwen 3.5,5000,cardinality-x5000-k20,3,tier3/task22,2,1,succeeded,0.0,True,0.0,not_affected,rxnhaystack-human-1.6.0,15,0.0,300680,12196,312876,545.8244311008602,3.4357044715434313,551.4094708170742,368.9453125,matched-qwen3.5-397b-tier3-task22-cardinality-x5000-k20-r02,2026-09-24T10:18:33.313370+00:00,jed19-accel-qwen-matched-accelerated-s12;jed19-qwen-swiss-s01
matched_cardinality,matched-provisional,RCP-AIaaS/Qwen/Qwen3.5-397B-A17B,Qwen 3.5,5000,cardinality-x5000-k20,3,tier3/task22,3,1,succeeded,0.6451612903225806,True,0.6451612903225806,not_affected,rxnhaystack-human-1.6.0,11,0.0,147369,6425,153794,391.0381818562746,2.2880223747342825,396.74973237514496,362.625,matched-qwen3.5-397b-tier3-task22-cardinality-x5000-k20-r03,2026-09-24T11:35:43.114519+00:00,jed19-accel-qwen-matched-accelerated-s13;jed19-qwen-swiss-s02
matched_cardinality,matched-provisional,RCP-AIaaS/Qwen/Qwen3.5-397B-A17B,Qwen 3.5,5000,cardinality-x5000-k20,3,tier3/task22,4,1,succeeded,1.0,True,1.0,not_affected,rxnhaystack-human-1.6.0,17,0.0,329536,12095,341631,1361.4893984291703,1.8845955692231655,1367.2299017626792,366.07421875,matched-qwen3.5-397b-tier3-task22-cardinality-x5000-k20-r04,2026-09-24T04:29:26.857450+00:00,jed19-accel-qwen-matched-accelerated-s14;jed19-qwen-swiss-s03
matched_cardinality,matched-provisional,RCP-AIaaS/Qwen/Qwen3.5-397B-A17B,Qwen 3.5,5000,cardinality-x5000-k20,3,tier3/task22,5,1,succeeded,0.6451612903225806,True,0.6451612903225806,not_affected,rxnhaystack-human-1.6.0,11,0.0,175682,9778,185460,463.5691030006856,9.657199509441853,469.12134836800396,366.27734375,matched-qwen3.5-397b-tier3-task22-cardinality-x5000-k20-r05,2026-09-24T04:58:38.613398+00:00,jed19-accel-qwen-matched-accelerated-s15;jed19-qwen-swiss-s04
matched_cardinality,matched-provisional,RCP-AIaaS/Qwen/Qwen3.5-397B-A17B,Qwen 3.5,5000,cardinality-x5000-k5,3,tier3/task22,1,1,succeeded,0.0,True,0.0,not_affected,rxnhaystack-human-1.6.0,14,0.0,255884,11662,267546,498.63686439208686,4.740538356825709,649.9083025529981,368.45703125,matched-qwen3.5-397b-tier3-task22-cardinality-x5000-k5-r01,2026-09-24T10:29:48.029169+00:00,jed19-accel-qwen-matched-accelerated-s16;jed19-qwen-swiss-s01
matched_cardinality,matched-provisional,RCP-AIaaS/Qwen/Qwen3.5-397B-A17B,Qwen 3.5,5000,cardinality-x5000-k5,3,tier3/task22,2,1,failed,,False,,not_affected,rxnhaystack-human-1.6.0,,,,,,,,,,matched-qwen3.5-397b-tier3-task22-cardinality-x5000-k5-r02,2026-09-24T11:49:53.610154+00:00,jed19-accel-qwen-matched-accelerated-s17;jed19-qwen-swiss-s02
matched_cardinality,matched-provisional,RCP-AIaaS/Qwen/Qwen3.5-397B-A17B,Qwen 3.5,5000,cardinality-x5000-k5,3,tier3/task22,3,1,succeeded,0.3125,True,0.3125,not_affected,rxnhaystack-human-1.6.0,15,0.0,300064,10223,310287,552.4365626368672,6.055562013760209,558.0923020597547,366.609375,matched-qwen3.5-397b-tier3-task22-cardinality-x5000-k5-r03,2026-09-24T04:38:45.425430+00:00,jed19-accel-qwen-matched-accelerated-s18;jed19-qwen-swiss-s03
matched_cardinality,matched-provisional,RCP-AIaaS/Qwen/Qwen3.5-397B-A17B,Qwen 3.5,5000,cardinality-x5000-k5,3,tier3/task22,4,1,succeeded,1.0,True,1.0,not_affected,rxnhaystack-human-1.6.0,17,0.0,356854,13490,370344,714.7251883391291,11.06636893749237,720.4033507164568,374.20703125,matched-qwen3.5-397b-tier3-task22-cardinality-x5000-k5-r04,2026-09-24T05:10:39.621820+00:00,jed19-accel-qwen-matched-accelerated-s19;jed19-qwen-swiss-s04
matched_cardinality,matched-provisional,RCP-AIaaS/Qwen/Qwen3.5-397B-A17B,Qwen 3.5,5000,cardinality-x5000-k5,3,tier3/task22,5,1,succeeded,0.0,True,0.0,not_affected,rxnhaystack-human-1.6.0,13,0.0,275133,14544,289677,586.1367643829435,9.013427920639515,619.4698518048972,371.70703125,matched-qwen3.5-397b-tier3-task22-cardinality-x5000-k5-r05,2026-09-24T10:40:25.359510+00:00,jed19-accel-qwen-matched-accelerated-s20;jed19-qwen-swiss-s01
matched_cardinality,matched-provisional,RCP-AIaaS/Qwen/Qwen3.5-397B-A17B,Qwen 3.5,100,scale-x100-k1,3,tier3/task22,1,1,failed,,False,,not_affected,rxnhaystack-human-1.6.0,,,,,,,,,,matched-qwen3.5-397b-tier3-task22-scale-x100-k1-r01,2026-09-24T11:55:00.247988+00:00,jed19-accel-qwen-matched-accelerated-s01;jed19-qwen-swiss-s02
matched_cardinality,matched-provisional,RCP-AIaaS/Qwen/Qwen3.5-397B-A17B,Qwen 3.5,100,scale-x100-k1,3,tier3/task22,2,1,succeeded,1.0,True,1.0,not_affected,rxnhaystack-human-1.6.0,8,0.0,152430,7090,159520,378.985661348328,0.11618086695671082,384.5354027505964,355.4765625,matched-qwen3.5-397b-tier3-task22-scale-x100-k1-r02,2026-09-24T04:45:10.559324+00:00,jed19-accel-qwen-matched-accelerated-s02;jed19-qwen-swiss-s03
matched_cardinality,matched-provisional,RCP-AIaaS/Qwen/Qwen3.5-397B-A17B,Qwen 3.5,100,scale-x100-k1,3,tier3/task22,3,1,succeeded,1.0,True,1.0,not_affected,rxnhaystack-human-1.6.0,12,0.0,200432,9437,209869,492.13523901440203,0.12316763214766979,498.252860378474,357.75,matched-qwen3.5-397b-tier3-task22-scale-x100-k1-r03,2026-09-24T05:18:58.394974+00:00,jed19-accel-qwen-matched-accelerated-s03;jed19-qwen-swiss-s04
matched_cardinality,matched-provisional,RCP-AIaaS/Qwen/Qwen3.5-397B-A17B,Qwen 3.5,100,scale-x100-k1,3,tier3/task22,4,1,succeeded,0.25,True,0.25,not_affected,rxnhaystack-human-1.6.0,31,0.0,1747461,33399,1780860,1360.0700631868094,0.6826201733201742,1365.731849739328,363.265625,matched-qwen3.5-397b-tier3-task22-scale-x100-k1-r04,2026-09-24T11:03:14.507443+00:00,jed19-accel-qwen-matched-accelerated-s04;jed19-qwen-swiss-s01
matched_cardinality,matched-provisional,RCP-AIaaS/Qwen/Qwen3.5-397B-A17B,Qwen 3.5,100,scale-x100-k1,3,tier3/task22,5,1,failed,,False,,not_affected,rxnhaystack-human-1.6.0,,,,,,,,,,matched-qwen3.5-397b-tier3-task22-scale-x100-k1-r05,2026-09-24T12:01:16.707057+00:00,jed19-accel-qwen-matched-accelerated-s05;jed19-qwen-swiss-s02
matched_cardinality,matched-provisional,RCP-AIaaS/Qwen/Qwen3.5-397B-A17B,Qwen 3.5,500,scale-x500-k1,3,tier3/task22,1,1,succeeded,0.6666666666666666,True,0.6666666666666666,not_affected,rxnhaystack-human-1.6.0,17,0.0,360342,14643,374985,662.9365937206894,0.9530196506530046,668.6237828899175,358.10546875,matched-qwen3.5-397b-tier3-task22-scale-x500-k1-r01,2026-09-24T04:56:19.745525+00:00,jed19-accel-qwen-matched-accelerated-s06;jed19-qwen-swiss-s03
matched_cardinality,matched-provisional,RCP-AIaaS/Qwen/Qwen3.5-397B-A17B,Qwen 3.5,500,scale-x500-k1,3,tier3/task22,2,1,succeeded,0.6666666666666666,True,0.6666666666666666,not_affected,rxnhaystack-human-1.6.0,11,0.0,172335,8891,181226,407.01214059628546,0.7424411457031965,413.0649408623576,362.0,matched-qwen3.5-397b-tier3-task22-scale-x500-k1-r02,2026-09-24T05:25:52.070211+00:00,jed19-accel-qwen-matched-accelerated-s07;jed19-qwen-swiss-s04
matched_cardinality,matched-provisional,RCP-AIaaS/Qwen/Qwen3.5-397B-A17B,Qwen 3.5,500,scale-x500-k1,3,tier3/task22,3,1,succeeded,0.0,True,0.0,not_affected,rxnhaystack-human-1.6.0,25,0.0,638115,17145,655260,940.3238244764507,1.1189850959926844,1003.3227665629238,363.4140625,matched-qwen3.5-397b-tier3-task22-scale-x500-k1-r03,2026-09-24T11:19:58.430239+00:00,jed19-accel-qwen-matched-accelerated-s08;jed19-qwen-swiss-s01
matched_cardinality,matched-provisional,RCP-AIaaS/Qwen/Qwen3.5-397B-A17B,Qwen 3.5,500,scale-x500-k1,3,tier3/task22,4,1,failed,,False,,not_affected,rxnhaystack-human-1.6.0,,,,,,,,,,matched-qwen3.5-397b-tier3-task22-scale-x500-k1-r04,2026-09-24T12:06:24.155483+00:00,jed19-accel-qwen-matched-accelerated-s09;jed19-qwen-swiss-s02
matched_cardinality,matched-provisional,RCP-AIaaS/Qwen/Qwen3.5-397B-A17B,Qwen 3.5,500,scale-x500-k1,3,tier3/task22,5,1,succeeded,1.0,True,1.0,not_affected,rxnhaystack-human-1.6.0,27,0.0,939791,15416,955207,744.926954805851,0.7851100508123636,750.5211104936898,363.71484375,matched-qwen3.5-397b-tier3-task22-scale-x500-k1-r05,2026-09-24T05:08:50.854437+00:00,jed19-accel-qwen-matched-accelerated-s10;jed19-qwen-swiss-s03
matched_cardinality,matched-provisional,RCP-AIaaS/Qwen/Qwen3.5-397B-A17B,Qwen 3.5,5000,scale-x5000-k1,3,tier3/task22,1,1,succeeded,0.15384615384615385,True,0.15384615384615385,not_affected,rxnhaystack-human-1.6.0,15,0.0,249030,10151,259181,335.33759275637567,3.6781958285719156,341.33093655109406,359.3515625,matched-qwen3.5-397b-tier3-task22-scale-x5000-k1-r01,2026-09-24T05:32:08.664107+00:00,jed19-accel-qwen-matched-accelerated-s11;jed19-qwen-swiss-s04
matched_cardinality,matched-provisional,RCP-AIaaS/Qwen/Qwen3.5-397B-A17B,Qwen 3.5,5000,scale-x5000-k1,3,tier3/task22,2,1,succeeded,0.0,True,0.0,not_affected,rxnhaystack-human-1.6.0,31,0.0,1441136,26235,1467371,1429.0478175543249,39.94237214513123,1434.8876571692526,392.21875,matched-qwen3.5-397b-tier3-task22-scale-x5000-k1-r02,2026-09-24T11:43:53.926080+00:00,jed19-accel-qwen-matched-accelerated-s12;jed19-qwen-swiss-s01
matched_cardinality,matched-provisional,RCP-AIaaS/Qwen/Qwen3.5-397B-A17B,Qwen 3.5,5000,scale-x5000-k1,3,tier3/task22,3,1,succeeded,0.0,True,0.0,not_affected,rxnhaystack-human-1.6.0,25,0.0,756102,22614,778716,1394.1977069750428,12.576232692226768,1400.2166702579707,379.82421875,matched-qwen3.5-397b-tier3-task22-scale-x5000-k1-r03,2026-09-24T12:29:44.956159+00:00,jed19-accel-qwen-matched-accelerated-s13;jed19-qwen-swiss-s02
matched_cardinality,matched-provisional,RCP-AIaaS/Qwen/Qwen3.5-397B-A17B,Qwen 3.5,5000,scale-x5000-k1,3,tier3/task22,4,1,succeeded,0.07407407407407407,True,0.07407407407407407,not_affected,rxnhaystack-human-1.6.0,14,0.0,254798,11636,266434,645.9096647780389,7.414781879633665,652.0232583209872,382.58984375,matched-qwen3.5-397b-tier3-task22-scale-x5000-k1-r04,2026-09-24T05:19:43.662164+00:00,jed19-accel-qwen-matched-accelerated-s14;jed19-qwen-swiss-s03
matched_cardinality,matched-provisional,RCP-AIaaS/Qwen/Qwen3.5-397B-A17B,Qwen 3.5,5000,scale-x5000-k1,3,tier3/task22,5,1,succeeded,0.0,True,0.0,not_affected,rxnhaystack-human-1.6.0,15,0.0,249306,11055,260361,383.7527392618358,9.74485046043992,389.7360125333071,363.76171875,matched-qwen3.5-397b-tier3-task22-scale-x5000-k1-r05,2026-09-24T05:38:38.926475+00:00,jed19-accel-qwen-matched-accelerated-s15;jed19-qwen-swiss-s04
matched_cardinality,matched-provisional,RCP-AIaaS/Qwen/Qwen3.5-397B-A17B,Qwen 3.5,50000,scale-x50000-k1,3,tier3/task22,1,1,failed,,False,,not_affected,rxnhaystack-human-1.6.0,,,,,,,,,,matched-qwen3.5-397b-tier3-task22-scale-x50000-k1-r01,2026-09-24T11:49:00.724232+00:00,jed19-accel-qwen-matched-accelerated-s16;jed19-qwen-swiss-s01
matched_cardinality,matched-provisional,RCP-AIaaS/Qwen/Qwen3.5-397B-A17B,Qwen 3.5,50000,scale-x50000-k1,3,tier3/task22,2,1,succeeded,0.008583690987124462,True,0.008583690987124462,not_affected,rxnhaystack-human-1.6.0,19,0.0,475511,16519,492030,998.4765003491193,70.31014481186867,1003.8756885677576,457.94921875,matched-qwen3.5-397b-tier3-task22-scale-x50000-k1-r02,2026-09-24T12:46:29.486768+00:00,jed19-accel-qwen-matched-accelerated-s17;jed19-qwen-swiss-s02
matched_cardinality,matched-provisional,RCP-AIaaS/Qwen/Qwen3.5-397B-A17B,Qwen 3.5,50000,scale-x50000-k1,3,tier3/task22,3,1,succeeded,0.0,True,0.0,not_affected,rxnhaystack-human-1.6.0,23,0.0,684664,18004,702668,770.1660447660834,85.22286012023687,775.5758061110973,403.51953125,matched-qwen3.5-397b-tier3-task22-scale-x50000-k1-r03,2026-09-24T05:32:39.814469+00:00,jed19-accel-qwen-matched-accelerated-s18;jed19-qwen-swiss-s03
matched_cardinality,matched-provisional,RCP-AIaaS/Qwen/Qwen3.5-397B-A17B,Qwen 3.5,50000,scale-x50000-k1,3,tier3/task22,4,1,succeeded,1.0,True,1.0,not_affected,rxnhaystack-human-1.6.0,23,0.0,738228,21414,759642,678.8074750117958,140.2757120039314,685.0917261280119,511.41796875,matched-qwen3.5-397b-tier3-task22-scale-x50000-k1-r04,2026-09-24T05:50:04.571284+00:00,jed19-accel-qwen-matched-accelerated-s19;jed19-qwen-swiss-s04
matched_cardinality,matched-provisional,RCP-AIaaS/Qwen/Qwen3.5-397B-A17B,Qwen 3.5,50000,scale-x50000-k1,3,tier3/task22,5,1,failed,,False,,not_affected,rxnhaystack-human-1.6.0,,,,,,,,,,matched-qwen3.5-397b-tier3-task22-scale-x50000-k1-r05,2026-09-24T11:54:07.678301+00:00,jed19-accel-qwen-matched-accelerated-s20;jed19-qwen-swiss-s01
matched_cardinality,matched-provisional,RCP-AIaaS/Qwen/Qwen3.5-397B-A17B,Qwen 3.5,full,scale-xfull-k1,3,tier3/task22,1,1,succeeded,0.0,True,0.0,not_affected,rxnhaystack-human-1.6.0,14,0.0,264765,8113,272878,546.9065588582307,1.5272809993475676,555.0566455889493,453.203125,matched-qwen3.5-397b-tier3-task22-scale-xfull-k1-r01,2026-09-24T12:55:45.090561+00:00,jed19-accel-qwen-matched-accelerated-s01;jed19-qwen-swiss-s02
matched_cardinality,matched-provisional,RCP-AIaaS/Qwen/Qwen3.5-397B-A17B,Qwen 3.5,full,scale-xfull-k1,3,tier3/task22,2,1,succeeded,0.0,True,0.0,not_affected,rxnhaystack-human-1.6.0,23,0.0,623815,20811,644626,820.3399016149342,237.74993400461972,825.8085094802082,518.81640625,matched-qwen3.5-397b-tier3-task22-scale-xfull-k1-r02,2026-09-24T05:46:26.134488+00:00,jed19-accel-qwen-matched-accelerated-s02;jed19-qwen-swiss-s03
matched_cardinality,matched-provisional,RCP-AIaaS/Qwen/Qwen3.5-397B-A17B,Qwen 3.5,full,scale-xfull-k1,3,tier3/task22,3,1,succeeded,0.0,True,0.0,not_affected,rxnhaystack-human-1.6.0,18,0.0,392773,11537,404310,756.8991146236658,151.14720388874412,762.6128281336278,446.09765625,matched-qwen3.5-397b-tier3-task22-scale-xfull-k1-r03,2026-09-24T06:02:47.698255+00:00,jed19-accel-qwen-matched-accelerated-s03;jed19-qwen-swiss-s04
matched_cardinality,matched-provisional,RCP-AIaaS/Qwen/Qwen3.5-397B-A17B,Qwen 3.5,full,scale-xfull-k1,3,tier3/task22,4,1,failed,,False,,not_affected,rxnhaystack-human-1.6.0,,,,,,,,,,matched-qwen3.5-397b-tier3-task22-scale-xfull-k1-r04,2026-09-24T12:01:37.010685+00:00,jed19-accel-qwen-matched-accelerated-s04;jed19-qwen-swiss-s01
matched_cardinality,matched-provisional,RCP-AIaaS/Qwen/Qwen3.5-397B-A17B,Qwen 3.5,full,scale-xfull-k1,3,tier3/task22,5,1,succeeded,0.0,True,0.0,not_affected,rxnhaystack-human-1.6.0,19,0.0,430217,12220,442437,922.8116520550102,87.83651395514607,929.2336641773582,444.328125,matched-qwen3.5-397b-tier3-task22-scale-xfull-k1-r05,2026-09-24T13:11:15.075620+00:00,jed19-accel-qwen-matched-accelerated-s05;jed19-qwen-swiss-s02
matched_cardinality,matched-provisional,RCP-AIaaS/Qwen/Qwen3.5-397B-A17B,Qwen 3.5,5000,cardinality-x5000-k20,3,tier3/task23,1,1,succeeded,0.9743589743589743,True,1.0,corrected_exact_rescore,rxnhaystack-human-1.6.0,5,0.0,37153,2446,39599,67.94423327967525,5.196996763348579,73.50043252296746,364.94140625,matched-qwen3.5-397b-tier3-task23-cardinality-x5000-k20-r01,2026-09-24T05:47:40.164022+00:00,jed19-accel-qwen-matched-accelerated-s06;jed19-qwen-swiss-s03;ground-truth:rxnhaystack-ground-truth-2026-09-25-v2;corrected-score-recovery:rxnhaystack-corrected-score-recovery-2026-09-25-v1
matched_cardinality,matched-provisional,RCP-AIaaS/Qwen/Qwen3.5-397B-A17B,Qwen 3.5,5000,cardinality-x5000-k20,3,tier3/task23,2,1,succeeded,0.9743589743589743,True,1.0,corrected_exact_rescore,rxnhaystack-human-1.6.0,7,0.0,55370,2871,58241,168.95973157696426,5.217952089384198,260.7603236846626,368.578125,matched-qwen3.5-397b-tier3-task23-cardinality-x5000-k20-r02,2026-09-24T06:07:08.986405+00:00,jed19-accel-qwen-matched-accelerated-s07;jed19-qwen-swiss-s04;ground-truth:rxnhaystack-ground-truth-2026-09-25-v2;corrected-score-recovery:rxnhaystack-corrected-score-recovery-2026-09-25-v1
matched_cardinality,matched-provisional,RCP-AIaaS/Qwen/Qwen3.5-397B-A17B,Qwen 3.5,5000,cardinality-x5000-k20,3,tier3/task23,3,1,failed,,False,,affected_without_historical_score,rxnhaystack-human-1.6.0,,,,,,,,,,matched-qwen3.5-397b-tier3-task23-cardinality-x5000-k20-r03,2026-09-24T12:06:44.445499+00:00,jed19-accel-qwen-matched-accelerated-s08;jed19-qwen-swiss-s01
matched_cardinality,matched-provisional,RCP-AIaaS/Qwen/Qwen3.5-397B-A17B,Qwen 3.5,5000,cardinality-x5000-k20,3,tier3/task23,4,1,succeeded,0.9743589743589743,True,1.0,corrected_exact_rescore,rxnhaystack-human-1.6.0,8,0.0,60435,2932,63367,221.68274131976068,1.965618785470724,227.57247079722583,364.796875,matched-qwen3.5-397b-tier3-task23-cardinality-x5000-k20-r04,2026-09-24T13:15:03.231382+00:00,jed19-accel-qwen-matched-accelerated-s09;jed19-qwen-swiss-s02;ground-truth:rxnhaystack-ground-truth-2026-09-25-v2;corrected-score-recovery:rxnhaystack-corrected-score-recovery-2026-09-25-v1
matched_cardinality,matched-provisional,RCP-AIaaS/Qwen/Qwen3.5-397B-A17B,Qwen 3.5,5000,cardinality-x5000-k20,3,tier3/task23,5,1,succeeded,0.9743589743589743,True,1.0,corrected_exact_rescore,rxnhaystack-human-1.6.0,5,0.0,29631,1617,31248,69.92393716052175,2.061193725094199,75.83312241919339,366.4296875,matched-qwen3.5-397b-tier3-task23-cardinality-x5000-k20-r05,2026-09-24T05:48:56.515049+00:00,jed19-accel-qwen-matched-accelerated-s10;jed19-qwen-swiss-s03;ground-truth:rxnhaystack-ground-truth-2026-09-25-v2;corrected-score-recovery:rxnhaystack-corrected-score-recovery-2026-09-25-v1
matched_cardinality,matched-provisional,RCP-AIaaS/Qwen/Qwen3.5-397B-A17B,Qwen 3.5,5000,cardinality-x5000-k5,3,tier3/task23,1,1,succeeded,1.0,True,1.0,corrected_exact_rescore,rxnhaystack-human-1.6.0,9,0.0,88936,4089,93025,188.88923619315028,1.9587671142071486,194.51325396634638,367.73046875,matched-qwen3.5-397b-tier3-task23-cardinality-x5000-k5-r01,2026-09-24T06:10:24.069130+00:00,jed19-accel-qwen-matched-accelerated-s11;jed19-qwen-swiss-s04;ground-truth:rxnhaystack-ground-truth-2026-09-25-v2;corrected-score-recovery:rxnhaystack-corrected-score-recovery-2026-09-25-v1
matched_cardinality,matched-provisional,RCP-AIaaS/Qwen/Qwen3.5-397B-A17B,Qwen 3.5,5000,cardinality-x5000-k5,3,tier3/task23,2,1,succeeded,1.0,True,1.0,corrected_exact_rescore,rxnhaystack-human-1.6.0,8,0.0,68953,3891,72844,518.1887522153556,2.050030814483762,523.8191336840391,377.92578125,matched-qwen3.5-397b-tier3-task23-cardinality-x5000-k5-r02,2026-09-24T12:15:28.925180+00:00,jed19-accel-qwen-matched-accelerated-s12;jed19-qwen-swiss-s01;ground-truth:rxnhaystack-ground-truth-2026-09-25-v2;corrected-score-recovery:rxnhaystack-corrected-score-recovery-2026-09-25-v1
matched_cardinality,matched-provisional,RCP-AIaaS/Qwen/Qwen3.5-397B-A17B,Qwen 3.5,5000,cardinality-x5000-k5,3,tier3/task23,3,1,succeeded,1.0,True,1.0,corrected_exact_rescore,rxnhaystack-human-1.6.0,7,0.0,53453,3233,56686,281.5234049446881,6.1040698401629925,287.47411581128836,368.03515625,matched-qwen3.5-397b-tier3-task23-cardinality-x5000-k5-r03,2026-09-24T13:19:51.261144+00:00,jed19-accel-qwen-matched-accelerated-s13;jed19-qwen-swiss-s02;ground-truth:rxnhaystack-ground-truth-2026-09-25-v2;corrected-score-recovery:rxnhaystack-corrected-score-recovery-2026-09-25-v1
matched_cardinality,matched-provisional,RCP-AIaaS/Qwen/Qwen3.5-397B-A17B,Qwen 3.5,5000,cardinality-x5000-k5,3,tier3/task23,4,1,succeeded,1.0,True,1.0,corrected_exact_rescore,rxnhaystack-human-1.6.0,6,0.0,39004,1812,40816,110.15725934691727,5.13181140832603,116.08290757983923,373.57421875,matched-qwen3.5-397b-tier3-task23-cardinality-x5000-k5-r04,2026-09-24T05:50:53.318264+00:00,jed19-accel-qwen-matched-accelerated-s14;jed19-qwen-swiss-s03;ground-truth:rxnhaystack-ground-truth-2026-09-25-v2;corrected-score-recovery:rxnhaystack-corrected-score-recovery-2026-09-25-v1
matched_cardinality,matched-provisional,RCP-AIaaS/Qwen/Qwen3.5-397B-A17B,Qwen 3.5,5000,cardinality-x5000-k5,3,tier3/task23,5,1,succeeded,1.0,True,1.0,corrected_exact_rescore,rxnhaystack-human-1.6.0,6,0.0,39094,1964,41058,106.60529046878219,1.9635703433305025,112.15688367001712,369.20703125,matched-qwen3.5-397b-tier3-task23-cardinality-x5000-k5-r05,2026-09-24T06:12:16.862995+00:00,jed19-accel-qwen-matched-accelerated-s15;jed19-qwen-swiss-s04;ground-truth:rxnhaystack-ground-truth-2026-09-25-v2;corrected-score-recovery:rxnhaystack-corrected-score-recovery-2026-09-25-v1
matched_cardinality,matched-provisional,RCP-AIaaS/Qwen/Qwen3.5-397B-A17B,Qwen 3.5,100,scale-x100-k1,3,tier3/task23,1,1,succeeded,1.0,True,1.0,corrected_exact_rescore,rxnhaystack-human-1.6.0,6,0.0,49540,2905,52445,217.62847788073123,0.058938322588801384,223.3840346802026,356.171875,matched-qwen3.5-397b-tier3-task23-scale-x100-k1-r01,2026-09-24T12:19:12.910747+00:00,jed19-accel-qwen-matched-accelerated-s16;jed19-qwen-swiss-s01;ground-truth:rxnhaystack-ground-truth-2026-09-25-v2;corrected-score-recovery:rxnhaystack-corrected-score-recovery-2026-09-25-v1
matched_cardinality,matched-provisional,RCP-AIaaS/Qwen/Qwen3.5-397B-A17B,Qwen 3.5,100,scale-x100-k1,3,tier3/task23,2,1,succeeded,1.0,True,1.0,corrected_exact_rescore,rxnhaystack-human-1.6.0,6,0.0,39350,1988,41338,178.442578651011,0.046347105875611305,183.95742012932897,357.37109375,matched-qwen3.5-397b-tier3-task23-scale-x100-k1-r02,2026-09-24T13:22:55.987746+00:00,jed19-accel-qwen-matched-accelerated-s17;jed19-qwen-swiss-s02;ground-truth:rxnhaystack-ground-truth-2026-09-25-v2;corrected-score-recovery:rxnhaystack-corrected-score-recovery-2026-09-25-v1
matched_cardinality,matched-provisional,RCP-AIaaS/Qwen/Qwen3.5-397B-A17B,Qwen 3.5,100,scale-x100-k1,3,tier3/task23,3,1,succeeded,1.0,True,1.0,corrected_exact_rescore,rxnhaystack-human-1.6.0,5,0.0,31363,2121,33484,131.70521995052695,0.04949827492237091,137.1560961212963,363.78125,matched-qwen3.5-397b-tier3-task23-scale-x100-k1-r03,2026-09-24T05:53:11.005632+00:00,jed19-accel-qwen-matched-accelerated-s18;jed19-qwen-swiss-s03;ground-truth:rxnhaystack-ground-truth-2026-09-25-v2;corrected-score-recovery:rxnhaystack-corrected-score-recovery-2026-09-25-v1
matched_cardinality,matched-provisional,RCP-AIaaS/Qwen/Qwen3.5-397B-A17B,Qwen 3.5,100,scale-x100-k1,3,tier3/task23,4,1,succeeded,1.0,True,1.0,corrected_exact_rescore,rxnhaystack-human-1.6.0,5,0.0,30431,1908,32339,87.47792236693203,0.04558790102601051,92.94626989215612,366.08203125,matched-qwen3.5-397b-tier3-task23-scale-x100-k1-r04,2026-09-24T06:13:50.546736+00:00,jed19-accel-qwen-matched-accelerated-s19;jed19-qwen-swiss-s04;ground-truth:rxnhaystack-ground-truth-2026-09-25-v2;corrected-score-recovery:rxnhaystack-corrected-score-recovery-2026-09-25-v1
matched_cardinality,matched-provisional,RCP-AIaaS/Qwen/Qwen3.5-397B-A17B,Qwen 3.5,100,scale-x100-k1,3,tier3/task23,5,1,succeeded,1.0,True,1.0,corrected_exact_rescore,rxnhaystack-human-1.6.0,6,0.0,40667,2659,43326,220.15984958596528,0.0802921038120985,225.50116384774446,364.0546875,matched-qwen3.5-397b-tier3-task23-scale-x100-k1-r05,2026-09-24T12:22:59.068745+00:00,jed19-accel-qwen-matched-accelerated-s20;jed19-qwen-swiss-s01;ground-truth:rxnhaystack-ground-truth-2026-09-25-v2;corrected-score-recovery:rxnhaystack-corrected-score-recovery-2026-09-25-v1
matched_cardinality,matched-provisional,RCP-AIaaS/Qwen/Qwen3.5-397B-A17B,Qwen 3.5,500,scale-x500-k1,3,tier3/task23,1,1,succeeded,1.0,True,1.0,corrected_exact_rescore,rxnhaystack-human-1.6.0,5,0.0,29477,1609,31086,168.40098088234663,0.19960008561611176,173.8275210596621,365.296875,matched-qwen3.5-397b-tier3-task23-scale-x500-k1-r01,2026-09-24T13:25:50.371840+00:00,jed19-accel-qwen-matched-accelerated-s01;jed19-qwen-swiss-s02;ground-truth:rxnhaystack-ground-truth-2026-09-25-v2;corrected-score-recovery:rxnhaystack-corrected-score-recovery-2026-09-25-v1
matched_cardinality,matched-provisional,RCP-AIaaS/Qwen/Qwen3.5-397B-A17B,Qwen 3.5,500,scale-x500-k1,3,tier3/task23,2,1,succeeded,1.0,True,1.0,corrected_exact_rescore,rxnhaystack-human-1.6.0,6,0.0,39527,2109,41636,93.01715935766697,0.6362541299313307,98.60309651866555,367.67578125,matched-qwen3.5-397b-tier3-task23-scale-x500-k1-r02,2026-09-24T05:54:50.139073+00:00,jed19-accel-qwen-matched-accelerated-s02;jed19-qwen-swiss-s03;ground-truth:rxnhaystack-ground-truth-2026-09-25-v2;corrected-score-recovery:rxnhaystack-corrected-score-recovery-2026-09-25-v1
matched_cardinality,matched-provisional,RCP-AIaaS/Qwen/Qwen3.5-397B-A17B,Qwen 3.5,500,scale-x500-k1,3,tier3/task23,3,1,succeeded,1.0,True,1.0,corrected_exact_rescore,rxnhaystack-human-1.6.0,7,0.0,55555,3496,59051,158.2146530058235,0.34143044613301754,163.5241758339107,363.28125,matched-qwen3.5-397b-tier3-task23-scale-x500-k1-r03,2026-09-24T06:16:34.694297+00:00,jed19-accel-qwen-matched-accelerated-s03;jed19-qwen-swiss-s04;ground-truth:rxnhaystack-ground-truth-2026-09-25-v2;corrected-score-recovery:rxnhaystack-corrected-score-recovery-2026-09-25-v1
matched_cardinality,matched-provisional,RCP-AIaaS/Qwen/Qwen3.5-397B-A17B,Qwen 3.5,500,scale-x500-k1,3,tier3/task23,4,1,succeeded,0.125,True,0.125,corrected_exact_rescore,rxnhaystack-human-1.6.0,8,0.0,60870,2878,63748,166.36727649532259,0.1449929028749466,205.96331900916994,360.43359375,matched-qwen3.5-397b-tier3-task23-scale-x500-k1-r04,2026-09-24T12:26:25.746584+00:00,jed19-accel-qwen-matched-accelerated-s04;jed19-qwen-swiss-s01;ground-truth:rxnhaystack-ground-truth-2026-09-25-v2;corrected-score-recovery:rxnhaystack-corrected-score-recovery-2026-09-25-v1
matched_cardinality,matched-provisional,RCP-AIaaS/Qwen/Qwen3.5-397B-A17B,Qwen 3.5,500,scale-x500-k1,3,tier3/task23,5,1,succeeded,1.0,True,1.0,corrected_exact_rescore,rxnhaystack-human-1.6.0,5,0.0,33086,2771,35857,221.65951802395284,0.39632881060242653,228.57281985878944,364.7890625,matched-qwen3.5-397b-tier3-task23-scale-x500-k1-r05,2026-09-24T13:29:39.489032+00:00,jed19-accel-qwen-matched-accelerated-s05;jed19-qwen-swiss-s02;ground-truth:rxnhaystack-ground-truth-2026-09-25-v2;corrected-score-recovery:rxnhaystack-corrected-score-recovery-2026-09-25-v1
matched_cardinality,matched-provisional,RCP-AIaaS/Qwen/Qwen3.5-397B-A17B,Qwen 3.5,5000,scale-x5000-k1,3,tier3/task23,1,1,succeeded,1.0,True,1.0,corrected_exact_rescore,rxnhaystack-human-1.6.0,5,0.0,29084,1716,30800,72.44226299226284,2.0801544468849897,78.63720275834203,368.41015625,matched-qwen3.5-397b-tier3-task23-scale-x5000-k1-r01,2026-09-24T05:57:29.280795+00:00,jed19-accel-qwen-matched-accelerated-s06;jed19-qwen-swiss-s03;ground-truth:rxnhaystack-ground-truth-2026-09-25-v2;corrected-score-recovery:rxnhaystack-corrected-score-recovery-2026-09-25-v1
matched_cardinality,matched-provisional,RCP-AIaaS/Qwen/Qwen3.5-397B-A17B,Qwen 3.5,5000,scale-x5000-k1,3,tier3/task23,2,1,succeeded,1.0,True,1.0,corrected_exact_rescore,rxnhaystack-human-1.6.0,9,0.0,75598,4236,79834,260.7427642252296,2.197590697556734,266.0760671198368,371.0546875,matched-qwen3.5-397b-tier3-task23-scale-x5000-k1-r02,2026-09-24T06:21:01.439194+00:00,jed19-accel-qwen-matched-accelerated-s07;jed19-qwen-swiss-s04;ground-truth:rxnhaystack-ground-truth-2026-09-25-v2;corrected-score-recovery:rxnhaystack-corrected-score-recovery-2026-09-25-v1
matched_cardinality,matched-provisional,RCP-AIaaS/Qwen/Qwen3.5-397B-A17B,Qwen 3.5,5000,scale-x5000-k1,3,tier3/task23,3,1,succeeded,1.0,True,1.0,corrected_exact_rescore,rxnhaystack-human-1.6.0,5,0.0,29453,1675,31128,97.05541327595711,2.031004434451461,102.52943920902908,360.9765625,matched-qwen3.5-397b-tier3-task23-scale-x5000-k1-r03,2026-09-24T12:28:08.795342+00:00,jed19-accel-qwen-matched-accelerated-s08;jed19-qwen-swiss-s01;ground-truth:rxnhaystack-ground-truth-2026-09-25-v2;corrected-score-recovery:rxnhaystack-corrected-score-recovery-2026-09-25-v1
matched_cardinality,matched-provisional,RCP-AIaaS/Qwen/Qwen3.5-397B-A17B,Qwen 3.5,5000,scale-x5000-k1,3,tier3/task23,4,1,succeeded,1.0,True,1.0,corrected_exact_rescore,rxnhaystack-human-1.6.0,7,0.0,55571,3227,58798,213.6440129764378,2.070764373987913,219.20235691778362,366.890625,matched-qwen3.5-397b-tier3-task23-scale-x5000-k1-r04,2026-09-24T13:33:19.485740+00:00,jed19-accel-qwen-matched-accelerated-s09;jed19-qwen-swiss-s02;ground-truth:rxnhaystack-ground-truth-2026-09-25-v2;corrected-score-recovery:rxnhaystack-corrected-score-recovery-2026-09-25-v1
matched_cardinality,matched-provisional,RCP-AIaaS/Qwen/Qwen3.5-397B-A17B,Qwen 3.5,5000,scale-x5000-k1,3,tier3/task23,5,1,succeeded,1.0,True,1.0,corrected_exact_rescore,rxnhaystack-human-1.6.0,7,0.0,53375,3157,56532,137.27984197996557,3.418769486248493,142.7999292127788,369.33984375,matched-qwen3.5-397b-tier3-task23-scale-x5000-k1-r05,2026-09-24T06:01:13.799350+00:00,jed19-accel-qwen-matched-accelerated-s10;jed19-qwen-swiss-s03;ground-truth:rxnhaystack-ground-truth-2026-09-25-v2;corrected-score-recovery:rxnhaystack-corrected-score-recovery-2026-09-25-v1
matched_cardinality,matched-provisional,RCP-AIaaS/Qwen/Qwen3.5-397B-A17B,Qwen 3.5,50000,scale-x50000-k1,3,tier3/task23,1,1,succeeded,0.5,True,1.0,corrected_exact_rescore,rxnhaystack-human-1.6.0,8,0.0,66096,3363,69459,227.98513287492096,19.615280294790864,233.95770145393908,411.0546875,matched-qwen3.5-397b-tier3-task23-scale-x50000-k1-r01,2026-09-24T06:24:55.925750+00:00,jed19-accel-qwen-matched-accelerated-s11;jed19-qwen-swiss-s04;ground-truth:rxnhaystack-ground-truth-2026-09-25-v2;corrected-score-recovery:rxnhaystack-corrected-score-recovery-2026-09-25-v1
matched_cardinality,matched-provisional,RCP-AIaaS/Qwen/Qwen3.5-397B-A17B,Qwen 3.5,50000,scale-x50000-k1,3,tier3/task23,2,1,succeeded,0.5,True,1.0,corrected_exact_rescore,rxnhaystack-human-1.6.0,5,0.0,29079,1637,30716,178.7342287376523,19.277050372213125,184.90570265054703,403.04296875,matched-qwen3.5-397b-tier3-task23-scale-x50000-k1-r02,2026-09-24T12:31:14.281680+00:00,jed19-accel-qwen-matched-accelerated-s12;jed19-qwen-swiss-s01;ground-truth:rxnhaystack-ground-truth-2026-09-25-v2;corrected-score-recovery:rxnhaystack-corrected-score-recovery-2026-09-25-v1
matched_cardinality,matched-provisional,RCP-AIaaS/Qwen/Qwen3.5-397B-A17B,Qwen 3.5,50000,scale-x50000-k1,3,tier3/task23,3,1,succeeded,0.5,True,1.0,corrected_exact_rescore,rxnhaystack-human-1.6.0,5,0.0,32520,1914,34434,202.15697022341192,49.588234055787325,207.797359559685,405.3203125,matched-qwen3.5-397b-tier3-task23-scale-x50000-k1-r03,2026-09-24T13:36:47.822118+00:00,jed19-accel-qwen-matched-accelerated-s13;jed19-qwen-swiss-s02;ground-truth:rxnhaystack-ground-truth-2026-09-25-v2;corrected-score-recovery:rxnhaystack-corrected-score-recovery-2026-09-25-v1
matched_cardinality,matched-provisional,RCP-AIaaS/Qwen/Qwen3.5-397B-A17B,Qwen 3.5,50000,scale-x50000-k1,3,tier3/task23,4,1,succeeded,0.5,True,1.0,corrected_exact_rescore,rxnhaystack-human-1.6.0,5,0.0,28918,1655,30573,115.3551394045353,19.480476899072528,120.78206722252071,402.09375,matched-qwen3.5-397b-tier3-task23-scale-x50000-k1-r04,2026-09-24T06:03:15.108361+00:00,jed19-accel-qwen-matched-accelerated-s14;jed19-qwen-swiss-s03;ground-truth:rxnhaystack-ground-truth-2026-09-25-v2;corrected-score-recovery:rxnhaystack-corrected-score-recovery-2026-09-25-v1
matched_cardinality,matched-provisional,RCP-AIaaS/Qwen/Qwen3.5-397B-A17B,Qwen 3.5,50000,scale-x50000-k1,3,tier3/task23,5,1,succeeded,0.5,True,1.0,corrected_exact_rescore,rxnhaystack-human-1.6.0,10,0.0,101023,4295,105318,240.2268277388066,60.51749608665705,245.58596229925752,426.6328125,matched-qwen3.5-397b-tier3-task23-scale-x50000-k1-r05,2026-09-24T06:29:02.129009+00:00,jed19-accel-qwen-matched-accelerated-s15;jed19-qwen-swiss-s04;ground-truth:rxnhaystack-ground-truth-2026-09-25-v2;corrected-score-recovery:rxnhaystack-corrected-score-recovery-2026-09-25-v1
matched_cardinality,matched-provisional,RCP-AIaaS/Qwen/Qwen3.5-397B-A17B,Qwen 3.5,full,scale-xfull-k1,3,tier3/task23,1,1,succeeded,0.33333333333333337,True,1.0,corrected_exact_rescore,rxnhaystack-human-1.6.0,15,0.0,245612,10628,256240,698.3934520669281,137.54911448806524,704.045507343486,663.34375,matched-qwen3.5-397b-tier3-task23-scale-xfull-k1-r01,2026-09-24T12:42:58.874996+00:00,jed19-accel-qwen-matched-accelerated-s16;jed19-qwen-swiss-s01;ground-truth:rxnhaystack-ground-truth-2026-09-25-v2;corrected-score-recovery:rxnhaystack-corrected-score-recovery-2026-09-25-v1
matched_cardinality,matched-provisional,RCP-AIaaS/Qwen/Qwen3.5-397B-A17B,Qwen 3.5,full,scale-xfull-k1,3,tier3/task23,2,1,succeeded,0.33333333333333337,True,1.0,corrected_exact_rescore,rxnhaystack-human-1.6.0,6,0.0,43431,2913,46344,263.382923329249,44.11023239791393,269.3423572164029,484.1171875,matched-qwen3.5-397b-tier3-task23-scale-xfull-k1-r02,2026-09-24T13:41:17.747112+00:00,jed19-accel-qwen-matched-accelerated-s17;jed19-qwen-swiss-s02;ground-truth:rxnhaystack-ground-truth-2026-09-25-v2;corrected-score-recovery:rxnhaystack-corrected-score-recovery-2026-09-25-v1
matched_cardinality,matched-provisional,RCP-AIaaS/Qwen/Qwen3.5-397B-A17B,Qwen 3.5,full,scale-xfull-k1,3,tier3/task23,3,1,succeeded,,False,0.0005561735261401557,historical_score_invalidated,rxnhaystack-human-1.6.0,7,0.0,107467,2355,109822,151.64570705592632,24.07311077415943,157.15918591432273,485.4140625,matched-qwen3.5-397b-tier3-task23-scale-xfull-k1-r03,2026-09-24T06:05:52.815747+00:00,jed19-accel-qwen-matched-accelerated-s18;jed19-qwen-swiss-s03;ground-truth:rxnhaystack-ground-truth-2026-09-25-v2
matched_cardinality,matched-provisional,RCP-AIaaS/Qwen/Qwen3.5-397B-A17B,Qwen 3.5,full,scale-xfull-k1,3,tier3/task23,4,1,succeeded,,False,0.33333333333333337,historical_score_invalidated,rxnhaystack-human-1.6.0,19,0.0,328760,11743,340503,836.9012816213071,255.7084795422852,855.7223783750087,458.59765625,matched-qwen3.5-397b-tier3-task23-scale-xfull-k1-r04,2026-09-24T06:43:18.388034+00:00,jed19-accel-qwen-matched-accelerated-s19;jed19-qwen-swiss-s04;ground-truth:rxnhaystack-ground-truth-2026-09-25-v2
matched_cardinality,matched-provisional,RCP-AIaaS/Qwen/Qwen3.5-397B-A17B,Qwen 3.5,full,scale-xfull-k1,3,tier3/task23,5,1,succeeded,0.33333333333333337,True,1.0,corrected_exact_rescore,rxnhaystack-human-1.6.0,7,0.0,58860,3673,62533,263.97075255028903,48.139181358739734,270.2709427829832,505.71875,matched-qwen3.5-397b-tier3-task23-scale-xfull-k1-r05,2026-09-24T12:47:30.266108+00:00,jed19-accel-qwen-matched-accelerated-s20;jed19-qwen-swiss-s01;ground-truth:rxnhaystack-ground-truth-2026-09-25-v2;corrected-score-recovery:rxnhaystack-corrected-score-recovery-2026-09-25-v1
matched_cardinality,matched-provisional,RCP-AIaaS/Qwen/Qwen3.5-397B-A17B,Qwen 3.5,5000,cardinality-x5000-k20,3,tier3/task24,1,1,succeeded,1.0,True,1.0,not_affected,rxnhaystack-human-1.6.0,7,0.0,52355,3481,55836,213.1147494353354,1.0527016501873732,218.63079527392983,359.96875,matched-qwen3.5-397b-tier3-task24-cardinality-x5000-k20-r01,2026-09-24T13:45:23.898312+00:00,jed19-accel-qwen-matched-accelerated-s01;jed19-qwen-swiss-s02
matched_cardinality,matched-provisional,RCP-AIaaS/Qwen/Qwen3.5-397B-A17B,Qwen 3.5,5000,cardinality-x5000-k20,3,tier3/task24,2,1,succeeded,1.0,True,1.0,not_affected,rxnhaystack-human-1.6.0,10,0.0,90777,3440,94217,195.28100546263158,2.0639903657138348,200.74087534099817,359.91015625,matched-qwen3.5-397b-tier3-task24-cardinality-x5000-k20-r02,2026-09-24T06:09:14.089643+00:00,jed19-accel-qwen-matched-accelerated-s02;jed19-qwen-swiss-s03
matched_cardinality,matched-provisional,RCP-AIaaS/Qwen/Qwen3.5-397B-A17B,Qwen 3.5,5000,cardinality-x5000-k20,3,tier3/task24,3,1,succeeded,1.0,True,1.0,not_affected,rxnhaystack-human-1.6.0,8,0.0,63325,3011,66336,223.63527653738856,1.063179349526763,229.241847127676,356.0546875,matched-qwen3.5-397b-tier3-task24-cardinality-x5000-k20-r03,2026-09-24T06:47:08.234211+00:00,jed19-accel-qwen-matched-accelerated-s03;jed19-qwen-swiss-s04
matched_cardinality,matched-provisional,RCP-AIaaS/Qwen/Qwen3.5-397B-A17B,Qwen 3.5,5000,cardinality-x5000-k20,3,tier3/task24,4,1,succeeded,1.0,True,1.0,not_affected,rxnhaystack-human-1.6.0,8,0.0,65244,2056,67300,215.64317829534411,1.019939934834838,221.21999129839242,358.3125,matched-qwen3.5-397b-tier3-task24-cardinality-x5000-k20-r04,2026-09-24T12:51:12.091526+00:00,jed19-accel-qwen-matched-accelerated-s04;jed19-qwen-swiss-s01
matched_cardinality,matched-provisional,RCP-AIaaS/Qwen/Qwen3.5-397B-A17B,Qwen 3.5,5000,cardinality-x5000-k20,3,tier3/task24,5,1,failed,,False,,not_affected,rxnhaystack-human-1.6.0,,,,,,,,,,matched-qwen3.5-397b-tier3-task24-cardinality-x5000-k20-r05,2026-09-24T13:53:44.763224+00:00,jed19-accel-qwen-matched-accelerated-s05;jed19-qwen-swiss-s02
matched_cardinality,matched-provisional,RCP-AIaaS/Qwen/Qwen3.5-397B-A17B,Qwen 3.5,5000,cardinality-x5000-k5,3,tier3/task24,1,1,succeeded,1.0,True,1.0,not_affected,rxnhaystack-human-1.6.0,8,0.0,72182,3082,75264,166.40207580849528,1.061967097222805,171.8939421698451,352.37890625,matched-qwen3.5-397b-tier3-task24-cardinality-x5000-k5-r01,2026-09-24T06:12:06.512788+00:00,jed19-accel-qwen-matched-accelerated-s06;jed19-qwen-swiss-s03
matched_cardinality,matched-provisional,RCP-AIaaS/Qwen/Qwen3.5-397B-A17B,Qwen 3.5,5000,cardinality-x5000-k5,3,tier3/task24,2,1,succeeded,1.0,True,1.0,not_affected,rxnhaystack-human-1.6.0,8,0.0,57383,2242,59625,227.20875396579504,1.0573436375707388,232.75549905374646,355.2890625,matched-qwen3.5-397b-tier3-task24-cardinality-x5000-k5-r02,2026-09-24T06:51:01.696626+00:00,jed19-accel-qwen-matched-accelerated-s07;jed19-qwen-swiss-s04
matched_cardinality,matched-provisional,RCP-AIaaS/Qwen/Qwen3.5-397B-A17B,Qwen 3.5,5000,cardinality-x5000-k5,3,tier3/task24,3,1,succeeded,1.0,True,1.0,not_affected,rxnhaystack-human-1.6.0,7,0.0,51810,3040,54850,252.8315100632608,1.100616792216897,262.9808498620987,357.51953125,matched-qwen3.5-397b-tier3-task24-cardinality-x5000-k5-r03,2026-09-24T12:55:35.679385+00:00,jed19-accel-qwen-matched-accelerated-s08;jed19-qwen-swiss-s01
matched_cardinality,matched-provisional,RCP-AIaaS/Qwen/Qwen3.5-397B-A17B,Qwen 3.5,5000,cardinality-x5000-k5,3,tier3/task24,4,1,failed,,False,,not_affected,rxnhaystack-human-1.6.0,,,,,,,,,,matched-qwen3.5-397b-tier3-task24-cardinality-x5000-k5-r04,2026-09-24T13:59:54.391759+00:00,jed19-accel-qwen-matched-accelerated-s09;jed19-qwen-swiss-s02
matched_cardinality,matched-provisional,RCP-AIaaS/Qwen/Qwen3.5-397B-A17B,Qwen 3.5,5000,cardinality-x5000-k5,3,tier3/task24,5,1,succeeded,1.0,True,1.0,not_affected,rxnhaystack-human-1.6.0,9,0.0,75314,3198,78512,177.46680705063045,1.0576325934380293,183.2093261871487,360.25390625,matched-qwen3.5-397b-tier3-task24-cardinality-x5000-k5-r05,2026-09-24T06:15:10.503372+00:00,jed19-accel-qwen-matched-accelerated-s10;jed19-qwen-swiss-s03
matched_cardinality,matched-provisional,RCP-AIaaS/Qwen/Qwen3.5-397B-A17B,Qwen 3.5,100,scale-x100-k1,3,tier3/task24,1,1,succeeded,1.0,True,1.0,not_affected,rxnhaystack-human-1.6.0,7,0.0,96467,2264,98731,186.98978995531797,0.048017604276537895,192.69957820139825,348.203125,matched-qwen3.5-397b-tier3-task24-scale-x100-k1-r01,2026-09-24T06:54:22.361925+00:00,jed19-accel-qwen-matched-accelerated-s11;jed19-qwen-swiss-s04
matched_cardinality,matched-provisional,RCP-AIaaS/Qwen/Qwen3.5-397B-A17B,Qwen 3.5,100,scale-x100-k1,3,tier3/task24,2,1,succeeded,1.0,True,1.0,not_affected,rxnhaystack-human-1.6.0,8,0.0,68567,2879,71446,275.93903436884284,0.04819134622812271,284.247649108991,358.35546875,matched-qwen3.5-397b-tier3-task24-scale-x100-k1-r02,2026-09-24T13:00:33.739928+00:00,jed19-accel-qwen-matched-accelerated-s12;jed19-qwen-swiss-s01
matched_cardinality,matched-provisional,RCP-AIaaS/Qwen/Qwen3.5-397B-A17B,Qwen 3.5,100,scale-x100-k1,3,tier3/task24,3,1,succeeded,1.0,True,1.0,not_affected,rxnhaystack-human-1.6.0,8,0.0,120352,3200,123552,451.8338679559529,0.04945431835949421,457.285582292825,353.66796875,matched-qwen3.5-397b-tier3-task24-scale-x100-k1-r03,2026-09-24T14:07:32.439855+00:00,jed19-accel-qwen-matched-accelerated-s13;jed19-qwen-swiss-s02
matched_cardinality,matched-provisional,RCP-AIaaS/Qwen/Qwen3.5-397B-A17B,Qwen 3.5,100,scale-x100-k1,3,tier3/task24,4,1,succeeded,1.0,True,1.0,not_affected,rxnhaystack-human-1.6.0,11,0.0,119968,4364,124332,271.420757425949,0.07350003160536289,276.91500801593065,355.90234375,matched-qwen3.5-397b-tier3-task24-scale-x100-k1-r04,2026-09-24T06:19:47.966441+00:00,jed19-accel-qwen-matched-accelerated-s14;jed19-qwen-swiss-s03
matched_cardinality,matched-provisional,RCP-AIaaS/Qwen/Qwen3.5-397B-A17B,Qwen 3.5,100,scale-x100-k1,3,tier3/task24,5,1,succeeded,1.0,True,1.0,not_affected,rxnhaystack-human-1.6.0,9,0.0,94736,3304,98040,227.20123209431767,0.06910053826868534,232.8352416921407,349.81640625,matched-qwen3.5-397b-tier3-task24-scale-x100-k1-r05,2026-09-24T06:58:15.824625+00:00,jed19-accel-qwen-matched-accelerated-s15;jed19-qwen-swiss-s04
matched_cardinality,matched-provisional,RCP-AIaaS/Qwen/Qwen3.5-397B-A17B,Qwen 3.5,500,scale-x500-k1,3,tier3/task24,1,1,succeeded,1.0,True,1.0,not_affected,rxnhaystack-human-1.6.0,8,0.0,60649,2909,63558,236.22112126089633,0.1124259065836668,242.89367318339646,351.24609375,matched-qwen3.5-397b-tier3-task24-scale-x500-k1-r01,2026-09-24T13:04:37.259811+00:00,jed19-accel-qwen-matched-accelerated-s16;jed19-qwen-swiss-s01
matched_cardinality,matched-provisional,RCP-AIaaS/Qwen/Qwen3.5-397B-A17B,Qwen 3.5,500,scale-x500-k1,3,tier3/task24,2,1,succeeded,1.0,True,1.0,not_affected,rxnhaystack-human-1.6.0,10,0.0,92650,3483,96133,301.04895411990583,0.21229311637580395,308.1807046569884,353.58984375,matched-qwen3.5-397b-tier3-task24-scale-x500-k1-r02,2026-09-24T14:12:41.186296+00:00,jed19-accel-qwen-matched-accelerated-s17;jed19-qwen-swiss-s02
matched_cardinality,matched-provisional,RCP-AIaaS/Qwen/Qwen3.5-397B-A17B,Qwen 3.5,500,scale-x500-k1,3,tier3/task24,3,1,succeeded,1.0,True,1.0,not_affected,rxnhaystack-human-1.6.0,7,0.0,56618,3596,60214,168.78871503658593,0.11375783011317253,174.2944860290736,354.5234375,matched-qwen3.5-397b-tier3-task24-scale-x500-k1-r03,2026-09-24T06:22:42.845359+00:00,jed19-accel-qwen-matched-accelerated-s18;jed19-qwen-swiss-s03
matched_cardinality,matched-provisional,RCP-AIaaS/Qwen/Qwen3.5-397B-A17B,Qwen 3.5,500,scale-x500-k1,3,tier3/task24,4,1,succeeded,1.0,True,1.0,not_affected,rxnhaystack-human-1.6.0,6,0.0,41340,2428,43768,173.8283022902906,0.1085436549037695,179.23630177602172,350.61328125,matched-qwen3.5-397b-tier3-task24-scale-x500-k1-r04,2026-09-24T07:01:15.597847+00:00,jed19-accel-qwen-matched-accelerated-s19;jed19-qwen-swiss-s04
matched_cardinality,matched-provisional,RCP-AIaaS/Qwen/Qwen3.5-397B-A17B,Qwen 3.5,500,scale-x500-k1,3,tier3/task24,5,1,succeeded,1.0,True,1.0,not_affected,rxnhaystack-human-1.6.0,9,0.0,81254,3980,85234,340.2457625027746,0.22101116366684437,346.00593854673207,348.68359375,matched-qwen3.5-397b-tier3-task24-scale-x500-k1-r05,2026-09-24T13:10:24.062513+00:00,jed19-accel-qwen-matched-accelerated-s20;jed19-qwen-swiss-s01
matched_cardinality,matched-provisional,RCP-AIaaS/Qwen/Qwen3.5-397B-A17B,Qwen 3.5,5000,scale-x5000-k1,3,tier3/task24,1,1,succeeded,1.0,True,1.0,not_affected,rxnhaystack-human-1.6.0,11,0.0,97291,3473,100764,328.7237222176045,2.0492952652275562,334.30631525814533,354.49609375,matched-qwen3.5-397b-tier3-task24-scale-x5000-k1-r01,2026-09-24T14:18:16.069752+00:00,jed19-accel-qwen-matched-accelerated-s01;jed19-qwen-swiss-s02
matched_cardinality,matched-provisional,RCP-AIaaS/Qwen/Qwen3.5-397B-A17B,Qwen 3.5,5000,scale-x5000-k1,3,tier3/task24,2,1,succeeded,1.0,True,1.0,not_affected,rxnhaystack-human-1.6.0,14,0.0,197771,6914,204685,302.6085676513612,2.1278976406902075,324.1141730584204,354.02734375,matched-qwen3.5-397b-tier3-task24-scale-x5000-k1-r02,2026-09-24T06:28:07.641351+00:00,jed19-accel-qwen-matched-accelerated-s02;jed19-qwen-swiss-s03
matched_cardinality,matched-provisional,RCP-AIaaS/Qwen/Qwen3.5-397B-A17B,Qwen 3.5,5000,scale-x5000-k1,3,tier3/task24,3,1,succeeded,1.0,True,1.0,not_affected,rxnhaystack-human-1.6.0,7,0.0,51268,2548,53816,248.26827114634216,1.0326040349900723,253.8186560291797,360.56640625,matched-qwen3.5-397b-tier3-task24-scale-x5000-k1-r03,2026-09-24T07:06:39.140503+00:00,jed19-accel-qwen-matched-accelerated-s03;jed19-qwen-swiss-s04
matched_cardinality,matched-provisional,RCP-AIaaS/Qwen/Qwen3.5-397B-A17B,Qwen 3.5,5000,scale-x5000-k1,3,tier3/task24,4,1,succeeded,1.0,True,1.0,not_affected,rxnhaystack-human-1.6.0,5,0.0,30395,1832,32227,158.3619777429849,1.067477272823453,163.9380819592625,352.140625,matched-qwen3.5-397b-tier3-task24-scale-x5000-k1-r04,2026-09-24T13:13:08.495304+00:00,jed19-accel-qwen-matched-accelerated-s04;jed19-qwen-swiss-s01
matched_cardinality,matched-provisional,RCP-AIaaS/Qwen/Qwen3.5-397B-A17B,Qwen 3.5,5000,scale-x5000-k1,3,tier3/task24,5,1,failed,,False,,not_affected,rxnhaystack-human-1.6.0,,,,,,,,,,matched-qwen3.5-397b-tier3-task24-scale-x5000-k1-r05,2026-09-24T14:25:42.749053+00:00,jed19-accel-qwen-matched-accelerated-s05;jed19-qwen-swiss-s02
matched_cardinality,matched-provisional,RCP-AIaaS/Qwen/Qwen3.5-397B-A17B,Qwen 3.5,50000,scale-x50000-k1,3,tier3/task24,1,1,succeeded,1.0,True,1.0,not_affected,rxnhaystack-human-1.6.0,6,0.0,43296,2751,46047,146.49716520868242,10.43952858634293,219.9280265569687,404.39453125,matched-qwen3.5-397b-tier3-task24-scale-x50000-k1-r01,2026-09-24T06:31:48.265783+00:00,jed19-accel-qwen-matched-accelerated-s06;jed19-qwen-swiss-s03
matched_cardinality,matched-provisional,RCP-AIaaS/Qwen/Qwen3.5-397B-A17B,Qwen 3.5,50000,scale-x50000-k1,3,tier3/task24,2,1,succeeded,1.0,True,1.0,not_affected,rxnhaystack-human-1.6.0,8,0.0,66207,3649,69856,223.8719101920724,10.551984986290336,229.3694256171584,416.06640625,matched-qwen3.5-397b-tier3-task24-scale-x50000-k1-r02,2026-09-24T07:10:29.076523+00:00,jed19-accel-qwen-matched-accelerated-s07;jed19-qwen-swiss-s04
matched_cardinality,matched-provisional,RCP-AIaaS/Qwen/Qwen3.5-397B-A17B,Qwen 3.5,50000,scale-x50000-k1,3,tier3/task24,3,1,succeeded,1.0,True,1.0,not_affected,rxnhaystack-human-1.6.0,9,0.0,75553,3862,79415,348.4657144676894,10.009919868782163,354.00113447755575,396.35546875,matched-qwen3.5-397b-tier3-task24-scale-x50000-k1-r03,2026-09-24T13:19:03.071862+00:00,jed19-accel-qwen-matched-accelerated-s08;jed19-qwen-swiss-s01
matched_cardinality,matched-provisional,RCP-AIaaS/Qwen/Qwen3.5-397B-A17B,Qwen 3.5,50000,scale-x50000-k1,3,tier3/task24,4,1,failed,,False,,not_affected,rxnhaystack-human-1.6.0,,,,,,,,,,matched-qwen3.5-397b-tier3-task24-scale-x50000-k1-r04,2026-09-24T14:33:38.168672+00:00,jed19-accel-qwen-matched-accelerated-s09;jed19-qwen-swiss-s02
matched_cardinality,matched-provisional,RCP-AIaaS/Qwen/Qwen3.5-397B-A17B,Qwen 3.5,50000,scale-x50000-k1,3,tier3/task24,5,1,succeeded,1.0,True,1.0,not_affected,rxnhaystack-human-1.6.0,10,0.0,98365,4095,102460,212.40213519334793,21.88785657286644,219.8077606987208,396.3671875,matched-qwen3.5-397b-tier3-task24-scale-x50000-k1-r05,2026-09-24T06:36:54.743279+00:00,jed19-accel-qwen-matched-accelerated-s10;jed19-qwen-swiss-s03
matched_cardinality,matched-provisional,RCP-AIaaS/Qwen/Qwen3.5-397B-A17B,Qwen 3.5,full,scale-xfull-k1,3,tier3/task24,1,1,succeeded,1.0,True,1.0,not_affected,rxnhaystack-human-1.6.0,12,0.0,156507,6609,163116,338.0684241745621,25.04149572364986,343.98143025673926,446.46484375,matched-qwen3.5-397b-tier3-task24-scale-xfull-k1-r01,2026-09-24T07:16:13.566257+00:00,jed19-accel-qwen-matched-accelerated-s11;jed19-qwen-swiss-s04
matched_cardinality,matched-provisional,RCP-AIaaS/Qwen/Qwen3.5-397B-A17B,Qwen 3.5,full,scale-xfull-k1,3,tier3/task24,2,1,failed,,False,,not_affected,rxnhaystack-human-1.6.0,,,,,,,,,,matched-qwen3.5-397b-tier3-task24-scale-xfull-k1-r02,2026-09-24T13:24:13.596534+00:00,jed19-accel-qwen-matched-accelerated-s12;jed19-qwen-swiss-s01
matched_cardinality,matched-provisional,RCP-AIaaS/Qwen/Qwen3.5-397B-A17B,Qwen 3.5,full,scale-xfull-k1,3,tier3/task24,3,1,failed,,False,,not_affected,rxnhaystack-human-1.6.0,,,,,,,,,,matched-qwen3.5-397b-tier3-task24-scale-xfull-k1-r03,2026-09-24T14:41:58.140107+00:00,jed19-accel-qwen-matched-accelerated-s13;jed19-qwen-swiss-s02
matched_cardinality,matched-provisional,RCP-AIaaS/Qwen/Qwen3.5-397B-A17B,Qwen 3.5,full,scale-xfull-k1,3,tier3/task24,4,1,succeeded,1.0,True,1.0,not_affected,rxnhaystack-human-1.6.0,16,0.0,255413,8594,264007,561.7670854441822,74.02839004807174,567.7599004004151,445.03125,matched-qwen3.5-397b-tier3-task24-scale-xfull-k1-r04,2026-09-24T06:46:23.174974+00:00,jed19-accel-qwen-matched-accelerated-s14;jed19-qwen-swiss-s03
matched_cardinality,matched-provisional,RCP-AIaaS/Qwen/Qwen3.5-397B-A17B,Qwen 3.5,full,scale-xfull-k1,3,tier3/task24,5,1,succeeded,1.0,True,1.0,not_affected,rxnhaystack-human-1.6.0,19,0.0,271514,8525,280039,625.6395603641868,119.89499676600099,822.7567443866283,455.4453125,matched-qwen3.5-397b-tier3-task24-scale-xfull-k1-r05,2026-09-24T07:29:56.896207+00:00,jed19-accel-qwen-matched-accelerated-s15;jed19-qwen-swiss-s04
matched_cardinality,matched-provisional,RCP-AIaaS/Qwen/Qwen3.5-397B-A17B,Qwen 3.5,5000,cardinality-x5000-k20,3,tier3/task6,1,4,failed,,False,,affected_without_historical_score,rxnhaystack-human-1.6.0,,,,,,,,,,matched-qwen3.5-397b-tier3-task6-cardinality-x5000-k20-r01,2026-09-24T13:54:30.025918+00:00,jed19-accel-qwen-matched-accelerated-s16;jed19-qwen-swiss-s01
matched_cardinality,matched-provisional,RCP-AIaaS/Qwen/Qwen3.5-397B-A17B,Qwen 3.5,5000,cardinality-x5000-k20,3,tier3/task6,2,4,succeeded,,False,0.41864716360345094,historical_score_invalidated,rxnhaystack-human-1.6.0,51,0.0,1010433,31924,1042357,2404.6289890371263,17.29012630879879,2480.4868631623685,401.61328125,matched-qwen3.5-397b-tier3-task6-cardinality-x5000-k20-r02,2026-09-24T15:23:19.139137+00:00,jed19-accel-qwen-matched-accelerated-s17;jed19-qwen-swiss-s02;ground-truth:rxnhaystack-ground-truth-2026-09-25-v2
matched_cardinality,matched-provisional,RCP-AIaaS/Qwen/Qwen3.5-397B-A17B,Qwen 3.5,5000,cardinality-x5000-k20,3,tier3/task6,3,4,succeeded,,False,0.3173253620542777,historical_score_invalidated,rxnhaystack-human-1.6.0,80,0.0,2367009,68726,2435735,3087.4817245043814,29.254725750535727,3103.0777581688017,418.58203125,matched-qwen3.5-397b-tier3-task6-cardinality-x5000-k20-r03,2026-09-24T07:38:06.874129+00:00,jed19-accel-qwen-matched-accelerated-s18;jed19-qwen-swiss-s03;ground-truth:rxnhaystack-ground-truth-2026-09-25-v2
matched_cardinality,matched-provisional,RCP-AIaaS/Qwen/Qwen3.5-397B-A17B,Qwen 3.5,5000,cardinality-x5000-k20,3,tier3/task6,4,4,succeeded,0.4834931858057182,True,0.5104082996773539,corrected_exact_rescore,rxnhaystack-human-1.6.0,79,0.0,2383985,68628,2452613,3417.4023550320417,47.164286537095904,3423.692481249571,398.5703125,matched-qwen3.5-397b-tier3-task6-cardinality-x5000-k20-r04,2026-09-24T08:27:01.181234+00:00,jed19-accel-qwen-matched-accelerated-s19;jed19-qwen-swiss-s04;ground-truth:rxnhaystack-ground-truth-2026-09-25-v2;corrected-score-recovery:rxnhaystack-corrected-score-recovery-2026-09-25-v1
matched_cardinality,matched-provisional,RCP-AIaaS/Qwen/Qwen3.5-397B-A17B,Qwen 3.5,5000,cardinality-x5000-k20,3,tier3/task6,5,4,failed,,False,,affected_without_historical_score,rxnhaystack-human-1.6.0,,,,,,,,,,matched-qwen3.5-397b-tier3-task6-cardinality-x5000-k20-r05,2026-09-24T14:00:04.538361+00:00,jed19-accel-qwen-matched-accelerated-s20;jed19-qwen-swiss-s01
matched_cardinality,matched-provisional,RCP-AIaaS/Qwen/Qwen3.5-397B-A17B,Qwen 3.5,5000,cardinality-x5000-k5,3,tier3/task6,1,4,succeeded,0.20027894736842106,True,0.20026761819803746,corrected_exact_rescore,rxnhaystack-human-1.6.0,74,0.0,1885507,63892,1949399,3610.027104075998,21.660393683239818,3615.8944175578654,413.05078125,matched-qwen3.5-397b-tier3-task6-cardinality-x5000-k5-r01,2026-09-24T16:26:39.099442+00:00,jed19-accel-qwen-matched-accelerated-s01;jed19-qwen-swiss-s02;ground-truth:rxnhaystack-ground-truth-2026-09-25-v2;corrected-score-recovery:rxnhaystack-corrected-score-recovery-2026-09-25-v1
matched_cardinality,matched-provisional,RCP-AIaaS/Qwen/Qwen3.5-397B-A17B,Qwen 3.5,5000,cardinality-x5000-k5,3,tier3/task6,2,4,succeeded,0.1692030303030303,True,0.1691919191919192,corrected_exact_rescore,rxnhaystack-human-1.6.0,72,0.0,2007610,69252,2076862,3243.973959064111,35.16556064784527,3250.1394444555044,400.25390625,matched-qwen3.5-397b-tier3-task6-cardinality-x5000-k5-r02,2026-09-24T08:32:17.546668+00:00,jed19-accel-qwen-matched-accelerated-s02;jed19-qwen-swiss-s03;ground-truth:rxnhaystack-ground-truth-2026-09-25-v2;corrected-score-recovery:rxnhaystack-corrected-score-recovery-2026-09-25-v1
matched_cardinality,matched-provisional,RCP-AIaaS/Qwen/Qwen3.5-397B-A17B,Qwen 3.5,5000,cardinality-x5000-k5,3,tier3/task6,3,4,succeeded,0.17857142857142858,True,0.17857142857142858,corrected_exact_rescore,rxnhaystack-human-1.6.0,120,0.0,4681671,127208,4808879,5607.858348971233,82.02410757914186,5613.85382820107,453.5234375,matched-qwen3.5-397b-tier3-task6-cardinality-x5000-k5-r03,2026-09-24T10:00:35.628430+00:00,jed19-accel-qwen-matched-accelerated-s03;jed19-qwen-swiss-s04;ground-truth:rxnhaystack-ground-truth-2026-09-25-v2;corrected-score-recovery:rxnhaystack-corrected-score-recovery-2026-09-25-v1
matched_cardinality,matched-provisional,RCP-AIaaS/Qwen/Qwen3.5-397B-A17B,Qwen 3.5,5000,cardinality-x5000-k5,3,tier3/task6,4,4,failed,,False,,affected_without_historical_score,rxnhaystack-human-1.6.0,,,,,,,,,,matched-qwen3.5-397b-tier3-task6-cardinality-x5000-k5-r04,2026-09-24T14:26:40.152653+00:00,jed19-accel-qwen-matched-accelerated-s04;jed19-qwen-swiss-s01
matched_cardinality,matched-provisional,RCP-AIaaS/Qwen/Qwen3.5-397B-A17B,Qwen 3.5,5000,cardinality-x5000-k5,3,tier3/task6,5,4,succeeded,0.189925,True,0.18992312081015544,corrected_exact_rescore,rxnhaystack-human-1.6.0,69,0.0,1903181,50552,1953733,3001.985933410004,15.900363931432366,3068.9306782651693,389.46875,matched-qwen3.5-397b-tier3-task6-cardinality-x5000-k5-r05,2026-09-24T17:18:55.305598+00:00,jed19-accel-qwen-matched-accelerated-s05;jed19-qwen-swiss-s02;ground-truth:rxnhaystack-ground-truth-2026-09-25-v2;corrected-score-recovery:rxnhaystack-corrected-score-recovery-2026-09-25-v1
matched_cardinality,matched-provisional,RCP-AIaaS/Qwen/Qwen3.5-397B-A17B,Qwen 3.5,100,scale-x100-k1,3,tier3/task6,1,4,succeeded,0.6287878787878787,True,0.6287878787878787,corrected_exact_rescore,rxnhaystack-human-1.6.0,65,0.0,1765662,55970,1821632,2736.9147425275296,0.8343611694872379,2742.632707418874,382.15625,matched-qwen3.5-397b-tier3-task6-scale-x100-k1-r01,2026-09-24T09:19:09.875640+00:00,jed19-accel-qwen-matched-accelerated-s06;jed19-qwen-swiss-s03;ground-truth:rxnhaystack-ground-truth-2026-09-25-v2;corrected-score-recovery:rxnhaystack-corrected-score-recovery-2026-09-25-v1
matched_cardinality,matched-provisional,RCP-AIaaS/Qwen/Qwen3.5-397B-A17B,Qwen 3.5,100,scale-x100-k1,3,tier3/task6,2,4,succeeded,0.488095238095238,True,0.488095238095238,corrected_exact_rescore,rxnhaystack-human-1.6.0,81,0.0,2723834,76006,2799840,3073.608826952055,1.2161185406148434,3080.2208890449256,388.53125,matched-qwen3.5-397b-tier3-task6-scale-x100-k1-r02,2026-09-24T10:51:56.541157+00:00,jed19-accel-qwen-matched-accelerated-s07;jed19-qwen-swiss-s04;ground-truth:rxnhaystack-ground-truth-2026-09-25-v2;corrected-score-recovery:rxnhaystack-corrected-score-recovery-2026-09-25-v1
matched_cardinality,matched-provisional,RCP-AIaaS/Qwen/Qwen3.5-397B-A17B,Qwen 3.5,100,scale-x100-k1,3,tier3/task6,3,4,failed,,False,,affected_without_historical_score,rxnhaystack-human-1.6.0,,,,,,,,,,matched-qwen3.5-397b-tier3-task6-scale-x100-k1-r03,2026-09-24T14:33:26.305595+00:00,jed19-accel-qwen-matched-accelerated-s08;jed19-qwen-swiss-s01
matched_cardinality,matched-provisional,RCP-AIaaS/Qwen/Qwen3.5-397B-A17B,Qwen 3.5,100,scale-x100-k1,3,tier3/task6,4,4,succeeded,0.7051282051282051,True,0.7051282051282051,corrected_exact_rescore,rxnhaystack-human-1.6.0,60,0.0,1562162,55760,1617922,3651.6314852312207,0.6779809780418873,3676.556084545329,371.6015625,matched-qwen3.5-397b-tier3-task6-scale-x100-k1-r04,2026-09-24T18:21:01.887713+00:00,jed19-accel-qwen-matched-accelerated-s09;jed19-qwen-swiss-s02;ground-truth:rxnhaystack-ground-truth-2026-09-25-v2;corrected-score-recovery:rxnhaystack-corrected-score-recovery-2026-09-25-v1
matched_cardinality,matched-provisional,RCP-AIaaS/Qwen/Qwen3.5-397B-A17B,Qwen 3.5,100,scale-x100-k1,3,tier3/task6,5,4,succeeded,0.6458333333333333,True,0.6458333333333333,corrected_exact_rescore,rxnhaystack-human-1.6.0,71,0.0,2482652,69836,2552488,3111.606306700036,1.0145491547882557,3129.592322545126,385.41015625,matched-qwen3.5-397b-tier3-task6-scale-x100-k1-r05,2026-09-24T10:12:01.629052+00:00,jed19-accel-qwen-matched-accelerated-s10;jed19-qwen-swiss-s03;ground-truth:rxnhaystack-ground-truth-2026-09-25-v2;corrected-score-recovery:rxnhaystack-corrected-score-recovery-2026-09-25-v1
matched_cardinality,matched-provisional,RCP-AIaaS/Qwen/Qwen3.5-397B-A17B,Qwen 3.5,500,scale-x500-k1,3,tier3/task6,1,4,succeeded,0.272725,True,0.2727272727272727,corrected_exact_rescore,rxnhaystack-human-1.6.0,67,0.0,1995877,60711,2056588,2707.4978097435087,4.258690247312188,2713.9421787820756,372.5703125,matched-qwen3.5-397b-tier3-task6-scale-x500-k1-r01,2026-09-24T11:37:11.043003+00:00,jed19-accel-qwen-matched-accelerated-s11;jed19-qwen-swiss-s04;ground-truth:rxnhaystack-ground-truth-2026-09-25-v2;corrected-score-recovery:rxnhaystack-corrected-score-recovery-2026-09-25-v1
matched_cardinality,matched-provisional,RCP-AIaaS/Qwen/Qwen3.5-397B-A17B,Qwen 3.5,500,scale-x500-k1,3,tier3/task6,2,4,failed,,False,,affected_without_historical_score,rxnhaystack-human-1.6.0,,,,,,,,,,matched-qwen3.5-397b-tier3-task6-scale-x500-k1-r02,2026-09-24T14:42:08.876968+00:00,jed19-accel-qwen-matched-accelerated-s12;jed19-qwen-swiss-s01
matched_cardinality,matched-provisional,RCP-AIaaS/Qwen/Qwen3.5-397B-A17B,Qwen 3.5,500,scale-x500-k1,3,tier3/task6,3,4,succeeded,0.3580391304347826,True,0.35804865424430643,corrected_exact_rescore,rxnhaystack-human-1.6.0,50,0.0,737531,34478,772009,2337.954968895763,2.5419122148305178,2343.661016393453,377.99609375,matched-qwen3.5-397b-tier3-task6-scale-x500-k1-r03,2026-09-24T19:00:06.249409+00:00,jed19-accel-qwen-matched-accelerated-s13;jed19-qwen-swiss-s02;ground-truth:rxnhaystack-ground-truth-2026-09-25-v2;corrected-score-recovery:rxnhaystack-corrected-score-recovery-2026-09-25-v1
matched_cardinality,matched-provisional,RCP-AIaaS/Qwen/Qwen3.5-397B-A17B,Qwen 3.5,500,scale-x500-k1,3,tier3/task6,4,4,succeeded,0.36110833333333336,True,0.36111111111111116,corrected_exact_rescore,rxnhaystack-human-1.6.0,55,0.0,974572,48845,1023417,2070.800991849974,2.1008913330733776,2123.7371781915426,384.2734375,matched-qwen3.5-397b-tier3-task6-scale-x500-k1-r04,2026-09-24T10:47:29.407581+00:00,jed19-accel-qwen-matched-accelerated-s14;jed19-qwen-swiss-s03;ground-truth:rxnhaystack-ground-truth-2026-09-25-v2;corrected-score-recovery:rxnhaystack-corrected-score-recovery-2026-09-25-v1
matched_cardinality,matched-provisional,RCP-AIaaS/Qwen/Qwen3.5-397B-A17B,Qwen 3.5,500,scale-x500-k1,3,tier3/task6,5,4,failed,,False,,affected_without_historical_score,rxnhaystack-human-1.6.0,,,,,,,,,,matched-qwen3.5-397b-tier3-task6-scale-x500-k1-r05,2026-09-24T11:49:20.630086+00:00,jed19-accel-qwen-matched-accelerated-s15;jed19-qwen-swiss-s04
matched_cardinality,matched-provisional,RCP-AIaaS/Qwen/Qwen3.5-397B-A17B,Qwen 3.5,5000,scale-x5000-k1,3,tier3/task6,1,4,succeeded,0.09145555555555555,True,0.0914703540566403,corrected_exact_rescore,rxnhaystack-human-1.6.0,76,0.0,2316492,66893,2383385,4150.1292288042605,26.92527594976127,4175.19099910371,419.0234375,matched-qwen3.5-397b-tier3-task6-scale-x5000-k1-r01,2026-09-24T15:51:44.637157+00:00,jed19-accel-qwen-matched-accelerated-s16;jed19-qwen-swiss-s01;ground-truth:rxnhaystack-ground-truth-2026-09-25-v2;corrected-score-recovery:rxnhaystack-corrected-score-recovery-2026-09-25-v1
matched_cardinality,matched-provisional,RCP-AIaaS/Qwen/Qwen3.5-397B-A17B,Qwen 3.5,5000,scale-x5000-k1,3,tier3/task6,2,4,succeeded,0.06926993006993008,True,0.06928561634443989,corrected_exact_rescore,rxnhaystack-human-1.6.0,71,0.0,1918903,53573,1972476,3642.4049659948796,26.194225162267685,3688.263131616637,412.43359375,matched-qwen3.5-397b-tier3-task6-scale-x5000-k1-r02,2026-09-24T20:01:35.320038+00:00,jed19-accel-qwen-matched-accelerated-s17;jed19-qwen-swiss-s02;ground-truth:rxnhaystack-ground-truth-2026-09-25-v2;corrected-score-recovery:rxnhaystack-corrected-score-recovery-2026-09-25-v1
matched_cardinality,matched-provisional,RCP-AIaaS/Qwen/Qwen3.5-397B-A17B,Qwen 3.5,5000,scale-x5000-k1,3,tier3/task6,3,4,succeeded,0.08169456521739131,True,0.08170289855072464,corrected_exact_rescore,rxnhaystack-human-1.6.0,63,0.0,1706600,55675,1762275,2558.846672313288,35.18799554929137,2564.8797100875527,396.57421875,matched-qwen3.5-397b-tier3-task6-scale-x5000-k1-r03,2026-09-24T11:32:10.789550+00:00,jed19-accel-qwen-matched-accelerated-s18;jed19-qwen-swiss-s03;ground-truth:rxnhaystack-ground-truth-2026-09-25-v2;corrected-score-recovery:rxnhaystack-corrected-score-recovery-2026-09-25-v1
matched_cardinality,matched-provisional,RCP-AIaaS/Qwen/Qwen3.5-397B-A17B,Qwen 3.5,5000,scale-x5000-k1,3,tier3/task6,4,4,failed,,False,,affected_without_historical_score,rxnhaystack-human-1.6.0,,,,,,,,,,matched-qwen3.5-397b-tier3-task6-scale-x5000-k1-r04,2026-09-24T11:54:28.218123+00:00,jed19-accel-qwen-matched-accelerated-s19;jed19-qwen-swiss-s04
matched_cardinality,matched-provisional,RCP-AIaaS/Qwen/Qwen3.5-397B-A17B,Qwen 3.5,5000,scale-x5000-k1,3,tier3/task6,5,4,succeeded,0.08745,True,0.08745543672014261,corrected_exact_rescore,rxnhaystack-human-1.6.0,87,0.0,2806150,91718,2897868,4983.171994537115,34.01343625038862,4998.962415853515,401.15625,matched-qwen3.5-397b-tier3-task6-scale-x5000-k1-r05,2026-09-24T17:16:13.793786+00:00,jed19-accel-qwen-matched-accelerated-s20;jed19-qwen-swiss-s01;ground-truth:rxnhaystack-ground-truth-2026-09-25-v2;corrected-score-recovery:rxnhaystack-corrected-score-recovery-2026-09-25-v1
matched_cardinality,matched-provisional,RCP-AIaaS/Qwen/Qwen3.5-397B-A17B,Qwen 3.5,50000,scale-x50000-k1,3,tier3/task6,1,4,succeeded,0.011975505050505052,True,0.011976936631707078,corrected_exact_rescore,rxnhaystack-human-1.6.0,80,0.0,2196398,59108,2255506,4044.074435606599,141.02069781906903,4050.5423158220947,518.50390625,matched-qwen3.5-397b-tier3-task6-scale-x50000-k1-r01,2026-09-24T21:09:06.432914+00:00,jed19-accel-qwen-matched-accelerated-s01;jed19-qwen-swiss-s02;ground-truth:rxnhaystack-ground-truth-2026-09-25-v2;corrected-score-recovery:rxnhaystack-corrected-score-recovery-2026-09-25-v1
matched_cardinality,matched-provisional,RCP-AIaaS/Qwen/Qwen3.5-397B-A17B,Qwen 3.5,50000,scale-x50000-k1,3,tier3/task6,2,4,failed,,False,,affected_without_historical_score,rxnhaystack-human-1.6.0,,,,,,,,,,matched-qwen3.5-397b-tier3-task6-scale-x50000-k1-r02,2026-09-24T11:49:10.795246+00:00,jed19-accel-qwen-matched-accelerated-s02;jed19-qwen-swiss-s03
matched_cardinality,matched-provisional,RCP-AIaaS/Qwen/Qwen3.5-397B-A17B,Qwen 3.5,50000,scale-x50000-k1,3,tier3/task6,3,4,failed,,False,,affected_without_historical_score,rxnhaystack-human-1.6.0,,,,,,,,,,matched-qwen3.5-397b-tier3-task6-scale-x50000-k1-r03,2026-09-24T12:01:26.750783+00:00,jed19-accel-qwen-matched-accelerated-s03;jed19-qwen-swiss-s04
matched_cardinality,matched-provisional,RCP-AIaaS/Qwen/Qwen3.5-397B-A17B,Qwen 3.5,50000,scale-x50000-k1,3,tier3/task6,4,4,succeeded,0.0076749999999999995,True,0.007677641634857496,corrected_exact_rescore,rxnhaystack-human-1.6.0,59,0.0,1302473,44803,1347276,3229.532817464322,98.73353593423963,3246.265329811722,511.28125,matched-qwen3.5-397b-tier3-task6-scale-x50000-k1-r04,2026-09-24T18:10:26.732809+00:00,jed19-accel-qwen-matched-accelerated-s04;jed19-qwen-swiss-s01;ground-truth:rxnhaystack-ground-truth-2026-09-25-v2;corrected-score-recovery:rxnhaystack-corrected-score-recovery-2026-09-25-v1
matched_cardinality,matched-provisional,RCP-AIaaS/Qwen/Qwen3.5-397B-A17B,Qwen 3.5,50000,scale-x50000-k1,3,tier3/task6,5,4,succeeded,0.00475,True,0.004758579166240085,corrected_exact_rescore,rxnhaystack-human-1.6.0,57,0.0,959746,32426,992172,2141.357306264341,69.30358959548175,2216.6767197586596,565.8671875,matched-qwen3.5-397b-tier3-task6-scale-x50000-k1-r05,2026-09-24T21:46:03.623588+00:00,jed19-accel-qwen-matched-accelerated-s05;jed19-qwen-swiss-s02;ground-truth:rxnhaystack-ground-truth-2026-09-25-v2;corrected-score-recovery:rxnhaystack-corrected-score-recovery-2026-09-25-v1
matched_cardinality,matched-provisional,RCP-AIaaS/Qwen/Qwen3.5-397B-A17B,Qwen 3.5,full,scale-xfull-k1,3,tier3/task6,1,4,failed,,False,,affected_without_historical_score,rxnhaystack-human-1.6.0,,,,,,,,,,matched-qwen3.5-397b-tier3-task6-scale-xfull-k1-r01,2026-09-24T11:54:17.909408+00:00,jed19-accel-qwen-matched-accelerated-s06;jed19-qwen-swiss-s03
matched_cardinality,matched-provisional,RCP-AIaaS/Qwen/Qwen3.5-397B-A17B,Qwen 3.5,full,scale-xfull-k1,3,tier3/task6,2,4,failed,,False,,affected_without_historical_score,rxnhaystack-human-1.6.0,,,,,,,,,,matched-qwen3.5-397b-tier3-task6-scale-xfull-k1-r02,2026-09-24T12:06:34.216406+00:00,jed19-accel-qwen-matched-accelerated-s07;jed19-qwen-swiss-s04
matched_cardinality,matched-provisional,RCP-AIaaS/Qwen/Qwen3.5-397B-A17B,Qwen 3.5,full,scale-xfull-k1,3,tier3/task6,3,4,succeeded,0.001475,True,0.001466275659824047,corrected_exact_rescore,rxnhaystack-human-1.6.0,65,0.0,1495565,46254,1541819,3813.7809035629034,534.3348486218601,3819.5049502514303,884.16796875,matched-qwen3.5-397b-tier3-task6-scale-xfull-k1-r03,2026-09-24T19:14:06.776853+00:00,jed19-accel-qwen-matched-accelerated-s08;jed19-qwen-swiss-s01;ground-truth:rxnhaystack-ground-truth-2026-09-25-v2;corrected-score-recovery:rxnhaystack-corrected-score-recovery-2026-09-25-v1
matched_cardinality,matched-provisional,RCP-AIaaS/Qwen/Qwen3.5-397B-A17B,Qwen 3.5,full,scale-xfull-k1,3,tier3/task6,4,4,succeeded,0.003425,True,0.003424243198878791,corrected_exact_rescore,rxnhaystack-human-1.6.0,64,0.0,1464220,40540,1504760,2844.3609816096723,208.44399012997746,2891.446825414896,837.9296875,matched-qwen3.5-397b-tier3-task6-scale-xfull-k1-r04,2026-09-24T22:35:05.347966+00:00,jed19-accel-qwen-matched-accelerated-s09;jed19-qwen-swiss-s02;ground-truth:rxnhaystack-ground-truth-2026-09-25-v2;corrected-score-recovery:rxnhaystack-corrected-score-recovery-2026-09-25-v1
matched_cardinality,matched-provisional,RCP-AIaaS/Qwen/Qwen3.5-397B-A17B,Qwen 3.5,full,scale-xfull-k1,3,tier3/task6,5,4,failed,,False,,affected_without_historical_score,rxnhaystack-human-1.6.0,,,,,,,,,,matched-qwen3.5-397b-tier3-task6-scale-xfull-k1-r05,2026-09-24T12:01:47.465400+00:00,jed19-accel-qwen-matched-accelerated-s10;jed19-qwen-swiss-s03
matched_cardinality,matched-provisional,RCP-AIaaS/Qwen/Qwen3.5-397B-A17B,Qwen 3.5,5000,cardinality-x5000-k20,3,tier3/task7,1,5,succeeded,,False,0.7016020671834624,historical_score_invalidated,rxnhaystack-human-1.6.0,79,0.0,1577994,55032,1633026,3566.395984267816,29.401188718155026,3572.0499335024506,407.06640625,matched-qwen3.5-397b-tier3-task7-cardinality-x5000-k20-r01,2026-09-24T13:06:06.810432+00:00,jed19-accel-qwen-matched-accelerated-s11;jed19-qwen-swiss-s04;ground-truth:rxnhaystack-ground-truth-2026-09-25-v2
matched_cardinality,matched-provisional,RCP-AIaaS/Qwen/Qwen3.5-397B-A17B,Qwen 3.5,5000,cardinality-x5000-k20,3,tier3/task7,2,5,succeeded,,False,0.9108531765159549,historical_score_invalidated,rxnhaystack-human-1.6.0,74,0.0,1351019,47615,1398634,3340.3872322700918,22.15313925407827,3360.769016202539,418.625,matched-qwen3.5-397b-tier3-task7-cardinality-x5000-k20-r02,2026-09-24T20:10:39.743518+00:00,jed19-accel-qwen-matched-accelerated-s12;jed19-qwen-swiss-s01;ground-truth:rxnhaystack-ground-truth-2026-09-25-v2
matched_cardinality,matched-provisional,RCP-AIaaS/Qwen/Qwen3.5-397B-A17B,Qwen 3.5,5000,cardinality-x5000-k20,3,tier3/task7,3,5,succeeded,,False,0.8457961349169517,historical_score_invalidated,rxnhaystack-human-1.6.0,76,0.0,1577252,61938,1639190,3750.3120136260986,36.286847377195954,3760.030136132613,419.8046875,matched-qwen3.5-397b-tier3-task7-cardinality-x5000-k20-r03,2026-09-24T23:37:45.915096+00:00,jed19-accel-qwen-matched-accelerated-s13;jed19-qwen-swiss-s02;ground-truth:rxnhaystack-ground-truth-2026-09-25-v2
matched_cardinality,matched-provisional,RCP-AIaaS/Qwen/Qwen3.5-397B-A17B,Qwen 3.5,5000,cardinality-x5000-k20,3,tier3/task7,4,5,failed,,False,,affected_without_historical_score,rxnhaystack-human-1.6.0,,,,,,,,,,matched-qwen3.5-397b-tier3-task7-cardinality-x5000-k20-r04,2026-09-24T12:06:54.611135+00:00,jed19-accel-qwen-matched-accelerated-s14;jed19-qwen-swiss-s03
matched_cardinality,matched-provisional,RCP-AIaaS/Qwen/Qwen3.5-397B-A17B,Qwen 3.5,5000,cardinality-x5000-k20,3,tier3/task7,5,5,failed,,False,,affected_without_historical_score,rxnhaystack-human-1.6.0,,,,,,,,,,matched-qwen3.5-397b-tier3-task7-cardinality-x5000-k20-r05,2026-09-24T13:19:26.974231+00:00,jed19-accel-qwen-matched-accelerated-s15;jed19-qwen-swiss-s04
matched_cardinality,matched-provisional,RCP-AIaaS/Qwen/Qwen3.5-397B-A17B,Qwen 3.5,5000,cardinality-x5000-k5,3,tier3/task7,1,5,succeeded,0.8351515151515152,True,0.7913419913419913,corrected_exact_rescore,rxnhaystack-human-1.6.0,78,0.0,1429173,59100,1488273,3909.1099475994706,21.528707588091493,3961.9717267584056,390.64453125,matched-qwen3.5-397b-tier3-task7-cardinality-x5000-k5-r01,2026-09-24T21:16:59.375848+00:00,jed19-accel-qwen-matched-accelerated-s16;jed19-qwen-swiss-s01;ground-truth:rxnhaystack-ground-truth-2026-09-25-v2;corrected-score-recovery:rxnhaystack-corrected-score-recovery-2026-09-25-v1
matched_cardinality,matched-provisional,RCP-AIaaS/Qwen/Qwen3.5-397B-A17B,Qwen 3.5,5000,cardinality-x5000-k5,3,tier3/task7,2,5,succeeded,0.6393547252747254,True,0.595099715099715,corrected_exact_rescore,rxnhaystack-human-1.6.0,97,0.0,2647459,92345,2739804,5573.108328655362,83.12746162898839,5583.545270219445,459.4453125,matched-qwen3.5-397b-tier3-task7-cardinality-x5000-k5-r02,2026-09-25T01:11:11.505198+00:00,jed19-accel-qwen-matched-accelerated-s17;jed19-qwen-swiss-s02;ground-truth:rxnhaystack-ground-truth-2026-09-25-v2;corrected-score-recovery:rxnhaystack-corrected-score-recovery-2026-09-25-v1
matched_cardinality,matched-provisional,RCP-AIaaS/Qwen/Qwen3.5-397B-A17B,Qwen 3.5,5000,cardinality-x5000-k5,3,tier3/task7,3,5,succeeded,0.716927386339151,True,0.6740842490842491,corrected_exact_rescore,rxnhaystack-human-1.6.0,72,0.0,1564723,59053,1623776,3322.1312064155936,37.06055791862309,3337.3216122407466,455.97265625,matched-qwen3.5-397b-tier3-task7-cardinality-x5000-k5-r03,2026-09-24T13:02:32.442375+00:00,jed19-accel-qwen-matched-accelerated-s18;jed19-qwen-swiss-s03;ground-truth:rxnhaystack-ground-truth-2026-09-25-v2;corrected-score-recovery:rxnhaystack-corrected-score-recovery-2026-09-25-v1
matched_cardinality,matched-provisional,RCP-AIaaS/Qwen/Qwen3.5-397B-A17B,Qwen 3.5,5000,cardinality-x5000-k5,3,tier3/task7,4,5,failed,,False,,affected_without_historical_score,rxnhaystack-human-1.6.0,,,,,,,,,,matched-qwen3.5-397b-tier3-task7-cardinality-x5000-k5-r04,2026-09-24T13:54:17.056756+00:00,jed19-accel-qwen-matched-accelerated-s19;jed19-qwen-swiss-s04
matched_cardinality,matched-provisional,RCP-AIaaS/Qwen/Qwen3.5-397B-A17B,Qwen 3.5,5000,cardinality-x5000-k5,3,tier3/task7,5,5,succeeded,0.4594561497326204,True,0.4401515151515151,corrected_exact_rescore,rxnhaystack-human-1.6.0,92,0.0,2641390,75455,2716845,4627.030091000721,32.09788463637233,4633.019276222214,388.10546875,matched-qwen3.5-397b-tier3-task7-cardinality-x5000-k5-r05,2026-09-24T22:36:02.659123+00:00,jed19-accel-qwen-matched-accelerated-s20;jed19-qwen-swiss-s01;ground-truth:rxnhaystack-ground-truth-2026-09-25-v2;corrected-score-recovery:rxnhaystack-corrected-score-recovery-2026-09-25-v1
matched_cardinality,matched-provisional,RCP-AIaaS/Qwen/Qwen3.5-397B-A17B,Qwen 3.5,100,scale-x100-k1,3,tier3/task7,1,5,succeeded,0.9333333333333333,True,0.9333333333333333,corrected_exact_rescore,rxnhaystack-human-1.6.0,68,0.0,1373217,46542,1419759,2880.2189823109657,0.8347646743059158,2943.786242345348,387.98828125,matched-qwen3.5-397b-tier3-task7-scale-x100-k1-r01,2026-09-25T02:01:00.714131+00:00,jed19-accel-qwen-matched-accelerated-s01;jed19-qwen-swiss-s02;ground-truth:rxnhaystack-ground-truth-2026-09-25-v2;corrected-score-recovery:rxnhaystack-corrected-score-recovery-2026-09-25-v1
matched_cardinality,matched-provisional,RCP-AIaaS/Qwen/Qwen3.5-397B-A17B,Qwen 3.5,100,scale-x100-k1,3,tier3/task7,2,5,succeeded,0.9333333333333333,True,0.9333333333333333,corrected_exact_rescore,rxnhaystack-human-1.6.0,53,0.0,837273,31693,868966,2167.091419864446,0.5537373460829258,2172.5067641437054,370.03515625,matched-qwen3.5-397b-tier3-task7-scale-x100-k1-r02,2026-09-24T13:38:45.488964+00:00,jed19-accel-qwen-matched-accelerated-s02;jed19-qwen-swiss-s03;ground-truth:rxnhaystack-ground-truth-2026-09-25-v2;corrected-score-recovery:rxnhaystack-corrected-score-recovery-2026-09-25-v1
matched_cardinality,matched-provisional,RCP-AIaaS/Qwen/Qwen3.5-397B-A17B,Qwen 3.5,100,scale-x100-k1,3,tier3/task7,3,5,failed,,False,,affected_without_historical_score,rxnhaystack-human-1.6.0,,,,,,,,,,matched-qwen3.5-397b-tier3-task7-scale-x100-k1-r03,2026-09-24T13:59:33.120810+00:00,jed19-accel-qwen-matched-accelerated-s03;jed19-qwen-swiss-s04
matched_cardinality,matched-provisional,RCP-AIaaS/Qwen/Qwen3.5-397B-A17B,Qwen 3.5,100,scale-x100-k1,3,tier3/task7,4,5,succeeded,0.9333333333333333,True,0.9333333333333333,corrected_exact_rescore,rxnhaystack-human-1.6.0,60,0.0,1011622,49889,1061511,2936.166404137388,0.8310318812727928,2994.0270502921194,393.08984375,matched-qwen3.5-397b-tier3-task7-scale-x100-k1-r04,2026-09-24T23:25:57.171216+00:00,jed19-accel-qwen-matched-accelerated-s04;jed19-qwen-swiss-s01;ground-truth:rxnhaystack-ground-truth-2026-09-25-v2;corrected-score-recovery:rxnhaystack-corrected-score-recovery-2026-09-25-v1
matched_cardinality,matched-provisional,RCP-AIaaS/Qwen/Qwen3.5-397B-A17B,Qwen 3.5,100,scale-x100-k1,3,tier3/task7,5,5,succeeded,0.9333333333333333,True,0.9333333333333333,corrected_exact_rescore,rxnhaystack-human-1.6.0,62,0.0,1101882,47638,1149520,2876.1941612232476,0.6434031594544649,2964.293727274984,373.78125,matched-qwen3.5-397b-tier3-task7-scale-x100-k1-r05,2026-09-25T02:51:10.467096+00:00,jed19-accel-qwen-matched-accelerated-s05;jed19-qwen-swiss-s02;ground-truth:rxnhaystack-ground-truth-2026-09-25-v2;corrected-score-recovery:rxnhaystack-corrected-score-recovery-2026-09-25-v1
matched_cardinality,matched-provisional,RCP-AIaaS/Qwen/Qwen3.5-397B-A17B,Qwen 3.5,500,scale-x500-k1,3,tier3/task7,1,5,failed,,False,,affected_without_historical_score,rxnhaystack-human-1.6.0,,,,,,,,,,matched-qwen3.5-397b-tier3-task7-scale-x500-k1-r01,2026-09-24T13:54:05.229529+00:00,jed19-accel-qwen-matched-accelerated-s06;jed19-qwen-swiss-s03
matched_cardinality,matched-provisional,RCP-AIaaS/Qwen/Qwen3.5-397B-A17B,Qwen 3.5,500,scale-x500-k1,3,tier3/task7,2,5,failed,,False,,affected_without_historical_score,rxnhaystack-human-1.6.0,,,,,,,,,,matched-qwen3.5-397b-tier3-task7-scale-x500-k1-r02,2026-09-24T14:25:53.003979+00:00,jed19-accel-qwen-matched-accelerated-s07;jed19-qwen-swiss-s04
matched_cardinality,matched-provisional,RCP-AIaaS/Qwen/Qwen3.5-397B-A17B,Qwen 3.5,500,scale-x500-k1,3,tier3/task7,3,5,succeeded,1.0,True,0.9333333333333332,corrected_exact_rescore,rxnhaystack-human-1.6.0,62,0.0,938908,47955,986863,2988.2431287448853,2.7391284853219986,3151.548434810713,393.9921875,matched-qwen3.5-397b-tier3-task7-scale-x500-k1-r03,2026-09-25T00:18:29.253441+00:00,jed19-accel-qwen-matched-accelerated-s08;jed19-qwen-swiss-s01;ground-truth:rxnhaystack-ground-truth-2026-09-25-v2;corrected-score-recovery:rxnhaystack-corrected-score-recovery-2026-09-25-v1
matched_cardinality,matched-provisional,RCP-AIaaS/Qwen/Qwen3.5-397B-A17B,Qwen 3.5,500,scale-x500-k1,3,tier3/task7,4,5,succeeded,1.0,True,0.9333333333333332,corrected_exact_rescore,rxnhaystack-human-1.6.0,57,0.0,870704,52793,923497,3056.0737748518586,2.2291881926357746,3062.285769291222,372.484375,matched-qwen3.5-397b-tier3-task7-scale-x500-k1-r04,2026-09-25T03:42:14.201614+00:00,jed19-accel-qwen-matched-accelerated-s09;jed19-qwen-swiss-s02;ground-truth:rxnhaystack-ground-truth-2026-09-25-v2;corrected-score-recovery:rxnhaystack-corrected-score-recovery-2026-09-25-v1
matched_cardinality,matched-provisional,RCP-AIaaS/Qwen/Qwen3.5-397B-A17B,Qwen 3.5,500,scale-x500-k1,3,tier3/task7,5,5,failed,,False,,affected_without_historical_score,rxnhaystack-human-1.6.0,,,,,,,,,,matched-qwen3.5-397b-tier3-task7-scale-x500-k1-r05,2026-09-24T13:59:22.474596+00:00,jed19-accel-qwen-matched-accelerated-s10;jed19-qwen-swiss-s03
matched_cardinality,matched-provisional,RCP-AIaaS/Qwen/Qwen3.5-397B-A17B,Qwen 3.5,5000,scale-x5000-k1,3,tier3/task7,1,5,failed,,False,,affected_without_historical_score,rxnhaystack-human-1.6.0,,,,,,,,,,matched-qwen3.5-397b-tier3-task7-scale-x5000-k1-r01,2026-09-24T14:33:18.941266+00:00,jed19-accel-qwen-matched-accelerated-s11;jed19-qwen-swiss-s04
matched_cardinality,matched-provisional,RCP-AIaaS/Qwen/Qwen3.5-397B-A17B,Qwen 3.5,5000,scale-x5000-k1,3,tier3/task7,2,5,succeeded,0.44333333333333336,True,0.34714285714285714,corrected_exact_rescore,rxnhaystack-human-1.6.0,104,0.0,3259808,113719,3373527,6749.6100684497505,67.63860967941582,6805.423663763329,453.5,matched-qwen3.5-397b-tier3-task7-scale-x5000-k1-r02,2026-09-25T02:13:45.957858+00:00,jed19-accel-qwen-matched-accelerated-s12;jed19-qwen-swiss-s01;ground-truth:rxnhaystack-ground-truth-2026-09-25-v2;corrected-score-recovery:rxnhaystack-corrected-score-recovery-2026-09-25-v1
matched_cardinality,matched-provisional,RCP-AIaaS/Qwen/Qwen3.5-397B-A17B,Qwen 3.5,5000,scale-x5000-k1,3,tier3/task7,3,5,succeeded,0.4178674948240165,True,0.33453416149068316,corrected_exact_rescore,rxnhaystack-human-1.6.0,105,0.0,2916393,102632,3019025,6117.544091882184,66.34036019816995,6258.931685639545,452.21484375,matched-qwen3.5-397b-tier3-task7-scale-x5000-k1-r03,2026-09-25T05:26:34.474699+00:00,jed19-accel-qwen-matched-accelerated-s13;jed19-qwen-swiss-s02;ground-truth:rxnhaystack-ground-truth-2026-09-25-v2;corrected-score-recovery:rxnhaystack-corrected-score-recovery-2026-09-25-v1
matched_cardinality,matched-provisional,RCP-AIaaS/Qwen/Qwen3.5-397B-A17B,Qwen 3.5,5000,scale-x5000-k1,3,tier3/task7,4,5,failed,,False,,affected_without_historical_score,rxnhaystack-human-1.6.0,,,,,,,,,,matched-qwen3.5-397b-tier3-task7-scale-x5000-k1-r04,2026-09-24T14:26:28.978808+00:00,jed19-accel-qwen-matched-accelerated-s14;jed19-qwen-swiss-s03
matched_cardinality,matched-provisional,RCP-AIaaS/Qwen/Qwen3.5-397B-A17B,Qwen 3.5,5000,scale-x5000-k1,3,tier3/task7,5,5,failed,,False,,affected_without_historical_score,rxnhaystack-human-1.6.0,,,,,,,,,,matched-qwen3.5-397b-tier3-task7-scale-x5000-k1-r05,2026-09-24T14:42:19.774018+00:00,jed19-accel-qwen-matched-accelerated-s15;jed19-qwen-swiss-s04
matched_cardinality,matched-provisional,RCP-AIaaS/Qwen/Qwen3.5-397B-A17B,Qwen 3.5,50000,scale-x50000-k1,3,tier3/task7,1,5,succeeded,,False,0.16171063829787233,historical_score_invalidated,rxnhaystack-human-1.6.0,76,0.0,1518663,64067,1582730,3812.8098651301116,170.12191728688776,3937.164754880592,573.390625,matched-qwen3.5-397b-tier3-task7-scale-x50000-k1-r01,2026-09-25T03:20:50.266685+00:00,jed19-accel-qwen-matched-accelerated-s16;jed19-qwen-swiss-s01;ground-truth:rxnhaystack-ground-truth-2026-09-25-v2
matched_cardinality,matched-provisional,RCP-AIaaS/Qwen/Qwen3.5-397B-A17B,Qwen 3.5,50000,scale-x50000-k1,3,tier3/task7,2,5,succeeded,,False,0.04165944384254243,historical_score_invalidated,rxnhaystack-human-1.6.0,80,0.0,1571000,49137,1620137,2488.8007501512766,286.7015670761466,2553.967022355646,537.1328125,matched-qwen3.5-397b-tier3-task7-scale-x50000-k1-r02,2026-09-25T06:09:08.993621+00:00,jed19-accel-qwen-matched-accelerated-s17;jed19-qwen-swiss-s02;ground-truth:rxnhaystack-ground-truth-2026-09-25-v2
matched_cardinality,matched-provisional,RCP-AIaaS/Qwen/Qwen3.5-397B-A17B,Qwen 3.5,50000,scale-x50000-k1,3,tier3/task7,3,5,failed,,False,,affected_without_historical_score,rxnhaystack-human-1.6.0,,,,,,,,,,matched-qwen3.5-397b-tier3-task7-scale-x50000-k1-r03,2026-09-24T14:33:53.594004+00:00,jed19-accel-qwen-matched-accelerated-s18;jed19-qwen-swiss-s03
matched_cardinality,matched-provisional,RCP-AIaaS/Qwen/Qwen3.5-397B-A17B,Qwen 3.5,50000,scale-x50000-k1,3,tier3/task7,4,5,succeeded,,False,0.14481146304675718,historical_score_invalidated,rxnhaystack-human-1.6.0,88,0.0,1978431,66665,2045096,4521.4203592110425,277.4458821043372,4530.589941414073,594.3046875,matched-qwen3.5-397b-tier3-task7-scale-x50000-k1-r04,2026-09-24T15:57:50.993302+00:00,jed19-accel-qwen-matched-accelerated-s19;jed19-qwen-swiss-s04;ground-truth:rxnhaystack-ground-truth-2026-09-25-v2
matched_cardinality,matched-provisional,RCP-AIaaS/Qwen/Qwen3.5-397B-A17B,Qwen 3.5,50000,scale-x50000-k1,3,tier3/task7,5,5,succeeded,,False,0.05779988944168048,historical_score_invalidated,rxnhaystack-human-1.6.0,79,0.0,1674773,76568,1751341,4717.6459381356835,284.6531327981502,4811.523302175105,513.2109375,matched-qwen3.5-397b-tier3-task7-scale-x50000-k1-r05,2026-09-25T04:41:03.926895+00:00,jed19-accel-qwen-matched-accelerated-s20;jed19-qwen-swiss-s01;ground-truth:rxnhaystack-ground-truth-2026-09-25-v2
matched_cardinality,matched-provisional,RCP-AIaaS/Qwen/Qwen3.5-397B-A17B,Qwen 3.5,full,scale-xfull-k1,3,tier3/task7,1,5,succeeded,,False,0.22808356676003733,historical_score_invalidated,rxnhaystack-human-1.6.0,94,0.0,2437199,94724,2531923,7050.953352106735,1002.1136199142784,7096.820103870705,767.484375,matched-qwen3.5-397b-tier3-task7-scale-xfull-k1-r01,2026-09-25T08:07:44.162667+00:00,jed19-accel-qwen-matched-accelerated-s01;jed19-qwen-swiss-s02;ground-truth:rxnhaystack-ground-truth-2026-09-25-v2
matched_cardinality,matched-provisional,RCP-AIaaS/Qwen/Qwen3.5-397B-A17B,Qwen 3.5,full,scale-xfull-k1,3,tier3/task7,2,5,failed,,False,,affected_without_historical_score,rxnhaystack-human-1.6.0,,,,,,,,,,matched-qwen3.5-397b-tier3-task7-scale-xfull-k1-r02,2026-09-24T14:41:48.839305+00:00,jed19-accel-qwen-matched-accelerated-s02;jed19-qwen-swiss-s03
matched_cardinality,matched-provisional,RCP-AIaaS/Qwen/Qwen3.5-397B-A17B,Qwen 3.5,full,scale-xfull-k1,3,tier3/task7,3,5,succeeded,,False,0.28827874012915294,historical_score_invalidated,rxnhaystack-human-1.6.0,99,0.0,2887391,94924,2982315,6252.174641573802,1017.4160003494471,6258.778336612508,897.09765625,matched-qwen3.5-397b-tier3-task7-scale-xfull-k1-r03,2026-09-24T17:42:10.360226+00:00,jed19-accel-qwen-matched-accelerated-s03;jed19-qwen-swiss-s04;ground-truth:rxnhaystack-ground-truth-2026-09-25-v2
matched_cardinality,matched-provisional,RCP-AIaaS/Qwen/Qwen3.5-397B-A17B,Qwen 3.5,full,scale-xfull-k1,3,tier3/task7,4,5,succeeded,,False,0.08077711427946235,historical_score_invalidated,rxnhaystack-human-1.6.0,109,0.0,3180453,100248,3280701,6324.6409076768905,1032.9111321866512,6467.234648967162,694.26953125,matched-qwen3.5-397b-tier3-task7-scale-xfull-k1-r04,2026-09-25T06:31:31.068613+00:00,jed19-accel-qwen-matched-accelerated-s04;jed19-qwen-swiss-s01;ground-truth:rxnhaystack-ground-truth-2026-09-25-v2
matched_cardinality,matched-provisional,RCP-AIaaS/Qwen/Qwen3.5-397B-A17B,Qwen 3.5,full,scale-xfull-k1,3,tier3/task7,5,5,succeeded,,False,0.18787148594377512,historical_score_invalidated,rxnhaystack-human-1.6.0,115,0.0,3768632,116828,3885460,7037.906404804438,1324.4193296898156,7045.874366020784,710.40234375,matched-qwen3.5-397b-tier3-task7-scale-xfull-k1-r05,2026-09-25T10:06:13.399804+00:00,jed19-accel-qwen-matched-accelerated-s05;jed19-qwen-swiss-s02;ground-truth:rxnhaystack-ground-truth-2026-09-25-v2
matched_cardinality,matched-provisional,RCP-AIaaS/Qwen/Qwen3.5-397B-A17B,Qwen 3.5,5000,cardinality-x5000-k20,3,tier3/task8,1,2,succeeded,0.6466833827216777,True,0.6466833827216777,not_affected,rxnhaystack-human-1.6.0,24,0.0,344328,17857,362185,1404.302326546982,8.372894212603569,1433.608992671594,389.0703125,matched-qwen3.5-397b-tier3-task8-cardinality-x5000-k20-r01,2026-09-24T15:06:35.144862+00:00,jed19-accel-qwen-matched-accelerated-s06;jed19-qwen-swiss-s03
matched_cardinality,matched-provisional,RCP-AIaaS/Qwen/Qwen3.5-397B-A17B,Qwen 3.5,5000,cardinality-x5000-k20,3,tier3/task8,2,2,succeeded,0.6452122854561879,True,0.6452122854561879,not_affected,rxnhaystack-human-1.6.0,22,0.0,284413,13638,298051,911.2724454384297,3.142762802541256,916.5259557534009,377.56640625,matched-qwen3.5-397b-tier3-task8-cardinality-x5000-k20-r02,2026-09-24T17:57:27.485110+00:00,jed19-accel-qwen-matched-accelerated-s07;jed19-qwen-swiss-s04
matched_cardinality,matched-provisional,RCP-AIaaS/Qwen/Qwen3.5-397B-A17B,Qwen 3.5,5000,cardinality-x5000-k20,3,tier3/task8,3,2,succeeded,0.6343566021867115,True,0.6343566021867115,not_affected,rxnhaystack-human-1.6.0,24,0.0,331858,13131,344989,1765.0816369261593,3.268000088632107,1843.9346131514758,383.78125,matched-qwen3.5-397b-tier3-task8-cardinality-x5000-k20-r03,2026-09-25T07:02:27.942471+00:00,jed19-accel-qwen-matched-accelerated-s08;jed19-qwen-swiss-s01
matched_cardinality,matched-provisional,RCP-AIaaS/Qwen/Qwen3.5-397B-A17B,Qwen 3.5,5000,cardinality-x5000-k20,3,tier3/task8,4,2,succeeded,0.2730981117793011,True,0.2730981117793011,not_affected,rxnhaystack-human-1.6.0,24,0.0,322964,11455,334419,507.8640010468662,3.51593173481524,548.3286186102778,378.8359375,matched-qwen3.5-397b-tier3-task8-cardinality-x5000-k20-r04,2026-09-25T10:16:21.736339+00:00,jed19-accel-qwen-matched-accelerated-s09;jed19-qwen-swiss-s02
matched_cardinality,matched-provisional,RCP-AIaaS/Qwen/Qwen3.5-397B-A17B,Qwen 3.5,5000,cardinality-x5000-k20,3,tier3/task8,5,2,succeeded,0.6381808178984045,True,0.6381808178984045,not_affected,rxnhaystack-human-1.6.0,38,0.0,783988,33115,817103,2019.919001545757,9.049753850325942,2091.4102755133063,397.7890625,matched-qwen3.5-397b-tier3-task8-cardinality-x5000-k20-r05,2026-09-24T15:42:05.019894+00:00,jed19-accel-qwen-matched-accelerated-s10;jed19-qwen-swiss-s03
matched_cardinality,matched-provisional,RCP-AIaaS/Qwen/Qwen3.5-397B-A17B,Qwen 3.5,5000,cardinality-x5000-k5,3,tier3/task8,1,2,succeeded,0.5180375180375181,True,0.5180375180375181,not_affected,rxnhaystack-human-1.6.0,39,0.0,1132897,40000,1172897,2477.0080585274845,19.056847183033824,2483.49026924558,396.3671875,matched-qwen3.5-397b-tier3-task8-cardinality-x5000-k5-r01,2026-09-24T18:38:51.722249+00:00,jed19-accel-qwen-matched-accelerated-s11;jed19-qwen-swiss-s04
matched_cardinality,matched-provisional,RCP-AIaaS/Qwen/Qwen3.5-397B-A17B,Qwen 3.5,5000,cardinality-x5000-k5,3,tier3/task8,2,2,succeeded,0.5016042780748663,True,0.5016042780748663,not_affected,rxnhaystack-human-1.6.0,23,0.0,334334,15080,349414,913.7451849300414,6.065833633765578,1055.5374588109553,381.6640625,matched-qwen3.5-397b-tier3-task8-cardinality-x5000-k5-r02,2026-09-25T07:21:51.656790+00:00,jed19-accel-qwen-matched-accelerated-s12;jed19-qwen-swiss-s01
matched_cardinality,matched-provisional,RCP-AIaaS/Qwen/Qwen3.5-397B-A17B,Qwen 3.5,5000,cardinality-x5000-k5,3,tier3/task8,3,2,succeeded,0.5125164690382081,True,0.5125164690382081,not_affected,rxnhaystack-human-1.6.0,25,0.0,377180,17854,395034,651.4518992714584,8.499685360118747,728.5565837528557,387.1640625,matched-qwen3.5-397b-tier3-task8-cardinality-x5000-k5-r03,2026-09-25T10:29:09.672374+00:00,jed19-accel-qwen-matched-accelerated-s13;jed19-qwen-swiss-s02
matched_cardinality,matched-provisional,RCP-AIaaS/Qwen/Qwen3.5-397B-A17B,Qwen 3.5,5000,cardinality-x5000-k5,3,tier3/task8,4,2,succeeded,0.45454545454545453,True,0.45454545454545453,not_affected,rxnhaystack-human-1.6.0,48,0.0,1447285,40688,1487973,2249.0498309135437,9.561961943283677,2295.2642871122807,395.07421875,matched-qwen3.5-397b-tier3-task8-cardinality-x5000-k5-r04,2026-09-24T16:21:07.137569+00:00,jed19-accel-qwen-matched-accelerated-s14;jed19-qwen-swiss-s03
matched_cardinality,matched-provisional,RCP-AIaaS/Qwen/Qwen3.5-397B-A17B,Qwen 3.5,5000,cardinality-x5000-k5,3,tier3/task8,5,2,succeeded,0.4890282131661442,True,0.4890282131661442,not_affected,rxnhaystack-human-1.6.0,31,0.0,617870,29494,647364,1926.231634447351,13.263978788629174,1932.7755861319602,373.859375,matched-qwen3.5-397b-tier3-task8-cardinality-x5000-k5-r05,2026-09-24T19:11:07.997063+00:00,jed19-accel-qwen-matched-accelerated-s15;jed19-qwen-swiss-s04
matched_cardinality,matched-provisional,RCP-AIaaS/Qwen/Qwen3.5-397B-A17B,Qwen 3.5,100,scale-x100-k1,3,tier3/task8,1,2,succeeded,1.0,True,1.0,not_affected,rxnhaystack-human-1.6.0,36,0.0,1131951,34376,1166327,1710.3016166929156,0.5013194866478443,1862.0303514767438,382.57421875,matched-qwen3.5-397b-tier3-task8-scale-x100-k1-r01,2026-09-25T07:52:54.200906+00:00,jed19-accel-qwen-matched-accelerated-s16;jed19-qwen-swiss-s01
matched_cardinality,matched-provisional,RCP-AIaaS/Qwen/Qwen3.5-397B-A17B,Qwen 3.5,100,scale-x100-k1,3,tier3/task8,2,2,failed,,False,,not_affected,rxnhaystack-human-1.6.0,,,,,,,,,,matched-qwen3.5-397b-tier3-task8-scale-x100-k1-r02,2026-09-25T10:37:35.284039+00:00,jed19-accel-qwen-matched-accelerated-s17;jed19-qwen-swiss-s02
matched_cardinality,matched-provisional,RCP-AIaaS/Qwen/Qwen3.5-397B-A17B,Qwen 3.5,100,scale-x100-k1,3,tier3/task8,3,2,succeeded,1.0,True,1.0,not_affected,rxnhaystack-human-1.6.0,40,0.0,1041248,36903,1078151,2151.6011382136494,0.4492345228791237,2159.0527599360794,367.89453125,matched-qwen3.5-397b-tier3-task8-scale-x100-k1-r03,2026-09-24T16:57:23.799661+00:00,jed19-qwen-swiss-s03
matched_cardinality,matched-provisional,RCP-AIaaS/Qwen/Qwen3.5-397B-A17B,Qwen 3.5,100,scale-x100-k1,3,tier3/task8,4,2,succeeded,1.0,True,1.0,not_affected,rxnhaystack-human-1.6.0,26,0.0,520483,18584,539067,1300.9104664791375,0.3514647167176008,1306.9313407260925,363.19921875,matched-qwen3.5-397b-tier3-task8-scale-x100-k1-r04,2026-09-24T19:32:55.567581+00:00,jed19-accel-qwen-matched-accelerated-s19;jed19-qwen-swiss-s04
matched_cardinality,matched-provisional,RCP-AIaaS/Qwen/Qwen3.5-397B-A17B,Qwen 3.5,100,scale-x100-k1,3,tier3/task8,5,2,succeeded,0.8333333333333333,True,0.8333333333333333,not_affected,rxnhaystack-human-1.6.0,42,0.0,1341407,33643,1375050,1697.6126027163118,0.5119582377374172,1777.9352022539824,380.8046875,matched-qwen3.5-397b-tier3-task8-scale-x100-k1-r05,2026-09-25T08:23:55.734563+00:00,jed19-accel-qwen-matched-accelerated-s20;jed19-qwen-swiss-s01
matched_cardinality,matched-provisional,RCP-AIaaS/Qwen/Qwen3.5-397B-A17B,Qwen 3.5,500,scale-x500-k1,3,tier3/task8,1,2,succeeded,0.55,True,0.55,not_affected,rxnhaystack-human-1.6.0,39,0.0,1096114,42085,1138199,1375.5543568301946,2.4219788685441017,1402.5987342428416,383.953125,matched-qwen3.5-397b-tier3-task8-scale-x500-k1-r01,2026-09-25T11:02:26.008609+00:00,jed19-accel-qwen-matched-accelerated-s01;jed19-qwen-swiss-s02
matched_cardinality,matched-provisional,RCP-AIaaS/Qwen/Qwen3.5-397B-A17B,Qwen 3.5,500,scale-x500-k1,3,tier3/task8,2,2,succeeded,0.3333333333333333,True,0.3333333333333333,not_affected,rxnhaystack-human-1.6.0,43,0.0,1482021,46385,1528406,2598.3850005362183,3.159090705215931,2674.2615098059177,394.6328125,matched-qwen3.5-397b-tier3-task8-scale-x500-k1-r02,2026-09-24T17:42:05.334712+00:00,jed19-accel-qwen-matched-accelerated-s02;jed19-qwen-swiss-s03
matched_cardinality,matched-provisional,RCP-AIaaS/Qwen/Qwen3.5-397B-A17B,Qwen 3.5,500,scale-x500-k1,3,tier3/task8,3,2,succeeded,0.8333333333333333,True,0.8333333333333333,not_affected,rxnhaystack-human-1.6.0,22,0.0,311280,19691,330971,1379.053113186732,1.5236798450350761,1386.6051819678396,369.4296875,matched-qwen3.5-397b-tier3-task8-scale-x500-k1-r03,2026-09-24T19:56:08.252740+00:00,jed19-accel-qwen-matched-accelerated-s03;jed19-qwen-swiss-s04
matched_cardinality,matched-provisional,RCP-AIaaS/Qwen/Qwen3.5-397B-A17B,Qwen 3.5,500,scale-x500-k1,3,tier3/task8,4,2,succeeded,0.8333333333333333,True,0.8333333333333333,not_affected,rxnhaystack-human-1.6.0,39,0.0,1175496,39179,1214675,1872.0843546893448,2.3414369095116854,1913.6084968913347,386.484375,matched-qwen3.5-397b-tier3-task8-scale-x500-k1-r04,2026-09-25T08:55:49.887415+00:00,jed19-accel-qwen-matched-accelerated-s04;jed19-qwen-swiss-s01
matched_cardinality,matched-provisional,RCP-AIaaS/Qwen/Qwen3.5-397B-A17B,Qwen 3.5,500,scale-x500-k1,3,tier3/task8,5,2,failed,,False,,not_affected,rxnhaystack-human-1.6.0,,,,,,,,,,matched-qwen3.5-397b-tier3-task8-scale-x500-k1-r05,2026-09-25T11:07:06.390439+00:00,jed19-accel-qwen-matched-accelerated-s05;jed19-qwen-swiss-s02
matched_cardinality,matched-provisional,RCP-AIaaS/Qwen/Qwen3.5-397B-A17B,Qwen 3.5,5000,scale-x5000-k1,3,tier3/task8,1,2,succeeded,0.4583333333333333,True,0.4583333333333333,not_affected,rxnhaystack-human-1.6.0,31,0.0,595280,23480,618760,1595.8115029223263,8.920723680406809,1603.19077520445,383.77734375,matched-qwen3.5-397b-tier3-task8-scale-x5000-k1-r01,2026-09-24T18:08:49.304323+00:00,jed19-accel-qwen-matched-accelerated-s06;jed19-qwen-swiss-s03
matched_cardinality,matched-provisional,RCP-AIaaS/Qwen/Qwen3.5-397B-A17B,Qwen 3.5,5000,scale-x5000-k1,3,tier3/task8,2,2,succeeded,0.0,True,0.0,not_affected,rxnhaystack-human-1.6.0,38,0.0,1032349,41753,1074102,2684.3514934554696,14.102270010858774,2700.245726034045,387.44921875,matched-qwen3.5-397b-tier3-task8-scale-x5000-k1-r02,2026-09-24T20:41:09.084905+00:00,jed19-accel-qwen-matched-accelerated-s07;jed19-qwen-swiss-s04
matched_cardinality,matched-provisional,RCP-AIaaS/Qwen/Qwen3.5-397B-A17B,Qwen 3.5,5000,scale-x5000-k1,3,tier3/task8,3,2,succeeded,0.3333333333333333,True,0.3333333333333333,not_affected,rxnhaystack-human-1.6.0,29,0.0,546784,24184,570968,1208.7607796695083,17.68076258338988,1238.8315592482686,388.39453125,matched-qwen3.5-397b-tier3-task8-scale-x5000-k1-r03,2026-09-25T09:16:33.549792+00:00,jed19-accel-qwen-matched-accelerated-s08;jed19-qwen-swiss-s01
matched_cardinality,matched-provisional,RCP-AIaaS/Qwen/Qwen3.5-397B-A17B,Qwen 3.5,5000,scale-x5000-k1,3,tier3/task8,4,2,succeeded,0.3333333333333333,True,0.3333333333333333,not_affected,rxnhaystack-human-1.6.0,35,0.0,715854,31535,747389,1062.0343952737749,9.7105916980654,1067.3058797549456,380.80078125,matched-qwen3.5-397b-tier3-task8-scale-x5000-k1-r04,2026-09-25T11:24:54.592522+00:00,jed19-accel-qwen-matched-accelerated-s09;jed19-qwen-swiss-s02
matched_cardinality,matched-provisional,RCP-AIaaS/Qwen/Qwen3.5-397B-A17B,Qwen 3.5,5000,scale-x5000-k1,3,tier3/task8,5,2,succeeded,0.019999999999999997,True,0.019999999999999997,not_affected,rxnhaystack-human-1.6.0,49,0.0,1442027,39979,1482006,2654.9194831270725,30.728460907936096,2725.236851774156,393.4453125,matched-qwen3.5-397b-tier3-task8-scale-x5000-k1-r05,2026-09-24T18:54:36.896903+00:00,jed19-accel-qwen-matched-accelerated-s10;jed19-qwen-swiss-s03
matched_cardinality,matched-provisional,RCP-AIaaS/Qwen/Qwen3.5-397B-A17B,Qwen 3.5,50000,scale-x50000-k1,3,tier3/task8,1,2,succeeded,0.00011452130096197893,True,0.00011452130096197893,not_affected,rxnhaystack-human-1.6.0,47,0.0,1077180,19416,1096596,1604.6682595480233,87.85413339361548,1683.0311987623572,484.03515625,matched-qwen3.5-397b-tier3-task8-scale-x50000-k1-r01,2026-09-24T21:09:28.995541+00:00,jed19-accel-qwen-matched-accelerated-s11;jed19-qwen-swiss-s04
matched_cardinality,matched-provisional,RCP-AIaaS/Qwen/Qwen3.5-397B-A17B,Qwen 3.5,50000,scale-x50000-k1,3,tier3/task8,2,2,succeeded,0.012499999999999999,True,0.012499999999999999,not_affected,rxnhaystack-human-1.6.0,37,0.0,921381,32897,954278,1841.008189221844,143.6812289059162,2026.429221238941,450.46875,matched-qwen3.5-397b-tier3-task8-scale-x50000-k1-r02,2026-09-25T09:50:54.547273+00:00,jed19-accel-qwen-matched-accelerated-s12;jed19-qwen-swiss-s01
matched_cardinality,matched-provisional,RCP-AIaaS/Qwen/Qwen3.5-397B-A17B,Qwen 3.5,50000,scale-x50000-k1,3,tier3/task8,3,2,succeeded,0.04340136054421768,True,0.04340136054421768,not_affected,rxnhaystack-human-1.6.0,36,0.0,738554,29235,767789,1013.0704986210912,27.942765295505524,1018.8822643253952,448.0234375,matched-qwen3.5-397b-tier3-task8-scale-x50000-k1-r03,2026-09-25T11:41:53.976651+00:00,jed19-accel-qwen-matched-accelerated-s13;jed19-qwen-swiss-s02
matched_cardinality,matched-provisional,RCP-AIaaS/Qwen/Qwen3.5-397B-A17B,Qwen 3.5,50000,scale-x50000-k1,3,tier3/task8,4,2,succeeded,0.038461538461538464,True,0.038461538461538464,not_affected,rxnhaystack-human-1.6.0,38,0.0,886663,41803,928466,2914.714277865365,208.35730379074812,3004.215172663331,463.66015625,matched-qwen3.5-397b-tier3-task8-scale-x50000-k1-r04,2026-09-24T19:44:41.826760+00:00,jed19-accel-qwen-matched-accelerated-s14;jed19-qwen-swiss-s03
matched_cardinality,matched-provisional,RCP-AIaaS/Qwen/Qwen3.5-397B-A17B,Qwen 3.5,50000,scale-x50000-k1,3,tier3/task8,5,2,succeeded,0.5135135135135135,True,0.5135135135135135,not_affected,rxnhaystack-human-1.6.0,30,0.0,542712,21859,564571,1605.6459777615964,185.0185288209468,1682.7156799919903,443.29296875,matched-qwen3.5-397b-tier3-task8-scale-x50000-k1-r05,2026-09-24T21:38:14.042982+00:00,jed19-accel-qwen-matched-accelerated-s15;jed19-qwen-swiss-s04
matched_cardinality,matched-provisional,RCP-AIaaS/Qwen/Qwen3.5-397B-A17B,Qwen 3.5,full,scale-xfull-k1,3,tier3/task8,1,2,succeeded,0.01639344262295082,True,0.01639344262295082,not_affected,rxnhaystack-human-1.6.0,52,0.0,1467709,25401,1493110,1406.7650904022157,148.58556790463626,1441.393707467243,551.34375,matched-qwen3.5-397b-tier3-task8-scale-xfull-k1-r01,2026-09-25T10:15:40.963667+00:00,jed19-accel-qwen-matched-accelerated-s16;jed19-qwen-swiss-s01
matched_cardinality,matched-provisional,RCP-AIaaS/Qwen/Qwen3.5-397B-A17B,Qwen 3.5,full,scale-xfull-k1,3,tier3/task8,2,2,succeeded,0.0,True,0.0,not_affected,rxnhaystack-human-1.6.0,62,0.0,1969870,46900,2016770,1976.1114613171667,453.9251614008099,1983.8174132183194,519.34375,matched-qwen3.5-397b-tier3-task8-scale-xfull-k1-r02,2026-09-25T12:15:00.869849+00:00,jed19-accel-qwen-matched-accelerated-s17;jed19-qwen-swiss-s02
matched_cardinality,matched-provisional,RCP-AIaaS/Qwen/Qwen3.5-397B-A17B,Qwen 3.5,full,scale-xfull-k1,3,tier3/task8,3,2,succeeded,0.017543859649122806,True,0.017543859649122806,not_affected,rxnhaystack-human-1.6.0,38,0.0,1184891,43583,1228474,3543.613382605836,752.3571934979409,3627.962121626362,872.54296875,matched-qwen3.5-397b-tier3-task8-scale-xfull-k1-r03,2026-09-24T20:45:16.734043+00:00,jed19-qwen-swiss-s03
matched_cardinality,matched-provisional,RCP-AIaaS/Qwen/Qwen3.5-397B-A17B,Qwen 3.5,full,scale-xfull-k1,3,tier3/task8,4,2,succeeded,0.0029154518950437313,True,0.0029154518950437313,not_affected,rxnhaystack-human-1.6.0,46,0.0,1369582,38092,1407674,2616.658416811377,408.19677357934415,2622.5254154559225,618.21875,matched-qwen3.5-397b-tier3-task8-scale-xfull-k1-r04,2026-09-24T22:21:57.069124+00:00,jed19-accel-qwen-matched-accelerated-s19;jed19-qwen-swiss-s04
matched_cardinality,matched-provisional,RCP-AIaaS/Qwen/Qwen3.5-397B-A17B,Qwen 3.5,full,scale-xfull-k1,3,tier3/task8,5,2,succeeded,0.0,True,0.0,not_affected,rxnhaystack-human-1.6.0,62,0.0,2880065,63857,2943922,3054.825394127518,827.256197752431,3075.5047575179487,887.375,matched-qwen3.5-397b-tier3-task8-scale-xfull-k1-r05,2026-09-25T11:08:16.113745+00:00,jed19-accel-qwen-matched-accelerated-s20;jed19-qwen-swiss-s01
matched_cardinality,matched-provisional,RCP-AIaaS/Qwen/Qwen3.5-397B-A17B,Qwen 3.5,5000,cardinality-x5000-k20,3,tier3/task9,1,4,succeeded,0.4688853948287911,True,0.4688853948287911,not_affected,rxnhaystack-human-1.6.0,73,0.0,1676732,52610,1729342,2138.1241387631744,17.93884370289743,2144.1120519787073,390.49609375,matched-qwen3.5-397b-tier3-task9-cardinality-x5000-k20-r01,2026-09-25T12:51:13.817274+00:00,jed19-accel-qwen-matched-accelerated-s01;jed19-qwen-swiss-s02
matched_cardinality,matched-provisional,RCP-AIaaS/Qwen/Qwen3.5-397B-A17B,Qwen 3.5,5000,cardinality-x5000-k20,3,tier3/task9,2,4,succeeded,0.45468572471081836,True,0.45468572471081836,not_affected,rxnhaystack-human-1.6.0,46,0.0,657342,36415,693757,2332.1711963415146,6.408196972683072,2358.81702901423,400.234375,matched-qwen3.5-397b-tier3-task9-cardinality-x5000-k20-r02,2026-09-24T21:24:36.072369+00:00,jed19-accel-qwen-matched-accelerated-s02;jed19-qwen-swiss-s03
matched_cardinality,matched-provisional,RCP-AIaaS/Qwen/Qwen3.5-397B-A17B,Qwen 3.5,5000,cardinality-x5000-k20,3,tier3/task9,3,4,succeeded,0.5410802211913093,True,0.5410802211913093,not_affected,rxnhaystack-human-1.6.0,64,0.0,1398459,55610,1454069,3311.1872236207128,18.89654310233891,3317.275385644287,378.8359375,matched-qwen3.5-397b-tier3-task9-cardinality-x5000-k20-r03,2026-09-24T23:17:14.889665+00:00,jed19-accel-qwen-matched-accelerated-s03;jed19-qwen-swiss-s04
matched_cardinality,matched-provisional,RCP-AIaaS/Qwen/Qwen3.5-397B-A17B,Qwen 3.5,5000,cardinality-x5000-k20,3,tier3/task9,4,4,succeeded,0.5561371100164204,True,0.5561371100164204,not_affected,rxnhaystack-human-1.6.0,60,0.0,1148410,45195,1193605,1586.2416508290917,9.75142728164792,1591.8654825687408,385.703125,matched-qwen3.5-397b-tier3-task9-cardinality-x5000-k20-r04,2026-09-25T11:34:48.503754+00:00,jed19-accel-qwen-matched-accelerated-s04;jed19-qwen-swiss-s01
matched_cardinality,matched-provisional,RCP-AIaaS/Qwen/Qwen3.5-397B-A17B,Qwen 3.5,5000,cardinality-x5000-k20,3,tier3/task9,5,4,succeeded,0.3878135451505017,True,0.3878135451505017,not_affected,rxnhaystack-human-1.6.0,48,0.0,654097,38233,692330,1573.4698019493371,5.563105348497629,1650.183582212776,396.58203125,matched-qwen3.5-397b-tier3-task9-cardinality-x5000-k20-r05,2026-09-25T13:18:47.868513+00:00,jed19-accel-qwen-matched-accelerated-s05;jed19-qwen-swiss-s02
matched_cardinality,matched-provisional,RCP-AIaaS/Qwen/Qwen3.5-397B-A17B,Qwen 3.5,5000,cardinality-x5000-k5,3,tier3/task9,1,4,succeeded,0.48956326268465,True,0.48956326268465,not_affected,rxnhaystack-human-1.6.0,52,0.0,763093,35839,798932,2277.935896579176,5.873008772730827,2341.6013020854443,396.33984375,matched-qwen3.5-397b-tier3-task9-cardinality-x5000-k5-r01,2026-09-24T22:03:46.479503+00:00,jed19-accel-qwen-matched-accelerated-s06;jed19-qwen-swiss-s03
matched_cardinality,matched-provisional,RCP-AIaaS/Qwen/Qwen3.5-397B-A17B,Qwen 3.5,5000,cardinality-x5000-k5,3,tier3/task9,2,4,succeeded,0.21113283954035716,True,0.21113283954035716,not_affected,rxnhaystack-human-1.6.0,60,0.0,1385661,56055,1441716,3333.591940222308,24.764616569504142,3352.4938390292227,407.171875,matched-qwen3.5-397b-tier3-task9-cardinality-x5000-k5-r02,2026-09-25T00:14:26.393743+00:00,jed19-accel-qwen-matched-accelerated-s07;jed19-qwen-swiss-s04
matched_cardinality,matched-provisional,RCP-AIaaS/Qwen/Qwen3.5-397B-A17B,Qwen 3.5,5000,cardinality-x5000-k5,3,tier3/task9,3,4,succeeded,0.6006551518761168,True,0.6006551518761168,not_affected,rxnhaystack-human-1.6.0,62,0.0,1302210,51531,1353741,1561.382170137018,12.557127300649881,1567.4765273481607,384.65234375,matched-qwen3.5-397b-tier3-task9-cardinality-x5000-k5-r03,2026-09-25T12:00:58.415467+00:00,jed19-accel-qwen-matched-accelerated-s08;jed19-qwen-swiss-s01
matched_cardinality,matched-provisional,RCP-AIaaS/Qwen/Qwen3.5-397B-A17B,Qwen 3.5,5000,cardinality-x5000-k5,3,tier3/task9,4,4,succeeded,0.5178898075656692,True,0.5178898075656692,not_affected,rxnhaystack-human-1.6.0,50,0.0,837034,35771,872805,1487.263582047075,9.350222336128354,1496.0086424201727,394.70703125,matched-qwen3.5-397b-tier3-task9-cardinality-x5000-k5-r04,2026-09-25T13:43:48.489722+00:00,jed19-accel-qwen-matched-accelerated-s09;jed19-qwen-swiss-s02
matched_cardinality,matched-provisional,RCP-AIaaS/Qwen/Qwen3.5-397B-A17B,Qwen 3.5,5000,cardinality-x5000-k5,3,tier3/task9,5,4,failed,,False,,not_affected,rxnhaystack-human-1.6.0,,,,,,,,,,matched-qwen3.5-397b-tier3-task9-cardinality-x5000-k5-r05,2026-09-24T22:58:38.191187+00:00,jed19-accel-qwen-matched-accelerated-s10;jed19-qwen-swiss-s03
matched_cardinality,matched-provisional,RCP-AIaaS/Qwen/Qwen3.5-397B-A17B,Qwen 3.5,100,scale-x100-k1,3,tier3/task9,1,4,failed,,False,,not_affected,rxnhaystack-human-1.6.0,,,,,,,,,,matched-qwen3.5-397b-tier3-task9-scale-x100-k1-r01,2026-09-25T00:20:05.230822+00:00,jed19-accel-qwen-matched-accelerated-s11;jed19-qwen-swiss-s04
matched_cardinality,matched-provisional,RCP-AIaaS/Qwen/Qwen3.5-397B-A17B,Qwen 3.5,100,scale-x100-k1,3,tier3/task9,2,4,failed,,False,,not_affected,rxnhaystack-human-1.6.0,,,,,,,,,,matched-qwen3.5-397b-tier3-task9-scale-x100-k1-r02,2026-09-25T12:11:45.151678+00:00,jed19-accel-qwen-matched-accelerated-s12;jed19-qwen-swiss-s01
matched_cardinality,matched-provisional,RCP-AIaaS/Qwen/Qwen3.5-397B-A17B,Qwen 3.5,100,scale-x100-k1,3,tier3/task9,3,4,succeeded,0.8214285714285714,True,0.8214285714285714,not_affected,rxnhaystack-human-1.6.0,59,0.0,1418617,44027,1462644,2002.6650086957961,0.535296143963933,2010.099622035399,374.234375,matched-qwen3.5-397b-tier3-task9-scale-x100-k1-r03,2026-09-25T14:18:45.478039+00:00,jed19-accel-qwen-matched-accelerated-s13;jed19-qwen-swiss-s02
matched_cardinality,matched-provisional,RCP-AIaaS/Qwen/Qwen3.5-397B-A17B,Qwen 3.5,100,scale-x100-k1,3,tier3/task9,4,4,succeeded,0.8214285714285714,True,0.8214285714285714,not_affected,rxnhaystack-human-1.6.0,49,0.0,798642,35139,833781,2154.3457903992385,0.3424370065331459,2274.959796246141,383.12109375,matched-qwen3.5-397b-tier3-task9-scale-x100-k1-r04,2026-09-24T23:36:33.730245+00:00,jed19-accel-qwen-matched-accelerated-s14;jed19-qwen-swiss-s03
matched_cardinality,matched-provisional,RCP-AIaaS/Qwen/Qwen3.5-397B-A17B,Qwen 3.5,100,scale-x100-k1,3,tier3/task9,5,4,succeeded,0.738095238095238,True,0.738095238095238,not_affected,rxnhaystack-human-1.6.0,47,0.0,1057454,36456,1093910,2312.242634907365,0.3582061789929867,2402.1878669988364,373.9921875,matched-qwen3.5-397b-tier3-task9-scale-x100-k1-r05,2026-09-25T01:02:24.386469+00:00,jed19-accel-qwen-matched-accelerated-s15;jed19-qwen-swiss-s04
matched_cardinality,matched-provisional,RCP-AIaaS/Qwen/Qwen3.5-397B-A17B,Qwen 3.5,500,scale-x500-k1,3,tier3/task9,1,4,failed,,False,,not_affected,rxnhaystack-human-1.6.0,,,,,,,,,,matched-qwen3.5-397b-tier3-task9-scale-x500-k1-r01,2026-09-25T12:35:18.588138+00:00,jed19-accel-qwen-matched-accelerated-s16;jed19-qwen-swiss-s01
matched_cardinality,matched-provisional,RCP-AIaaS/Qwen/Qwen3.5-397B-A17B,Qwen 3.5,500,scale-x500-k1,3,tier3/task9,2,4,succeeded,0.8333333333333333,True,0.8333333333333333,not_affected,rxnhaystack-human-1.6.0,61,0.0,1210130,56832,1266962,2158.809632712975,2.1632020231336355,2164.9323856793344,369.2734375,matched-qwen3.5-397b-tier3-task9-scale-x500-k1-r02,2026-09-25T14:54:51.118357+00:00,jed19-accel-qwen-matched-accelerated-s17;jed19-qwen-swiss-s02
matched_cardinality,matched-provisional,RCP-AIaaS/Qwen/Qwen3.5-397B-A17B,Qwen 3.5,500,scale-x500-k1,3,tier3/task9,3,4,succeeded,0.5662878787878787,True,0.5662878787878787,not_affected,rxnhaystack-human-1.6.0,54,0.0,870630,48351,918981,2861.2266648337245,1.4847439881414175,2914.685545703396,389.76171875,matched-qwen3.5-397b-tier3-task9-scale-x500-k1-r03,2026-09-25T00:27:28.278058+00:00,jed19-qwen-swiss-s03
matched_cardinality,matched-provisional,RCP-AIaaS/Qwen/Qwen3.5-397B-A17B,Qwen 3.5,500,scale-x500-k1,3,tier3/task9,4,4,succeeded,0.5647773279352226,True,0.5647773279352226,not_affected,rxnhaystack-human-1.6.0,67,0.0,1635206,50450,1685656,3205.735132779926,2.813171435147524,3260.0877341739833,395.74609375,matched-qwen3.5-397b-tier3-task9-scale-x500-k1-r04,2026-09-25T01:57:33.515801+00:00,jed19-accel-qwen-matched-accelerated-s19;jed19-qwen-swiss-s04
matched_cardinality,matched-provisional,RCP-AIaaS/Qwen/Qwen3.5-397B-A17B,Qwen 3.5,500,scale-x500-k1,3,tier3/task9,5,4,succeeded,0.7051282051282051,True,0.7051282051282051,not_affected,rxnhaystack-human-1.6.0,66,0.0,1408450,51447,1459897,2121.081934345886,2.231684785336256,2128.3207374960184,372.0703125,matched-qwen3.5-397b-tier3-task9-scale-x500-k1-r05,2026-09-25T13:10:50.739385+00:00,jed19-accel-qwen-matched-accelerated-s20;jed19-qwen-swiss-s01
matched_cardinality,matched-provisional,RCP-AIaaS/Qwen/Qwen3.5-397B-A17B,Qwen 3.5,5000,scale-x5000-k1,3,tier3/task9,1,4,succeeded,0.5353822314049587,True,0.5353822314049587,not_affected,rxnhaystack-human-1.6.0,64,0.0,1487401,65407,1552808,2304.173662884161,24.258065508678555,2310.2737789079547,405.8828125,matched-qwen3.5-397b-tier3-task9-scale-x5000-k1-r01,2026-09-25T15:33:22.277913+00:00,jed19-accel-qwen-matched-accelerated-s01;jed19-qwen-swiss-s02
matched_cardinality,matched-provisional,RCP-AIaaS/Qwen/Qwen3.5-397B-A17B,Qwen 3.5,5000,scale-x5000-k1,3,tier3/task9,2,4,succeeded,0.3262676018548038,True,0.3262676018548038,not_affected,rxnhaystack-human-1.6.0,67,0.0,1561850,73350,1635200,4355.979860143736,23.967826932668686,4363.2699941284955,381.296875,matched-qwen3.5-397b-tier3-task9-scale-x5000-k1-r02,2026-09-25T01:41:04.548123+00:00,jed19-accel-qwen-matched-accelerated-s02;jed19-qwen-swiss-s03
matched_cardinality,matched-provisional,RCP-AIaaS/Qwen/Qwen3.5-397B-A17B,Qwen 3.5,5000,scale-x5000-k1,3,tier3/task9,3,4,succeeded,0.3654100529100529,True,0.3654100529100529,not_affected,rxnhaystack-human-1.6.0,64,0.0,1480188,65439,1545627,3813.4707486834377,15.768520664423704,3896.688357062638,395.82421875,matched-qwen3.5-397b-tier3-task9-scale-x5000-k1-r03,2026-09-25T03:03:53.222472+00:00,jed19-accel-qwen-matched-accelerated-s03;jed19-qwen-swiss-s04
matched_cardinality,matched-provisional,RCP-AIaaS/Qwen/Qwen3.5-397B-A17B,Qwen 3.5,5000,scale-x5000-k1,3,tier3/task9,4,4,succeeded,0.5077825670498084,True,0.5077825670498084,not_affected,rxnhaystack-human-1.6.0,68,0.0,1466042,71963,1538005,2947.9710983168334,11.456802189350128,2956.33897379227,382.55078125,matched-qwen3.5-397b-tier3-task9-scale-x5000-k1-r04,2026-09-25T14:00:17.506232+00:00,jed19-accel-qwen-matched-accelerated-s04;jed19-qwen-swiss-s01
matched_cardinality,matched-provisional,RCP-AIaaS/Qwen/Qwen3.5-397B-A17B,Qwen 3.5,5000,scale-x5000-k1,3,tier3/task9,5,4,failed,,False,,not_affected,rxnhaystack-human-1.6.0,,,,,,,,,,matched-qwen3.5-397b-tier3-task9-scale-x5000-k1-r05,2026-09-25T15:40:22.832591+00:00,jed19-accel-qwen-matched-accelerated-s05;jed19-qwen-swiss-s02
matched_cardinality,matched-provisional,RCP-AIaaS/Qwen/Qwen3.5-397B-A17B,Qwen 3.5,50000,scale-x50000-k1,3,tier3/task9,1,4,succeeded,0.30150602409638555,True,0.30150602409638555,not_affected,rxnhaystack-human-1.6.0,69,0.0,1650097,56390,1706487,3398.2207672465593,142.82835573144257,3506.5585065241903,512.08984375,matched-qwen3.5-397b-tier3-task9-scale-x50000-k1-r01,2026-09-25T02:40:45.901735+00:00,jed19-accel-qwen-matched-accelerated-s06;jed19-qwen-swiss-s03
matched_cardinality,matched-provisional,RCP-AIaaS/Qwen/Qwen3.5-397B-A17B,Qwen 3.5,50000,scale-x50000-k1,3,tier3/task9,2,4,succeeded,0.08792209611881742,True,0.08792209611881742,not_affected,rxnhaystack-human-1.6.0,65,0.0,1451773,62437,1514210,3930.9816094115376,166.69002514518797,4034.7686356939375,514.2578125,matched-qwen3.5-397b-tier3-task9-scale-x50000-k1-r02,2026-09-25T04:11:36.344758+00:00,jed19-accel-qwen-matched-accelerated-s07;jed19-qwen-swiss-s04
matched_cardinality,matched-provisional,RCP-AIaaS/Qwen/Qwen3.5-397B-A17B,Qwen 3.5,50000,scale-x50000-k1,3,tier3/task9,3,4,succeeded,0.10367319564688161,True,0.10367319564688161,not_affected,rxnhaystack-human-1.6.0,62,0.0,1437895,46428,1484323,1954.4062545187771,54.22320498339832,1960.8323855455965,502.453125,matched-qwen3.5-397b-tier3-task9-scale-x50000-k1-r03,2026-09-25T14:32:58.968136+00:00,jed19-accel-qwen-matched-accelerated-s08;jed19-qwen-swiss-s01
matched_cardinality,matched-provisional,RCP-AIaaS/Qwen/Qwen3.5-397B-A17B,Qwen 3.5,50000,scale-x50000-k1,3,tier3/task9,4,4,succeeded,0.017258575074385895,True,0.017258575074385895,not_affected,rxnhaystack-human-1.6.0,70,0.0,1640787,84206,1724993,2652.3339706156403,61.52930738963187,2658.1073008272797,487.890625,matched-qwen3.5-397b-tier3-task9-scale-x50000-k1-r04,2026-09-25T16:24:41.694497+00:00,jed19-accel-qwen-matched-accelerated-s09;jed19-qwen-swiss-s02
matched_cardinality,matched-provisional,RCP-AIaaS/Qwen/Qwen3.5-397B-A17B,Qwen 3.5,50000,scale-x50000-k1,3,tier3/task9,5,4,succeeded,0.0004901891596952494,True,0.0004901891596952494,not_affected,rxnhaystack-human-1.6.0,70,0.0,1705697,78568,1784265,4862.031551230699,227.5699601471424,4899.8588778134435,537.703125,matched-qwen3.5-397b-tier3-task9-scale-x50000-k1-r05,2026-09-25T04:02:57.346920+00:00,jed19-accel-qwen-matched-accelerated-s10;jed19-qwen-swiss-s03
matched_cardinality,matched-provisional,RCP-AIaaS/Qwen/Qwen3.5-397B-A17B,Qwen 3.5,full,scale-xfull-k1,3,tier3/task9,1,4,succeeded,0.017443063182847787,True,0.017443063182847787,not_affected,rxnhaystack-human-1.6.0,68,0.0,1586613,62228,1648841,4019.0413800347596,332.6302403844893,4080.8398437481374,636.54296875,matched-qwen3.5-397b-tier3-task9-scale-xfull-k1-r01,2026-09-25T05:23:22.686840+00:00,jed19-accel-qwen-matched-accelerated-s11;jed19-qwen-swiss-s04
matched_cardinality,matched-provisional,RCP-AIaaS/Qwen/Qwen3.5-397B-A17B,Qwen 3.5,full,scale-xfull-k1,3,tier3/task9,2,4,succeeded,8.909479686386316e-05,True,8.909479686386316e-05,not_affected,rxnhaystack-human-1.6.0,69,0.0,1826504,59904,1886408,2678.337504612282,376.2228491567075,2684.4065143987536,651.81640625,matched-qwen3.5-397b-tier3-task9-scale-xfull-k1-r02,2026-09-25T15:17:44.463229+00:00,jed19-accel-qwen-matched-accelerated-s12;jed19-qwen-swiss-s01
matched_cardinality,matched-provisional,RCP-AIaaS/Qwen/Qwen3.5-397B-A17B,Qwen 3.5,full,scale-xfull-k1,3,tier3/task9,3,4,failed,,False,,not_affected,rxnhaystack-human-1.6.0,,,,,,,,,,matched-qwen3.5-397b-tier3-task9-scale-xfull-k1-r03,2026-09-25T16:30:35.457357+00:00,jed19-accel-qwen-matched-accelerated-s13;jed19-qwen-swiss-s02
matched_cardinality,matched-provisional,RCP-AIaaS/Qwen/Qwen3.5-397B-A17B,Qwen 3.5,full,scale-xfull-k1,3,tier3/task9,4,4,succeeded,0.10021373373252578,True,0.10021373373252578,not_affected,rxnhaystack-human-1.6.0,74,0.0,1637930,53626,1691556,3673.9135697819293,373.7236938588321,3690.436526913196,741.02734375,matched-qwen3.5-397b-tier3-task9-scale-xfull-k1-r04,2026-09-25T05:04:28.377072+00:00,jed19-accel-qwen-matched-accelerated-s14;jed19-qwen-swiss-s03
matched_cardinality,matched-provisional,RCP-AIaaS/Qwen/Qwen3.5-397B-A17B,Qwen 3.5,full,scale-xfull-k1,3,tier3/task9,5,4,succeeded,0.020119189511323,True,0.020119189511323,not_affected,rxnhaystack-human-1.6.0,85,0.0,2671453,71607,2743060,3343.0960587468,393.841658283025,3411.6676279287785,665.66796875,matched-qwen3.5-397b-tier3-task9-scale-xfull-k1-r05,2026-09-25T06:21:16.013703+00:00,jed19-accel-qwen-matched-accelerated-s15;jed19-qwen-swiss-s04
